[     861ms] [INFO] %cDownload the React DevTools for a better development experience: https://react.dev/link/react-devtools font-weight:bold @ http://localhost:3000/_next/static/chunks/node_modules_next_dist_1ybzpk2._.js:2489
[     929ms] [LOG] [HMR] connected @ http://localhost:3000/_next/static/chunks/node_modules_next_dist_1ybzpk2._.js:2489
[    7827ms] [LOG] [Fast Refresh] rebuilding @ http://localhost:3000/_next/static/chunks/node_modules_next_dist_1ybzpk2._.js:2489
[    7896ms] [LOG] [Fast Refresh] done in 183ms @ http://localhost:3000/_next/static/chunks/node_modules_next_dist_1ybzpk2._.js:2489
[   34073ms] [LOG] [Fast Refresh] rebuilding @ http://localhost:3000/_next/static/chunks/node_modules_next_dist_1ybzpk2._.js:2489
[   36728ms] [ERROR] ./src/app/hero-carousel.tsx:67:7
Expression expected
  65 |     <ul className="hero-joy-strip" aria-label="Made with care">
  66 |       {["Made from scratch", "A little extra love", "Never just a cak...
> 67 |     </>
     |       ^
  68 |   );
  69 | }
  70 |

Parsing ecmascript source code failed

Import trace:
  Server Component:
    ./src/app/hero-carousel.tsx
    ./src/app/page.tsx @ http://localhost:3000/_next/static/chunks/node_modules_next_dist_1ybzpk2._.js:3330
[   36891ms] [LOG] [Fast Refresh] rebuilding @ http://localhost:3000/_next/static/chunks/node_modules_next_dist_1ybzpk2._.js:2489
[   38389ms] [ERROR] ./src/app/hero-carousel.tsx:67:7
Expression expected
  65 |     <ul className="hero-joy-strip" aria-label="Made with care">
  66 |       {["Made from scratch", "A little extra love", "Never just a cak...
> 67 |     </>
     |       ^
  68 |   );
  69 | }
  70 |

Parsing ecmascript source code failed

Import trace:
  Server Component:
    ./src/app/hero-carousel.tsx
    ./src/app/page.tsx @ http://localhost:3000/_next/static/chunks/node_modules_next_dist_1ybzpk2._.js:3330
[   38495ms] [LOG] [Fast Refresh] rebuilding @ http://localhost:3000/_next/static/chunks/node_modules_next_dist_1ybzpk2._.js:2489
[   38543ms] [ERROR] ./src/app/hero-carousel.tsx:67:7
Expression expected
  65 |     <ul className="hero-joy-strip" aria-label="Made with care">
  66 |       {["Made from scratch", "A little extra love", "Never just a cak...
> 67 |     </>
     |       ^
  68 |   );
  69 | }
  70 |

Parsing ecmascript source code failed

Import trace:
  Server Component:
    ./src/app/hero-carousel.tsx
    ./src/app/page.tsx @ http://localhost:3000/_next/static/chunks/node_modules_next_dist_1ybzpk2._.js:3330
[   38657ms] [LOG] [Fast Refresh] rebuilding @ http://localhost:3000/_next/static/chunks/node_modules_next_dist_1ybzpk2._.js:2489
[   39825ms] [ERROR] Failed to load resource: the server responded with a status of 500 (Internal Server Error) @ http://localhost:3000/?_rsc=q3mOO9BClNZHexY7:0
[   39839ms] [ERROR] ./src/app/hero-carousel.tsx:67:7
Expression expected
  65 |     <ul className="hero-joy-strip" aria-label="Made with care">
  66 |       {["Made from scratch", "A little extra love", "Never just a cak...
> 67 |     </>
     |       ^
  68 |   );
  69 | }
  70 |

Parsing ecmascript source code failed

Import trace:
  Server Component:
    ./src/app/hero-carousel.tsx
    ./src/app/page.tsx @ http://localhost:3000/_next/static/chunks/node_modules_next_dist_1ybzpk2._.js:3330
[   39890ms] [ERROR] ./src/app/hero-carousel.tsx:67:7
Expression expected
  65 |     <ul className="hero-joy-strip" aria-label="Made with care">
  66 |       {["Made from scratch", "A little extra love", "Never just a cak...
> 67 |     </>
     |       ^
  68 |   );
  69 | }
  70 |

Parsing ecmascript source code failed

Import trace:
  Server Component:
    ./src/app/hero-carousel.tsx
    ./src/app/page.tsx @ http://localhost:3000/_next/static/chunks/node_modules_next_dist_1ybzpk2._.js:3330
[   39994ms] [LOG] [Fast Refresh] rebuilding @ http://localhost:3000/_next/static/chunks/node_modules_next_dist_1ybzpk2._.js:2489
[   40029ms] [ERROR] Failed to load resource: the server responded with a status of 500 (Internal Server Error) @ http://localhost:3000/?_rsc=q3mOO9BClNZHexY7:0
[   40034ms] [ERROR] ./src/app/hero-carousel.tsx:67:7
Expression expected
  65 |     <ul className="hero-joy-strip" aria-label="Made with care">
  66 |       {["Made from scratch", "A little extra love", "Never just a cak...
> 67 |     </>
     |       ^
  68 |   );
  69 | }
  70 |

Parsing ecmascript source code failed

Import trace:
  Server Component:
    ./src/app/hero-carousel.tsx
    ./src/app/page.tsx @ http://localhost:3000/_next/static/chunks/node_modules_next_dist_1ybzpk2._.js:3330
[   40041ms] [ERROR] Failed to load resource: the server responded with a status of 500 (Internal Server Error) @ http://localhost:3000/:0
[   40192ms] [INFO] %cDownload the React DevTools for a better development experience: https://react.dev/link/react-devtools font-weight:bold @ http://localhost:3000/_next/static/chunks/node_modules_react-dom_0kla17-._.js:15305
[   40263ms] Error: ./src/app/hero-carousel.tsx:67:7
Expression expected
  65 |     <ul className="hero-joy-strip" aria-label="Made with care">
  66 |       {["Made from scratch", "A little extra love", "Never just a cak...
> 67 |     </>
     |       ^
  68 |   );
  69 | }
  70 |

Parsing ecmascript source code failed

Import trace:
  Server Component:
    ./src/app/hero-carousel.tsx
    ./src/app/page.tsx


    at <unknown> (Error: ./src/app/hero-carousel.tsx:67:7)
    at Object.getCompilationErrors (file://E:\Websites\akara\node_modules\next\dist\server\dev\hot-reloader-turbopack.js:1186:59)
    at DevBundlerService.getCompilationError (file://E:\Websites\akara\node_modules\next\dist\server\lib\dev-bundler-service.js:44:55)
    at DevServer.getCompilationError (file://E:\Websites\akara\node_modules\next\dist\server\dev\next-dev-server.js:720:42)
    at DevServer.findPageComponents (file://E:\Websites\akara\node_modules\next\dist\server\dev\next-dev-server.js:690:43)
    at async DevServer.renderErrorToResponseImpl (file://E:\Websites\akara\node_modules\next\dist\server\base-server.js:1753:26)
[   40264ms] [LOG] [HMR] connected @ http://localhost:3000/_next/static/chunks/node_modules_next_dist_1gdrd03._.js:1226
[   40269ms] [ERROR] ./src/app/hero-carousel.tsx:67:7
Expression expected
  65 |     <ul className="hero-joy-strip" aria-label="Made with care">
  66 |       {["Made from scratch", "A little extra love", "Never just a cak...
> 67 |     </>
     |       ^
  68 |   );
  69 | }
  70 |

Parsing ecmascript source code failed

Import trace:
  Server Component:
    ./src/app/hero-carousel.tsx
    ./src/app/page.tsx @ http://localhost:3000/_next/static/chunks/node_modules_next_dist_1gdrd03._.js:1945
[   40295ms] [ERROR] Failed to load resource: the server responded with a status of 404 (Not Found) @ http://localhost:3000/favicon.ico:0
[   40339ms] [ERROR] ./src/app/hero-carousel.tsx:67:7
Expression expected
  65 |     <ul className="hero-joy-strip" aria-label="Made with care">
  66 |       {["Made from scratch", "A little extra love", "Never just a cak...
> 67 |     </>
     |       ^
  68 |   );
  69 | }
  70 |

Parsing ecmascript source code failed

Import trace:
  Server Component:
    ./src/app/hero-carousel.tsx
    ./src/app/page.tsx @ http://localhost:3000/_next/static/chunks/node_modules_next_dist_1gdrd03._.js:1945
[   40381ms] [ERROR] ./src/app/hero-carousel.tsx:67:7
Expression expected
  65 |     <ul className="hero-joy-strip" aria-label="Made with care">
  66 |       {["Made from scratch", "A little extra love", "Never just a cak...
> 67 |     </>
     |       ^
  68 |   );
  69 | }
  70 |

Parsing ecmascript source code failed

Import trace:
  Server Component:
    ./src/app/hero-carousel.tsx
    ./src/app/page.tsx @ http://localhost:3000/_next/static/chunks/node_modules_next_dist_1gdrd03._.js:1945
[   40431ms] [ERROR] ./src/app/hero-carousel.tsx:67:7
Expression expected
  65 |     <ul className="hero-joy-strip" aria-label="Made with care">
  66 |       {["Made from scratch", "A little extra love", "Never just a cak...
> 67 |     </>
     |       ^
  68 |   );
  69 | }
  70 |

Parsing ecmascript source code failed

Import trace:
  Server Component:
    ./src/app/hero-carousel.tsx
    ./src/app/page.tsx @ http://localhost:3000/_next/static/chunks/node_modules_next_dist_1gdrd03._.js:1945
[   40480ms] [ERROR] ./src/app/hero-carousel.tsx:67:7
Expression expected
  65 |     <ul className="hero-joy-strip" aria-label="Made with care">
  66 |       {["Made from scratch", "A little extra love", "Never just a cak...
> 67 |     </>
     |       ^
  68 |   );
  69 | }
  70 |

Parsing ecmascript source code failed

Import trace:
  Server Component:
    ./src/app/hero-carousel.tsx
    ./src/app/page.tsx @ http://localhost:3000/_next/static/chunks/node_modules_next_dist_1gdrd03._.js:1945
[   40530ms] [ERROR] ./src/app/hero-carousel.tsx:67:7
Expression expected
  65 |     <ul className="hero-joy-strip" aria-label="Made with care">
  66 |       {["Made from scratch", "A little extra love", "Never just a cak...
> 67 |     </>
     |       ^
  68 |   );
  69 | }
  70 |

Parsing ecmascript source code failed

Import trace:
  Server Component:
    ./src/app/hero-carousel.tsx
    ./src/app/page.tsx @ http://localhost:3000/_next/static/chunks/node_modules_next_dist_1gdrd03._.js:1945
[   40595ms] [ERROR] ./src/app/hero-carousel.tsx:67:7
Expression expected
  65 |     <ul className="hero-joy-strip" aria-label="Made with care">
  66 |       {["Made from scratch", "A little extra love", "Never just a cak...
> 67 |     </>
     |       ^
  68 |   );
  69 | }
  70 |

Parsing ecmascript source code failed

Import trace:
  Server Component:
    ./src/app/hero-carousel.tsx
    ./src/app/page.tsx @ http://localhost:3000/_next/static/chunks/node_modules_next_dist_1gdrd03._.js:1945
[   40660ms] [ERROR] ./src/app/hero-carousel.tsx:67:7
Expression expected
  65 |     <ul className="hero-joy-strip" aria-label="Made with care">
  66 |       {["Made from scratch", "A little extra love", "Never just a cak...
> 67 |     </>
     |       ^
  68 |   );
  69 | }
  70 |

Parsing ecmascript source code failed

Import trace:
  Server Component:
    ./src/app/hero-carousel.tsx
    ./src/app/page.tsx @ http://localhost:3000/_next/static/chunks/node_modules_next_dist_1gdrd03._.js:1945
[   40722ms] [ERROR] ./src/app/hero-carousel.tsx:67:7
Expression expected
  65 |     <ul className="hero-joy-strip" aria-label="Made with care">
  66 |       {["Made from scratch", "A little extra love", "Never just a cak...
> 67 |     </>
     |       ^
  68 |   );
  69 | }
  70 |

Parsing ecmascript source code failed

Import trace:
  Server Component:
    ./src/app/hero-carousel.tsx
    ./src/app/page.tsx @ http://localhost:3000/_next/static/chunks/node_modules_next_dist_1gdrd03._.js:1945
[   40777ms] [ERROR] ./src/app/hero-carousel.tsx:67:7
Expression expected
  65 |     <ul className="hero-joy-strip" aria-label="Made with care">
  66 |       {["Made from scratch", "A little extra love", "Never just a cak...
> 67 |     </>
     |       ^
  68 |   );
  69 | }
  70 |

Parsing ecmascript source code failed

Import trace:
  Server Component:
    ./src/app/hero-carousel.tsx
    ./src/app/page.tsx @ http://localhost:3000/_next/static/chunks/node_modules_next_dist_1gdrd03._.js:1945
[   40827ms] [ERROR] ./src/app/hero-carousel.tsx:67:7
Expression expected
  65 |     <ul className="hero-joy-strip" aria-label="Made with care">
  66 |       {["Made from scratch", "A little extra love", "Never just a cak...
> 67 |     </>
     |       ^
  68 |   );
  69 | }
  70 |

Parsing ecmascript source code failed

Import trace:
  Server Component:
    ./src/app/hero-carousel.tsx
    ./src/app/page.tsx @ http://localhost:3000/_next/static/chunks/node_modules_next_dist_1gdrd03._.js:1945
[   40888ms] [ERROR] ./src/app/hero-carousel.tsx:67:7
Expression expected
  65 |     <ul className="hero-joy-strip" aria-label="Made with care">
  66 |       {["Made from scratch", "A little extra love", "Never just a cak...
> 67 |     </>
     |       ^
  68 |   );
  69 | }
  70 |

Parsing ecmascript source code failed

Import trace:
  Server Component:
    ./src/app/hero-carousel.tsx
    ./src/app/page.tsx @ http://localhost:3000/_next/static/chunks/node_modules_next_dist_1gdrd03._.js:1945
[   40960ms] [ERROR] ./src/app/hero-carousel.tsx:67:7
Expression expected
  65 |     <ul className="hero-joy-strip" aria-label="Made with care">
  66 |       {["Made from scratch", "A little extra love", "Never just a cak...
> 67 |     </>
     |       ^
  68 |   );
  69 | }
  70 |

Parsing ecmascript source code failed

Import trace:
  Server Component:
    ./src/app/hero-carousel.tsx
    ./src/app/page.tsx @ http://localhost:3000/_next/static/chunks/node_modules_next_dist_1gdrd03._.js:1945
[   41011ms] [ERROR] ./src/app/hero-carousel.tsx:67:7
Expression expected
  65 |     <ul className="hero-joy-strip" aria-label="Made with care">
  66 |       {["Made from scratch", "A little extra love", "Never just a cak...
> 67 |     </>
     |       ^
  68 |   );
  69 | }
  70 |

Parsing ecmascript source code failed

Import trace:
  Server Component:
    ./src/app/hero-carousel.tsx
    ./src/app/page.tsx @ http://localhost:3000/_next/static/chunks/node_modules_next_dist_1gdrd03._.js:1945
[   41075ms] [ERROR] ./src/app/hero-carousel.tsx:67:7
Expression expected
  65 |     <ul className="hero-joy-strip" aria-label="Made with care">
  66 |       {["Made from scratch", "A little extra love", "Never just a cak...
> 67 |     </>
     |       ^
  68 |   );
  69 | }
  70 |

Parsing ecmascript source code failed

Import trace:
  Server Component:
    ./src/app/hero-carousel.tsx
    ./src/app/page.tsx @ http://localhost:3000/_next/static/chunks/node_modules_next_dist_1gdrd03._.js:1945
[   41137ms] [ERROR] ./src/app/hero-carousel.tsx:67:7
Expression expected
  65 |     <ul className="hero-joy-strip" aria-label="Made with care">
  66 |       {["Made from scratch", "A little extra love", "Never just a cak...
> 67 |     </>
     |       ^
  68 |   );
  69 | }
  70 |

Parsing ecmascript source code failed

Import trace:
  Server Component:
    ./src/app/hero-carousel.tsx
    ./src/app/page.tsx @ http://localhost:3000/_next/static/chunks/node_modules_next_dist_1gdrd03._.js:1945
[   41193ms] [ERROR] ./src/app/hero-carousel.tsx:67:7
Expression expected
  65 |     <ul className="hero-joy-strip" aria-label="Made with care">
  66 |       {["Made from scratch", "A little extra love", "Never just a cak...
> 67 |     </>
     |       ^
  68 |   );
  69 | }
  70 |

Parsing ecmascript source code failed

Import trace:
  Server Component:
    ./src/app/hero-carousel.tsx
    ./src/app/page.tsx @ http://localhost:3000/_next/static/chunks/node_modules_next_dist_1gdrd03._.js:1945
[   41245ms] [ERROR] ./src/app/hero-carousel.tsx:67:7
Expression expected
  65 |     <ul className="hero-joy-strip" aria-label="Made with care">
  66 |       {["Made from scratch", "A little extra love", "Never just a cak...
> 67 |     </>
     |       ^
  68 |   );
  69 | }
  70 |

Parsing ecmascript source code failed

Import trace:
  Server Component:
    ./src/app/hero-carousel.tsx
    ./src/app/page.tsx @ http://localhost:3000/_next/static/chunks/node_modules_next_dist_1gdrd03._.js:1945
[   41295ms] [ERROR] ./src/app/hero-carousel.tsx:67:7
Expression expected
  65 |     <ul className="hero-joy-strip" aria-label="Made with care">
  66 |       {["Made from scratch", "A little extra love", "Never just a cak...
> 67 |     </>
     |       ^
  68 |   );
  69 | }
  70 |

Parsing ecmascript source code failed

Import trace:
  Server Component:
    ./src/app/hero-carousel.tsx
    ./src/app/page.tsx @ http://localhost:3000/_next/static/chunks/node_modules_next_dist_1gdrd03._.js:1945
[   41360ms] [ERROR] ./src/app/hero-carousel.tsx:67:7
Expression expected
  65 |     <ul className="hero-joy-strip" aria-label="Made with care">
  66 |       {["Made from scratch", "A little extra love", "Never just a cak...
> 67 |     </>
     |       ^
  68 |   );
  69 | }
  70 |

Parsing ecmascript source code failed

Import trace:
  Server Component:
    ./src/app/hero-carousel.tsx
    ./src/app/page.tsx @ http://localhost:3000/_next/static/chunks/node_modules_next_dist_1gdrd03._.js:1945
[   41424ms] [ERROR] ./src/app/hero-carousel.tsx:67:7
Expression expected
  65 |     <ul className="hero-joy-strip" aria-label="Made with care">
  66 |       {["Made from scratch", "A little extra love", "Never just a cak...
> 67 |     </>
     |       ^
  68 |   );
  69 | }
  70 |

Parsing ecmascript source code failed

Import trace:
  Server Component:
    ./src/app/hero-carousel.tsx
    ./src/app/page.tsx @ http://localhost:3000/_next/static/chunks/node_modules_next_dist_1gdrd03._.js:1945
[   41480ms] [ERROR] ./src/app/hero-carousel.tsx:67:7
Expression expected
  65 |     <ul className="hero-joy-strip" aria-label="Made with care">
  66 |       {["Made from scratch", "A little extra love", "Never just a cak...
> 67 |     </>
     |       ^
  68 |   );
  69 | }
  70 |

Parsing ecmascript source code failed

Import trace:
  Server Component:
    ./src/app/hero-carousel.tsx
    ./src/app/page.tsx @ http://localhost:3000/_next/static/chunks/node_modules_next_dist_1gdrd03._.js:1945
[   41545ms] [ERROR] ./src/app/hero-carousel.tsx:67:7
Expression expected
  65 |     <ul className="hero-joy-strip" aria-label="Made with care">
  66 |       {["Made from scratch", "A little extra love", "Never just a cak...
> 67 |     </>
     |       ^
  68 |   );
  69 | }
  70 |

Parsing ecmascript source code failed

Import trace:
  Server Component:
    ./src/app/hero-carousel.tsx
    ./src/app/page.tsx @ http://localhost:3000/_next/static/chunks/node_modules_next_dist_1gdrd03._.js:1945
[   41609ms] [ERROR] ./src/app/hero-carousel.tsx:67:7
Expression expected
  65 |     <ul className="hero-joy-strip" aria-label="Made with care">
  66 |       {["Made from scratch", "A little extra love", "Never just a cak...
> 67 |     </>
     |       ^
  68 |   );
  69 | }
  70 |

Parsing ecmascript source code failed

Import trace:
  Server Component:
    ./src/app/hero-carousel.tsx
    ./src/app/page.tsx @ http://localhost:3000/_next/static/chunks/node_modules_next_dist_1gdrd03._.js:1945
[   41661ms] [ERROR] ./src/app/hero-carousel.tsx:67:7
Expression expected
  65 |     <ul className="hero-joy-strip" aria-label="Made with care">
  66 |       {["Made from scratch", "A little extra love", "Never just a cak...
> 67 |     </>
     |       ^
  68 |   );
  69 | }
  70 |

Parsing ecmascript source code failed

Import trace:
  Server Component:
    ./src/app/hero-carousel.tsx
    ./src/app/page.tsx @ http://localhost:3000/_next/static/chunks/node_modules_next_dist_1gdrd03._.js:1945
[   41725ms] [ERROR] ./src/app/hero-carousel.tsx:67:7
Expression expected
  65 |     <ul className="hero-joy-strip" aria-label="Made with care">
  66 |       {["Made from scratch", "A little extra love", "Never just a cak...
> 67 |     </>
     |       ^
  68 |   );
  69 | }
  70 |

Parsing ecmascript source code failed

Import trace:
  Server Component:
    ./src/app/hero-carousel.tsx
    ./src/app/page.tsx @ http://localhost:3000/_next/static/chunks/node_modules_next_dist_1gdrd03._.js:1945
[   41791ms] [ERROR] ./src/app/hero-carousel.tsx:67:7
Expression expected
  65 |     <ul className="hero-joy-strip" aria-label="Made with care">
  66 |       {["Made from scratch", "A little extra love", "Never just a cak...
> 67 |     </>
     |       ^
  68 |   );
  69 | }
  70 |

Parsing ecmascript source code failed

Import trace:
  Server Component:
    ./src/app/hero-carousel.tsx
    ./src/app/page.tsx @ http://localhost:3000/_next/static/chunks/node_modules_next_dist_1gdrd03._.js:1945
[   41844ms] [ERROR] ./src/app/hero-carousel.tsx:67:7
Expression expected
  65 |     <ul className="hero-joy-strip" aria-label="Made with care">
  66 |       {["Made from scratch", "A little extra love", "Never just a cak...
> 67 |     </>
     |       ^
  68 |   );
  69 | }
  70 |

Parsing ecmascript source code failed

Import trace:
  Server Component:
    ./src/app/hero-carousel.tsx
    ./src/app/page.tsx @ http://localhost:3000/_next/static/chunks/node_modules_next_dist_1gdrd03._.js:1945
[   41909ms] [ERROR] ./src/app/hero-carousel.tsx:67:7
Expression expected
  65 |     <ul className="hero-joy-strip" aria-label="Made with care">
  66 |       {["Made from scratch", "A little extra love", "Never just a cak...
> 67 |     </>
     |       ^
  68 |   );
  69 | }
  70 |

Parsing ecmascript source code failed

Import trace:
  Server Component:
    ./src/app/hero-carousel.tsx
    ./src/app/page.tsx @ http://localhost:3000/_next/static/chunks/node_modules_next_dist_1gdrd03._.js:1945
[   41972ms] [ERROR] ./src/app/hero-carousel.tsx:67:7
Expression expected
  65 |     <ul className="hero-joy-strip" aria-label="Made with care">
  66 |       {["Made from scratch", "A little extra love", "Never just a cak...
> 67 |     </>
     |       ^
  68 |   );
  69 | }
  70 |

Parsing ecmascript source code failed

Import trace:
  Server Component:
    ./src/app/hero-carousel.tsx
    ./src/app/page.tsx @ http://localhost:3000/_next/static/chunks/node_modules_next_dist_1gdrd03._.js:1945
[   42023ms] [ERROR] ./src/app/hero-carousel.tsx:67:7
Expression expected
  65 |     <ul className="hero-joy-strip" aria-label="Made with care">
  66 |       {["Made from scratch", "A little extra love", "Never just a cak...
> 67 |     </>
     |       ^
  68 |   );
  69 | }
  70 |

Parsing ecmascript source code failed

Import trace:
  Server Component:
    ./src/app/hero-carousel.tsx
    ./src/app/page.tsx @ http://localhost:3000/_next/static/chunks/node_modules_next_dist_1gdrd03._.js:1945
[   42072ms] [ERROR] ./src/app/hero-carousel.tsx:67:7
Expression expected
  65 |     <ul className="hero-joy-strip" aria-label="Made with care">
  66 |       {["Made from scratch", "A little extra love", "Never just a cak...
> 67 |     </>
     |       ^
  68 |   );
  69 | }
  70 |

Parsing ecmascript source code failed

Import trace:
  Server Component:
    ./src/app/hero-carousel.tsx
    ./src/app/page.tsx @ http://localhost:3000/_next/static/chunks/node_modules_next_dist_1gdrd03._.js:1945
[   42111ms] [ERROR] ./src/app/hero-carousel.tsx:67:7
Expression expected
  65 |     <ul className="hero-joy-strip" aria-label="Made with care">
  66 |       {["Made from scratch", "A little extra love", "Never just a cak...
> 67 |     </>
     |       ^
  68 |   );
  69 | }
  70 |

Parsing ecmascript source code failed

Import trace:
  Server Component:
    ./src/app/hero-carousel.tsx
    ./src/app/page.tsx @ http://localhost:3000/_next/static/chunks/node_modules_next_dist_1gdrd03._.js:1945
[   42183ms] [ERROR] ./src/app/hero-carousel.tsx:67:7
Expression expected
  65 |     <ul className="hero-joy-strip" aria-label="Made with care">
  66 |       {["Made from scratch", "A little extra love", "Never just a cak...
> 67 |     </>
     |       ^
  68 |   );
  69 | }
  70 |

Parsing ecmascript source code failed

Import trace:
  Server Component:
    ./src/app/hero-carousel.tsx
    ./src/app/page.tsx @ http://localhost:3000/_next/static/chunks/node_modules_next_dist_1gdrd03._.js:1945
[   42242ms] [ERROR] ./src/app/hero-carousel.tsx:67:7
Expression expected
  65 |     <ul className="hero-joy-strip" aria-label="Made with care">
  66 |       {["Made from scratch", "A little extra love", "Never just a cak...
> 67 |     </>
     |       ^
  68 |   );
  69 | }
  70 |

Parsing ecmascript source code failed

Import trace:
  Server Component:
    ./src/app/hero-carousel.tsx
    ./src/app/page.tsx @ http://localhost:3000/_next/static/chunks/node_modules_next_dist_1gdrd03._.js:1945
[   42293ms] [ERROR] ./src/app/hero-carousel.tsx:67:7
Expression expected
  65 |     <ul className="hero-joy-strip" aria-label="Made with care">
  66 |       {["Made from scratch", "A little extra love", "Never just a cak...
> 67 |     </>
     |       ^
  68 |   );
  69 | }
  70 |

Parsing ecmascript source code failed

Import trace:
  Server Component:
    ./src/app/hero-carousel.tsx
    ./src/app/page.tsx @ http://localhost:3000/_next/static/chunks/node_modules_next_dist_1gdrd03._.js:1945
[   42360ms] [ERROR] ./src/app/hero-carousel.tsx:67:7
Expression expected
  65 |     <ul className="hero-joy-strip" aria-label="Made with care">
  66 |       {["Made from scratch", "A little extra love", "Never just a cak...
> 67 |     </>
     |       ^
  68 |   );
  69 | }
  70 |

Parsing ecmascript source code failed

Import trace:
  Server Component:
    ./src/app/hero-carousel.tsx
    ./src/app/page.tsx @ http://localhost:3000/_next/static/chunks/node_modules_next_dist_1gdrd03._.js:1945
[   42425ms] [ERROR] ./src/app/hero-carousel.tsx:67:7
Expression expected
  65 |     <ul className="hero-joy-strip" aria-label="Made with care">
  66 |       {["Made from scratch", "A little extra love", "Never just a cak...
> 67 |     </>
     |       ^
  68 |   );
  69 | }
  70 |

Parsing ecmascript source code failed

Import trace:
  Server Component:
    ./src/app/hero-carousel.tsx
    ./src/app/page.tsx @ http://localhost:3000/_next/static/chunks/node_modules_next_dist_1gdrd03._.js:1945
[   42487ms] [ERROR] ./src/app/hero-carousel.tsx:67:7
Expression expected
  65 |     <ul className="hero-joy-strip" aria-label="Made with care">
  66 |       {["Made from scratch", "A little extra love", "Never just a cak...
> 67 |     </>
     |       ^
  68 |   );
  69 | }
  70 |

Parsing ecmascript source code failed

Import trace:
  Server Component:
    ./src/app/hero-carousel.tsx
    ./src/app/page.tsx @ http://localhost:3000/_next/static/chunks/node_modules_next_dist_1gdrd03._.js:1945
[   42560ms] [ERROR] ./src/app/hero-carousel.tsx:67:7
Expression expected
  65 |     <ul className="hero-joy-strip" aria-label="Made with care">
  66 |       {["Made from scratch", "A little extra love", "Never just a cak...
> 67 |     </>
     |       ^
  68 |   );
  69 | }
  70 |

Parsing ecmascript source code failed

Import trace:
  Server Component:
    ./src/app/hero-carousel.tsx
    ./src/app/page.tsx @ http://localhost:3000/_next/static/chunks/node_modules_next_dist_1gdrd03._.js:1945
[   42621ms] [ERROR] ./src/app/hero-carousel.tsx:67:7
Expression expected
  65 |     <ul className="hero-joy-strip" aria-label="Made with care">
  66 |       {["Made from scratch", "A little extra love", "Never just a cak...
> 67 |     </>
     |       ^
  68 |   );
  69 | }
  70 |

Parsing ecmascript source code failed

Import trace:
  Server Component:
    ./src/app/hero-carousel.tsx
    ./src/app/page.tsx @ http://localhost:3000/_next/static/chunks/node_modules_next_dist_1gdrd03._.js:1945
[   42677ms] [ERROR] ./src/app/hero-carousel.tsx:67:7
Expression expected
  65 |     <ul className="hero-joy-strip" aria-label="Made with care">
  66 |       {["Made from scratch", "A little extra love", "Never just a cak...
> 67 |     </>
     |       ^
  68 |   );
  69 | }
  70 |

Parsing ecmascript source code failed

Import trace:
  Server Component:
    ./src/app/hero-carousel.tsx
    ./src/app/page.tsx @ http://localhost:3000/_next/static/chunks/node_modules_next_dist_1gdrd03._.js:1945
[   42726ms] [ERROR] ./src/app/hero-carousel.tsx:67:7
Expression expected
  65 |     <ul className="hero-joy-strip" aria-label="Made with care">
  66 |       {["Made from scratch", "A little extra love", "Never just a cak...
> 67 |     </>
     |       ^
  68 |   );
  69 | }
  70 |

Parsing ecmascript source code failed

Import trace:
  Server Component:
    ./src/app/hero-carousel.tsx
    ./src/app/page.tsx @ http://localhost:3000/_next/static/chunks/node_modules_next_dist_1gdrd03._.js:1945
[   42775ms] [ERROR] ./src/app/hero-carousel.tsx:67:7
Expression expected
  65 |     <ul className="hero-joy-strip" aria-label="Made with care">
  66 |       {["Made from scratch", "A little extra love", "Never just a cak...
> 67 |     </>
     |       ^
  68 |   );
  69 | }
  70 |

Parsing ecmascript source code failed

Import trace:
  Server Component:
    ./src/app/hero-carousel.tsx
    ./src/app/page.tsx @ http://localhost:3000/_next/static/chunks/node_modules_next_dist_1gdrd03._.js:1945
[   42841ms] [ERROR] ./src/app/hero-carousel.tsx:67:7
Expression expected
  65 |     <ul className="hero-joy-strip" aria-label="Made with care">
  66 |       {["Made from scratch", "A little extra love", "Never just a cak...
> 67 |     </>
     |       ^
  68 |   );
  69 | }
  70 |

Parsing ecmascript source code failed

Import trace:
  Server Component:
    ./src/app/hero-carousel.tsx
    ./src/app/page.tsx @ http://localhost:3000/_next/static/chunks/node_modules_next_dist_1gdrd03._.js:1945
[   42894ms] [ERROR] ./src/app/hero-carousel.tsx:67:7
Expression expected
  65 |     <ul className="hero-joy-strip" aria-label="Made with care">
  66 |       {["Made from scratch", "A little extra love", "Never just a cak...
> 67 |     </>
     |       ^
  68 |   );
  69 | }
  70 |

Parsing ecmascript source code failed

Import trace:
  Server Component:
    ./src/app/hero-carousel.tsx
    ./src/app/page.tsx @ http://localhost:3000/_next/static/chunks/node_modules_next_dist_1gdrd03._.js:1945
[   42943ms] [ERROR] ./src/app/hero-carousel.tsx:67:7
Expression expected
  65 |     <ul className="hero-joy-strip" aria-label="Made with care">
  66 |       {["Made from scratch", "A little extra love", "Never just a cak...
> 67 |     </>
     |       ^
  68 |   );
  69 | }
  70 |

Parsing ecmascript source code failed

Import trace:
  Server Component:
    ./src/app/hero-carousel.tsx
    ./src/app/page.tsx @ http://localhost:3000/_next/static/chunks/node_modules_next_dist_1gdrd03._.js:1945
[   43010ms] [ERROR] ./src/app/hero-carousel.tsx:67:7
Expression expected
  65 |     <ul className="hero-joy-strip" aria-label="Made with care">
  66 |       {["Made from scratch", "A little extra love", "Never just a cak...
> 67 |     </>
     |       ^
  68 |   );
  69 | }
  70 |

Parsing ecmascript source code failed

Import trace:
  Server Component:
    ./src/app/hero-carousel.tsx
    ./src/app/page.tsx @ http://localhost:3000/_next/static/chunks/node_modules_next_dist_1gdrd03._.js:1945
[   43062ms] [ERROR] ./src/app/hero-carousel.tsx:67:7
Expression expected
  65 |     <ul className="hero-joy-strip" aria-label="Made with care">
  66 |       {["Made from scratch", "A little extra love", "Never just a cak...
> 67 |     </>
     |       ^
  68 |   );
  69 | }
  70 |

Parsing ecmascript source code failed

Import trace:
  Server Component:
    ./src/app/hero-carousel.tsx
    ./src/app/page.tsx @ http://localhost:3000/_next/static/chunks/node_modules_next_dist_1gdrd03._.js:1945
[   43128ms] [ERROR] ./src/app/hero-carousel.tsx:67:7
Expression expected
  65 |     <ul className="hero-joy-strip" aria-label="Made with care">
  66 |       {["Made from scratch", "A little extra love", "Never just a cak...
> 67 |     </>
     |       ^
  68 |   );
  69 | }
  70 |

Parsing ecmascript source code failed

Import trace:
  Server Component:
    ./src/app/hero-carousel.tsx
    ./src/app/page.tsx @ http://localhost:3000/_next/static/chunks/node_modules_next_dist_1gdrd03._.js:1945
[   43177ms] [ERROR] ./src/app/hero-carousel.tsx:67:7
Expression expected
  65 |     <ul className="hero-joy-strip" aria-label="Made with care">
  66 |       {["Made from scratch", "A little extra love", "Never just a cak...
> 67 |     </>
     |       ^
  68 |   );
  69 | }
  70 |

Parsing ecmascript source code failed

Import trace:
  Server Component:
    ./src/app/hero-carousel.tsx
    ./src/app/page.tsx @ http://localhost:3000/_next/static/chunks/node_modules_next_dist_1gdrd03._.js:1945
[   43235ms] [ERROR] ./src/app/hero-carousel.tsx:67:7
Expression expected
  65 |     <ul className="hero-joy-strip" aria-label="Made with care">
  66 |       {["Made from scratch", "A little extra love", "Never just a cak...
> 67 |     </>
     |       ^
  68 |   );
  69 | }
  70 |

Parsing ecmascript source code failed

Import trace:
  Server Component:
    ./src/app/hero-carousel.tsx
    ./src/app/page.tsx @ http://localhost:3000/_next/static/chunks/node_modules_next_dist_1gdrd03._.js:1945
[   43293ms] [ERROR] ./src/app/hero-carousel.tsx:67:7
Expression expected
  65 |     <ul className="hero-joy-strip" aria-label="Made with care">
  66 |       {["Made from scratch", "A little extra love", "Never just a cak...
> 67 |     </>
     |       ^
  68 |   );
  69 | }
  70 |

Parsing ecmascript source code failed

Import trace:
  Server Component:
    ./src/app/hero-carousel.tsx
    ./src/app/page.tsx @ http://localhost:3000/_next/static/chunks/node_modules_next_dist_1gdrd03._.js:1945
[   43343ms] [ERROR] ./src/app/hero-carousel.tsx:67:7
Expression expected
  65 |     <ul className="hero-joy-strip" aria-label="Made with care">
  66 |       {["Made from scratch", "A little extra love", "Never just a cak...
> 67 |     </>
     |       ^
  68 |   );
  69 | }
  70 |

Parsing ecmascript source code failed

Import trace:
  Server Component:
    ./src/app/hero-carousel.tsx
    ./src/app/page.tsx @ http://localhost:3000/_next/static/chunks/node_modules_next_dist_1gdrd03._.js:1945
[   43402ms] [ERROR] ./src/app/hero-carousel.tsx:67:7
Expression expected
  65 |     <ul className="hero-joy-strip" aria-label="Made with care">
  66 |       {["Made from scratch", "A little extra love", "Never just a cak...
> 67 |     </>
     |       ^
  68 |   );
  69 | }
  70 |

Parsing ecmascript source code failed

Import trace:
  Server Component:
    ./src/app/hero-carousel.tsx
    ./src/app/page.tsx @ http://localhost:3000/_next/static/chunks/node_modules_next_dist_1gdrd03._.js:1945
[   43448ms] [ERROR] ./src/app/hero-carousel.tsx:67:7
Expression expected
  65 |     <ul className="hero-joy-strip" aria-label="Made with care">
  66 |       {["Made from scratch", "A little extra love", "Never just a cak...
> 67 |     </>
     |       ^
  68 |   );
  69 | }
  70 |

Parsing ecmascript source code failed

Import trace:
  Server Component:
    ./src/app/hero-carousel.tsx
    ./src/app/page.tsx @ http://localhost:3000/_next/static/chunks/node_modules_next_dist_1gdrd03._.js:1945
[   43527ms] [ERROR] ./src/app/hero-carousel.tsx:67:7
Expression expected
  65 |     <ul className="hero-joy-strip" aria-label="Made with care">
  66 |       {["Made from scratch", "A little extra love", "Never just a cak...
> 67 |     </>
     |       ^
  68 |   );
  69 | }
  70 |

Parsing ecmascript source code failed

Import trace:
  Server Component:
    ./src/app/hero-carousel.tsx
    ./src/app/page.tsx @ http://localhost:3000/_next/static/chunks/node_modules_next_dist_1gdrd03._.js:1945
[   43591ms] [ERROR] ./src/app/hero-carousel.tsx:67:7
Expression expected
  65 |     <ul className="hero-joy-strip" aria-label="Made with care">
  66 |       {["Made from scratch", "A little extra love", "Never just a cak...
> 67 |     </>
     |       ^
  68 |   );
  69 | }
  70 |

Parsing ecmascript source code failed

Import trace:
  Server Component:
    ./src/app/hero-carousel.tsx
    ./src/app/page.tsx @ http://localhost:3000/_next/static/chunks/node_modules_next_dist_1gdrd03._.js:1945
[   43644ms] [ERROR] ./src/app/hero-carousel.tsx:67:7
Expression expected
  65 |     <ul className="hero-joy-strip" aria-label="Made with care">
  66 |       {["Made from scratch", "A little extra love", "Never just a cak...
> 67 |     </>
     |       ^
  68 |   );
  69 | }
  70 |

Parsing ecmascript source code failed

Import trace:
  Server Component:
    ./src/app/hero-carousel.tsx
    ./src/app/page.tsx @ http://localhost:3000/_next/static/chunks/node_modules_next_dist_1gdrd03._.js:1945
[   43695ms] [ERROR] ./src/app/hero-carousel.tsx:67:7
Expression expected
  65 |     <ul className="hero-joy-strip" aria-label="Made with care">
  66 |       {["Made from scratch", "A little extra love", "Never just a cak...
> 67 |     </>
     |       ^
  68 |   );
  69 | }
  70 |

Parsing ecmascript source code failed

Import trace:
  Server Component:
    ./src/app/hero-carousel.tsx
    ./src/app/page.tsx @ http://localhost:3000/_next/static/chunks/node_modules_next_dist_1gdrd03._.js:1945
[   43759ms] [ERROR] ./src/app/hero-carousel.tsx:67:7
Expression expected
  65 |     <ul className="hero-joy-strip" aria-label="Made with care">
  66 |       {["Made from scratch", "A little extra love", "Never just a cak...
> 67 |     </>
     |       ^
  68 |   );
  69 | }
  70 |

Parsing ecmascript source code failed

Import trace:
  Server Component:
    ./src/app/hero-carousel.tsx
    ./src/app/page.tsx @ http://localhost:3000/_next/static/chunks/node_modules_next_dist_1gdrd03._.js:1945
[   43821ms] [ERROR] ./src/app/hero-carousel.tsx:67:7
Expression expected
  65 |     <ul className="hero-joy-strip" aria-label="Made with care">
  66 |       {["Made from scratch", "A little extra love", "Never just a cak...
> 67 |     </>
     |       ^
  68 |   );
  69 | }
  70 |

Parsing ecmascript source code failed

Import trace:
  Server Component:
    ./src/app/hero-carousel.tsx
    ./src/app/page.tsx @ http://localhost:3000/_next/static/chunks/node_modules_next_dist_1gdrd03._.js:1945
[   43886ms] [ERROR] ./src/app/hero-carousel.tsx:67:7
Expression expected
  65 |     <ul className="hero-joy-strip" aria-label="Made with care">
  66 |       {["Made from scratch", "A little extra love", "Never just a cak...
> 67 |     </>
     |       ^
  68 |   );
  69 | }
  70 |

Parsing ecmascript source code failed

Import trace:
  Server Component:
    ./src/app/hero-carousel.tsx
    ./src/app/page.tsx @ http://localhost:3000/_next/static/chunks/node_modules_next_dist_1gdrd03._.js:1945
[   43950ms] [ERROR] ./src/app/hero-carousel.tsx:67:7
Expression expected
  65 |     <ul className="hero-joy-strip" aria-label="Made with care">
  66 |       {["Made from scratch", "A little extra love", "Never just a cak...
> 67 |     </>
     |       ^
  68 |   );
  69 | }
  70 |

Parsing ecmascript source code failed

Import trace:
  Server Component:
    ./src/app/hero-carousel.tsx
    ./src/app/page.tsx @ http://localhost:3000/_next/static/chunks/node_modules_next_dist_1gdrd03._.js:1945
[   44027ms] [ERROR] ./src/app/hero-carousel.tsx:67:7
Expression expected
  65 |     <ul className="hero-joy-strip" aria-label="Made with care">
  66 |       {["Made from scratch", "A little extra love", "Never just a cak...
> 67 |     </>
     |       ^
  68 |   );
  69 | }
  70 |

Parsing ecmascript source code failed

Import trace:
  Server Component:
    ./src/app/hero-carousel.tsx
    ./src/app/page.tsx @ http://localhost:3000/_next/static/chunks/node_modules_next_dist_1gdrd03._.js:1945
[   44092ms] [ERROR] ./src/app/hero-carousel.tsx:67:7
Expression expected
  65 |     <ul className="hero-joy-strip" aria-label="Made with care">
  66 |       {["Made from scratch", "A little extra love", "Never just a cak...
> 67 |     </>
     |       ^
  68 |   );
  69 | }
  70 |

Parsing ecmascript source code failed

Import trace:
  Server Component:
    ./src/app/hero-carousel.tsx
    ./src/app/page.tsx @ http://localhost:3000/_next/static/chunks/node_modules_next_dist_1gdrd03._.js:1945
[   44142ms] [ERROR] ./src/app/hero-carousel.tsx:67:7
Expression expected
  65 |     <ul className="hero-joy-strip" aria-label="Made with care">
  66 |       {["Made from scratch", "A little extra love", "Never just a cak...
> 67 |     </>
     |       ^
  68 |   );
  69 | }
  70 |

Parsing ecmascript source code failed

Import trace:
  Server Component:
    ./src/app/hero-carousel.tsx
    ./src/app/page.tsx @ http://localhost:3000/_next/static/chunks/node_modules_next_dist_1gdrd03._.js:1945
[   44193ms] [ERROR] ./src/app/hero-carousel.tsx:67:7
Expression expected
  65 |     <ul className="hero-joy-strip" aria-label="Made with care">
  66 |       {["Made from scratch", "A little extra love", "Never just a cak...
> 67 |     </>
     |       ^
  68 |   );
  69 | }
  70 |

Parsing ecmascript source code failed

Import trace:
  Server Component:
    ./src/app/hero-carousel.tsx
    ./src/app/page.tsx @ http://localhost:3000/_next/static/chunks/node_modules_next_dist_1gdrd03._.js:1945
[   44257ms] [ERROR] ./src/app/hero-carousel.tsx:67:7
Expression expected
  65 |     <ul className="hero-joy-strip" aria-label="Made with care">
  66 |       {["Made from scratch", "A little extra love", "Never just a cak...
> 67 |     </>
     |       ^
  68 |   );
  69 | }
  70 |

Parsing ecmascript source code failed

Import trace:
  Server Component:
    ./src/app/hero-carousel.tsx
    ./src/app/page.tsx @ http://localhost:3000/_next/static/chunks/node_modules_next_dist_1gdrd03._.js:1945
[   44325ms] [ERROR] ./src/app/hero-carousel.tsx:67:7
Expression expected
  65 |     <ul className="hero-joy-strip" aria-label="Made with care">
  66 |       {["Made from scratch", "A little extra love", "Never just a cak...
> 67 |     </>
     |       ^
  68 |   );
  69 | }
  70 |

Parsing ecmascript source code failed

Import trace:
  Server Component:
    ./src/app/hero-carousel.tsx
    ./src/app/page.tsx @ http://localhost:3000/_next/static/chunks/node_modules_next_dist_1gdrd03._.js:1945
[   44388ms] [ERROR] ./src/app/hero-carousel.tsx:67:7
Expression expected
  65 |     <ul className="hero-joy-strip" aria-label="Made with care">
  66 |       {["Made from scratch", "A little extra love", "Never just a cak...
> 67 |     </>
     |       ^
  68 |   );
  69 | }
  70 |

Parsing ecmascript source code failed

Import trace:
  Server Component:
    ./src/app/hero-carousel.tsx
    ./src/app/page.tsx @ http://localhost:3000/_next/static/chunks/node_modules_next_dist_1gdrd03._.js:1945
[   44448ms] [ERROR] ./src/app/hero-carousel.tsx:67:7
Expression expected
  65 |     <ul className="hero-joy-strip" aria-label="Made with care">
  66 |       {["Made from scratch", "A little extra love", "Never just a cak...
> 67 |     </>
     |       ^
  68 |   );
  69 | }
  70 |

Parsing ecmascript source code failed

Import trace:
  Server Component:
    ./src/app/hero-carousel.tsx
    ./src/app/page.tsx @ http://localhost:3000/_next/static/chunks/node_modules_next_dist_1gdrd03._.js:1945
[   44513ms] [ERROR] ./src/app/hero-carousel.tsx:67:7
Expression expected
  65 |     <ul className="hero-joy-strip" aria-label="Made with care">
  66 |       {["Made from scratch", "A little extra love", "Never just a cak...
> 67 |     </>
     |       ^
  68 |   );
  69 | }
  70 |

Parsing ecmascript source code failed

Import trace:
  Server Component:
    ./src/app/hero-carousel.tsx
    ./src/app/page.tsx @ http://localhost:3000/_next/static/chunks/node_modules_next_dist_1gdrd03._.js:1945
[   44591ms] [ERROR] ./src/app/hero-carousel.tsx:67:7
Expression expected
  65 |     <ul className="hero-joy-strip" aria-label="Made with care">
  66 |       {["Made from scratch", "A little extra love", "Never just a cak...
> 67 |     </>
     |       ^
  68 |   );
  69 | }
  70 |

Parsing ecmascript source code failed

Import trace:
  Server Component:
    ./src/app/hero-carousel.tsx
    ./src/app/page.tsx @ http://localhost:3000/_next/static/chunks/node_modules_next_dist_1gdrd03._.js:1945
[   44652ms] [ERROR] ./src/app/hero-carousel.tsx:67:7
Expression expected
  65 |     <ul className="hero-joy-strip" aria-label="Made with care">
  66 |       {["Made from scratch", "A little extra love", "Never just a cak...
> 67 |     </>
     |       ^
  68 |   );
  69 | }
  70 |

Parsing ecmascript source code failed

Import trace:
  Server Component:
    ./src/app/hero-carousel.tsx
    ./src/app/page.tsx @ http://localhost:3000/_next/static/chunks/node_modules_next_dist_1gdrd03._.js:1945
[   44711ms] [ERROR] ./src/app/hero-carousel.tsx:67:7
Expression expected
  65 |     <ul className="hero-joy-strip" aria-label="Made with care">
  66 |       {["Made from scratch", "A little extra love", "Never just a cak...
> 67 |     </>
     |       ^
  68 |   );
  69 | }
  70 |

Parsing ecmascript source code failed

Import trace:
  Server Component:
    ./src/app/hero-carousel.tsx
    ./src/app/page.tsx @ http://localhost:3000/_next/static/chunks/node_modules_next_dist_1gdrd03._.js:1945
[   44761ms] [ERROR] ./src/app/hero-carousel.tsx:67:7
Expression expected
  65 |     <ul className="hero-joy-strip" aria-label="Made with care">
  66 |       {["Made from scratch", "A little extra love", "Never just a cak...
> 67 |     </>
     |       ^
  68 |   );
  69 | }
  70 |

Parsing ecmascript source code failed

Import trace:
  Server Component:
    ./src/app/hero-carousel.tsx
    ./src/app/page.tsx @ http://localhost:3000/_next/static/chunks/node_modules_next_dist_1gdrd03._.js:1945
[   44824ms] [ERROR] ./src/app/hero-carousel.tsx:67:7
Expression expected
  65 |     <ul className="hero-joy-strip" aria-label="Made with care">
  66 |       {["Made from scratch", "A little extra love", "Never just a cak...
> 67 |     </>
     |       ^
  68 |   );
  69 | }
  70 |

Parsing ecmascript source code failed

Import trace:
  Server Component:
    ./src/app/hero-carousel.tsx
    ./src/app/page.tsx @ http://localhost:3000/_next/static/chunks/node_modules_next_dist_1gdrd03._.js:1945
[   44886ms] [ERROR] ./src/app/hero-carousel.tsx:67:7
Expression expected
  65 |     <ul className="hero-joy-strip" aria-label="Made with care">
  66 |       {["Made from scratch", "A little extra love", "Never just a cak...
> 67 |     </>
     |       ^
  68 |   );
  69 | }
  70 |

Parsing ecmascript source code failed

Import trace:
  Server Component:
    ./src/app/hero-carousel.tsx
    ./src/app/page.tsx @ http://localhost:3000/_next/static/chunks/node_modules_next_dist_1gdrd03._.js:1945
[   44949ms] [ERROR] ./src/app/hero-carousel.tsx:67:7
Expression expected
  65 |     <ul className="hero-joy-strip" aria-label="Made with care">
  66 |       {["Made from scratch", "A little extra love", "Never just a cak...
> 67 |     </>
     |       ^
  68 |   );
  69 | }
  70 |

Parsing ecmascript source code failed

Import trace:
  Server Component:
    ./src/app/hero-carousel.tsx
    ./src/app/page.tsx @ http://localhost:3000/_next/static/chunks/node_modules_next_dist_1gdrd03._.js:1945
[   45013ms] [ERROR] ./src/app/hero-carousel.tsx:67:7
Expression expected
  65 |     <ul className="hero-joy-strip" aria-label="Made with care">
  66 |       {["Made from scratch", "A little extra love", "Never just a cak...
> 67 |     </>
     |       ^
  68 |   );
  69 | }
  70 |

Parsing ecmascript source code failed

Import trace:
  Server Component:
    ./src/app/hero-carousel.tsx
    ./src/app/page.tsx @ http://localhost:3000/_next/static/chunks/node_modules_next_dist_1gdrd03._.js:1945
[   45090ms] [ERROR] ./src/app/hero-carousel.tsx:67:7
Expression expected
  65 |     <ul className="hero-joy-strip" aria-label="Made with care">
  66 |       {["Made from scratch", "A little extra love", "Never just a cak...
> 67 |     </>
     |       ^
  68 |   );
  69 | }
  70 |

Parsing ecmascript source code failed

Import trace:
  Server Component:
    ./src/app/hero-carousel.tsx
    ./src/app/page.tsx @ http://localhost:3000/_next/static/chunks/node_modules_next_dist_1gdrd03._.js:1945
[   45155ms] [ERROR] ./src/app/hero-carousel.tsx:67:7
Expression expected
  65 |     <ul className="hero-joy-strip" aria-label="Made with care">
  66 |       {["Made from scratch", "A little extra love", "Never just a cak...
> 67 |     </>
     |       ^
  68 |   );
  69 | }
  70 |

Parsing ecmascript source code failed

Import trace:
  Server Component:
    ./src/app/hero-carousel.tsx
    ./src/app/page.tsx @ http://localhost:3000/_next/static/chunks/node_modules_next_dist_1gdrd03._.js:1945
[   45215ms] [ERROR] ./src/app/hero-carousel.tsx:67:7
Expression expected
  65 |     <ul className="hero-joy-strip" aria-label="Made with care">
  66 |       {["Made from scratch", "A little extra love", "Never just a cak...
> 67 |     </>
     |       ^
  68 |   );
  69 | }
  70 |

Parsing ecmascript source code failed

Import trace:
  Server Component:
    ./src/app/hero-carousel.tsx
    ./src/app/page.tsx @ http://localhost:3000/_next/static/chunks/node_modules_next_dist_1gdrd03._.js:1945
[   45276ms] [ERROR] ./src/app/hero-carousel.tsx:67:7
Expression expected
  65 |     <ul className="hero-joy-strip" aria-label="Made with care">
  66 |       {["Made from scratch", "A little extra love", "Never just a cak...
> 67 |     </>
     |       ^
  68 |   );
  69 | }
  70 |

Parsing ecmascript source code failed

Import trace:
  Server Component:
    ./src/app/hero-carousel.tsx
    ./src/app/page.tsx @ http://localhost:3000/_next/static/chunks/node_modules_next_dist_1gdrd03._.js:1945
[   45327ms] [ERROR] ./src/app/hero-carousel.tsx:67:7
Expression expected
  65 |     <ul className="hero-joy-strip" aria-label="Made with care">
  66 |       {["Made from scratch", "A little extra love", "Never just a cak...
> 67 |     </>
     |       ^
  68 |   );
  69 | }
  70 |

Parsing ecmascript source code failed

Import trace:
  Server Component:
    ./src/app/hero-carousel.tsx
    ./src/app/page.tsx @ http://localhost:3000/_next/static/chunks/node_modules_next_dist_1gdrd03._.js:1945
[   45391ms] [ERROR] ./src/app/hero-carousel.tsx:67:7
Expression expected
  65 |     <ul className="hero-joy-strip" aria-label="Made with care">
  66 |       {["Made from scratch", "A little extra love", "Never just a cak...
> 67 |     </>
     |       ^
  68 |   );
  69 | }
  70 |

Parsing ecmascript source code failed

Import trace:
  Server Component:
    ./src/app/hero-carousel.tsx
    ./src/app/page.tsx @ http://localhost:3000/_next/static/chunks/node_modules_next_dist_1gdrd03._.js:1945
[   45467ms] [ERROR] ./src/app/hero-carousel.tsx:67:7
Expression expected
  65 |     <ul className="hero-joy-strip" aria-label="Made with care">
  66 |       {["Made from scratch", "A little extra love", "Never just a cak...
> 67 |     </>
     |       ^
  68 |   );
  69 | }
  70 |

Parsing ecmascript source code failed

Import trace:
  Server Component:
    ./src/app/hero-carousel.tsx
    ./src/app/page.tsx @ http://localhost:3000/_next/static/chunks/node_modules_next_dist_1gdrd03._.js:1945
[   45533ms] [ERROR] ./src/app/hero-carousel.tsx:67:7
Expression expected
  65 |     <ul className="hero-joy-strip" aria-label="Made with care">
  66 |       {["Made from scratch", "A little extra love", "Never just a cak...
> 67 |     </>
     |       ^
  68 |   );
  69 | }
  70 |

Parsing ecmascript source code failed

Import trace:
  Server Component:
    ./src/app/hero-carousel.tsx
    ./src/app/page.tsx @ http://localhost:3000/_next/static/chunks/node_modules_next_dist_1gdrd03._.js:1945
[   45591ms] [ERROR] ./src/app/hero-carousel.tsx:67:7
Expression expected
  65 |     <ul className="hero-joy-strip" aria-label="Made with care">
  66 |       {["Made from scratch", "A little extra love", "Never just a cak...
> 67 |     </>
     |       ^
  68 |   );
  69 | }
  70 |

Parsing ecmascript source code failed

Import trace:
  Server Component:
    ./src/app/hero-carousel.tsx
    ./src/app/page.tsx @ http://localhost:3000/_next/static/chunks/node_modules_next_dist_1gdrd03._.js:1945
[   45651ms] [ERROR] ./src/app/hero-carousel.tsx:67:7
Expression expected
  65 |     <ul className="hero-joy-strip" aria-label="Made with care">
  66 |       {["Made from scratch", "A little extra love", "Never just a cak...
> 67 |     </>
     |       ^
  68 |   );
  69 | }
  70 |

Parsing ecmascript source code failed

Import trace:
  Server Component:
    ./src/app/hero-carousel.tsx
    ./src/app/page.tsx @ http://localhost:3000/_next/static/chunks/node_modules_next_dist_1gdrd03._.js:1945
[   45715ms] [ERROR] ./src/app/hero-carousel.tsx:67:7
Expression expected
  65 |     <ul className="hero-joy-strip" aria-label="Made with care">
  66 |       {["Made from scratch", "A little extra love", "Never just a cak...
> 67 |     </>
     |       ^
  68 |   );
  69 | }
  70 |

Parsing ecmascript source code failed

Import trace:
  Server Component:
    ./src/app/hero-carousel.tsx
    ./src/app/page.tsx @ http://localhost:3000/_next/static/chunks/node_modules_next_dist_1gdrd03._.js:1945
[   45778ms] [ERROR] ./src/app/hero-carousel.tsx:67:7
Expression expected
  65 |     <ul className="hero-joy-strip" aria-label="Made with care">
  66 |       {["Made from scratch", "A little extra love", "Never just a cak...
> 67 |     </>
     |       ^
  68 |   );
  69 | }
  70 |

Parsing ecmascript source code failed

Import trace:
  Server Component:
    ./src/app/hero-carousel.tsx
    ./src/app/page.tsx @ http://localhost:3000/_next/static/chunks/node_modules_next_dist_1gdrd03._.js:1945
[   45843ms] [ERROR] ./src/app/hero-carousel.tsx:67:7
Expression expected
  65 |     <ul className="hero-joy-strip" aria-label="Made with care">
  66 |       {["Made from scratch", "A little extra love", "Never just a cak...
> 67 |     </>
     |       ^
  68 |   );
  69 | }
  70 |

Parsing ecmascript source code failed

Import trace:
  Server Component:
    ./src/app/hero-carousel.tsx
    ./src/app/page.tsx @ http://localhost:3000/_next/static/chunks/node_modules_next_dist_1gdrd03._.js:1945
[   45905ms] [ERROR] ./src/app/hero-carousel.tsx:67:7
Expression expected
  65 |     <ul className="hero-joy-strip" aria-label="Made with care">
  66 |       {["Made from scratch", "A little extra love", "Never just a cak...
> 67 |     </>
     |       ^
  68 |   );
  69 | }
  70 |

Parsing ecmascript source code failed

Import trace:
  Server Component:
    ./src/app/hero-carousel.tsx
    ./src/app/page.tsx @ http://localhost:3000/_next/static/chunks/node_modules_next_dist_1gdrd03._.js:1945
[   45965ms] [ERROR] ./src/app/hero-carousel.tsx:67:7
Expression expected
  65 |     <ul className="hero-joy-strip" aria-label="Made with care">
  66 |       {["Made from scratch", "A little extra love", "Never just a cak...
> 67 |     </>
     |       ^
  68 |   );
  69 | }
  70 |

Parsing ecmascript source code failed

Import trace:
  Server Component:
    ./src/app/hero-carousel.tsx
    ./src/app/page.tsx @ http://localhost:3000/_next/static/chunks/node_modules_next_dist_1gdrd03._.js:1945
[   46028ms] [ERROR] ./src/app/hero-carousel.tsx:67:7
Expression expected
  65 |     <ul className="hero-joy-strip" aria-label="Made with care">
  66 |       {["Made from scratch", "A little extra love", "Never just a cak...
> 67 |     </>
     |       ^
  68 |   );
  69 | }
  70 |

Parsing ecmascript source code failed

Import trace:
  Server Component:
    ./src/app/hero-carousel.tsx
    ./src/app/page.tsx @ http://localhost:3000/_next/static/chunks/node_modules_next_dist_1gdrd03._.js:1945
[   46091ms] [ERROR] ./src/app/hero-carousel.tsx:67:7
Expression expected
  65 |     <ul className="hero-joy-strip" aria-label="Made with care">
  66 |       {["Made from scratch", "A little extra love", "Never just a cak...
> 67 |     </>
     |       ^
  68 |   );
  69 | }
  70 |

Parsing ecmascript source code failed

Import trace:
  Server Component:
    ./src/app/hero-carousel.tsx
    ./src/app/page.tsx @ http://localhost:3000/_next/static/chunks/node_modules_next_dist_1gdrd03._.js:1945
[   46155ms] [ERROR] ./src/app/hero-carousel.tsx:67:7
Expression expected
  65 |     <ul className="hero-joy-strip" aria-label="Made with care">
  66 |       {["Made from scratch", "A little extra love", "Never just a cak...
> 67 |     </>
     |       ^
  68 |   );
  69 | }
  70 |

Parsing ecmascript source code failed

Import trace:
  Server Component:
    ./src/app/hero-carousel.tsx
    ./src/app/page.tsx @ http://localhost:3000/_next/static/chunks/node_modules_next_dist_1gdrd03._.js:1945
[   46231ms] [ERROR] ./src/app/hero-carousel.tsx:67:7
Expression expected
  65 |     <ul className="hero-joy-strip" aria-label="Made with care">
  66 |       {["Made from scratch", "A little extra love", "Never just a cak...
> 67 |     </>
     |       ^
  68 |   );
  69 | }
  70 |

Parsing ecmascript source code failed

Import trace:
  Server Component:
    ./src/app/hero-carousel.tsx
    ./src/app/page.tsx @ http://localhost:3000/_next/static/chunks/node_modules_next_dist_1gdrd03._.js:1945
[   46294ms] [ERROR] ./src/app/hero-carousel.tsx:67:7
Expression expected
  65 |     <ul className="hero-joy-strip" aria-label="Made with care">
  66 |       {["Made from scratch", "A little extra love", "Never just a cak...
> 67 |     </>
     |       ^
  68 |   );
  69 | }
  70 |

Parsing ecmascript source code failed

Import trace:
  Server Component:
    ./src/app/hero-carousel.tsx
    ./src/app/page.tsx @ http://localhost:3000/_next/static/chunks/node_modules_next_dist_1gdrd03._.js:1945
[   46359ms] [ERROR] ./src/app/hero-carousel.tsx:67:7
Expression expected
  65 |     <ul className="hero-joy-strip" aria-label="Made with care">
  66 |       {["Made from scratch", "A little extra love", "Never just a cak...
> 67 |     </>
     |       ^
  68 |   );
  69 | }
  70 |

Parsing ecmascript source code failed

Import trace:
  Server Component:
    ./src/app/hero-carousel.tsx
    ./src/app/page.tsx @ http://localhost:3000/_next/static/chunks/node_modules_next_dist_1gdrd03._.js:1945
[   46418ms] [ERROR] ./src/app/hero-carousel.tsx:67:7
Expression expected
  65 |     <ul className="hero-joy-strip" aria-label="Made with care">
  66 |       {["Made from scratch", "A little extra love", "Never just a cak...
> 67 |     </>
     |       ^
  68 |   );
  69 | }
  70 |

Parsing ecmascript source code failed

Import trace:
  Server Component:
    ./src/app/hero-carousel.tsx
    ./src/app/page.tsx @ http://localhost:3000/_next/static/chunks/node_modules_next_dist_1gdrd03._.js:1945
[   46483ms] [ERROR] ./src/app/hero-carousel.tsx:67:7
Expression expected
  65 |     <ul className="hero-joy-strip" aria-label="Made with care">
  66 |       {["Made from scratch", "A little extra love", "Never just a cak...
> 67 |     </>
     |       ^
  68 |   );
  69 | }
  70 |

Parsing ecmascript source code failed

Import trace:
  Server Component:
    ./src/app/hero-carousel.tsx
    ./src/app/page.tsx @ http://localhost:3000/_next/static/chunks/node_modules_next_dist_1gdrd03._.js:1945
[   46544ms] [ERROR] ./src/app/hero-carousel.tsx:67:7
Expression expected
  65 |     <ul className="hero-joy-strip" aria-label="Made with care">
  66 |       {["Made from scratch", "A little extra love", "Never just a cak...
> 67 |     </>
     |       ^
  68 |   );
  69 | }
  70 |

Parsing ecmascript source code failed

Import trace:
  Server Component:
    ./src/app/hero-carousel.tsx
    ./src/app/page.tsx @ http://localhost:3000/_next/static/chunks/node_modules_next_dist_1gdrd03._.js:1945
[   46607ms] [ERROR] ./src/app/hero-carousel.tsx:67:7
Expression expected
  65 |     <ul className="hero-joy-strip" aria-label="Made with care">
  66 |       {["Made from scratch", "A little extra love", "Never just a cak...
> 67 |     </>
     |       ^
  68 |   );
  69 | }
  70 |

Parsing ecmascript source code failed

Import trace:
  Server Component:
    ./src/app/hero-carousel.tsx
    ./src/app/page.tsx @ http://localhost:3000/_next/static/chunks/node_modules_next_dist_1gdrd03._.js:1945
[   46671ms] [ERROR] ./src/app/hero-carousel.tsx:67:7
Expression expected
  65 |     <ul className="hero-joy-strip" aria-label="Made with care">
  66 |       {["Made from scratch", "A little extra love", "Never just a cak...
> 67 |     </>
     |       ^
  68 |   );
  69 | }
  70 |

Parsing ecmascript source code failed

Import trace:
  Server Component:
    ./src/app/hero-carousel.tsx
    ./src/app/page.tsx @ http://localhost:3000/_next/static/chunks/node_modules_next_dist_1gdrd03._.js:1945
[   46721ms] [ERROR] ./src/app/hero-carousel.tsx:67:7
Expression expected
  65 |     <ul className="hero-joy-strip" aria-label="Made with care">
  66 |       {["Made from scratch", "A little extra love", "Never just a cak...
> 67 |     </>
     |       ^
  68 |   );
  69 | }
  70 |

Parsing ecmascript source code failed

Import trace:
  Server Component:
    ./src/app/hero-carousel.tsx
    ./src/app/page.tsx @ http://localhost:3000/_next/static/chunks/node_modules_next_dist_1gdrd03._.js:1945
[   46769ms] [ERROR] ./src/app/hero-carousel.tsx:67:7
Expression expected
  65 |     <ul className="hero-joy-strip" aria-label="Made with care">
  66 |       {["Made from scratch", "A little extra love", "Never just a cak...
> 67 |     </>
     |       ^
  68 |   );
  69 | }
  70 |

Parsing ecmascript source code failed

Import trace:
  Server Component:
    ./src/app/hero-carousel.tsx
    ./src/app/page.tsx @ http://localhost:3000/_next/static/chunks/node_modules_next_dist_1gdrd03._.js:1945
[   46810ms] [ERROR] ./src/app/hero-carousel.tsx:67:7
Expression expected
  65 |     <ul className="hero-joy-strip" aria-label="Made with care">
  66 |       {["Made from scratch", "A little extra love", "Never just a cak...
> 67 |     </>
     |       ^
  68 |   );
  69 | }
  70 |

Parsing ecmascript source code failed

Import trace:
  Server Component:
    ./src/app/hero-carousel.tsx
    ./src/app/page.tsx @ http://localhost:3000/_next/static/chunks/node_modules_next_dist_1gdrd03._.js:1945
[   46861ms] [ERROR] ./src/app/hero-carousel.tsx:67:7
Expression expected
  65 |     <ul className="hero-joy-strip" aria-label="Made with care">
  66 |       {["Made from scratch", "A little extra love", "Never just a cak...
> 67 |     </>
     |       ^
  68 |   );
  69 | }
  70 |

Parsing ecmascript source code failed

Import trace:
  Server Component:
    ./src/app/hero-carousel.tsx
    ./src/app/page.tsx @ http://localhost:3000/_next/static/chunks/node_modules_next_dist_1gdrd03._.js:1945
[   46926ms] [ERROR] ./src/app/hero-carousel.tsx:67:7
Expression expected
  65 |     <ul className="hero-joy-strip" aria-label="Made with care">
  66 |       {["Made from scratch", "A little extra love", "Never just a cak...
> 67 |     </>
     |       ^
  68 |   );
  69 | }
  70 |

Parsing ecmascript source code failed

Import trace:
  Server Component:
    ./src/app/hero-carousel.tsx
    ./src/app/page.tsx @ http://localhost:3000/_next/static/chunks/node_modules_next_dist_1gdrd03._.js:1945
[   46976ms] [ERROR] ./src/app/hero-carousel.tsx:67:7
Expression expected
  65 |     <ul className="hero-joy-strip" aria-label="Made with care">
  66 |       {["Made from scratch", "A little extra love", "Never just a cak...
> 67 |     </>
     |       ^
  68 |   );
  69 | }
  70 |

Parsing ecmascript source code failed

Import trace:
  Server Component:
    ./src/app/hero-carousel.tsx
    ./src/app/page.tsx @ http://localhost:3000/_next/static/chunks/node_modules_next_dist_1gdrd03._.js:1945
[   47040ms] [ERROR] ./src/app/hero-carousel.tsx:67:7
Expression expected
  65 |     <ul className="hero-joy-strip" aria-label="Made with care">
  66 |       {["Made from scratch", "A little extra love", "Never just a cak...
> 67 |     </>
     |       ^
  68 |   );
  69 | }
  70 |

Parsing ecmascript source code failed

Import trace:
  Server Component:
    ./src/app/hero-carousel.tsx
    ./src/app/page.tsx @ http://localhost:3000/_next/static/chunks/node_modules_next_dist_1gdrd03._.js:1945
[   47077ms] [ERROR] ./src/app/hero-carousel.tsx:67:7
Expression expected
  65 |     <ul className="hero-joy-strip" aria-label="Made with care">
  66 |       {["Made from scratch", "A little extra love", "Never just a cak...
> 67 |     </>
     |       ^
  68 |   );
  69 | }
  70 |

Parsing ecmascript source code failed

Import trace:
  Server Component:
    ./src/app/hero-carousel.tsx
    ./src/app/page.tsx @ http://localhost:3000/_next/static/chunks/node_modules_next_dist_1gdrd03._.js:1945
[   47131ms] [ERROR] ./src/app/hero-carousel.tsx:67:7
Expression expected
  65 |     <ul className="hero-joy-strip" aria-label="Made with care">
  66 |       {["Made from scratch", "A little extra love", "Never just a cak...
> 67 |     </>
     |       ^
  68 |   );
  69 | }
  70 |

Parsing ecmascript source code failed

Import trace:
  Server Component:
    ./src/app/hero-carousel.tsx
    ./src/app/page.tsx @ http://localhost:3000/_next/static/chunks/node_modules_next_dist_1gdrd03._.js:1945
[   47193ms] [ERROR] ./src/app/hero-carousel.tsx:67:7
Expression expected
  65 |     <ul className="hero-joy-strip" aria-label="Made with care">
  66 |       {["Made from scratch", "A little extra love", "Never just a cak...
> 67 |     </>
     |       ^
  68 |   );
  69 | }
  70 |

Parsing ecmascript source code failed

Import trace:
  Server Component:
    ./src/app/hero-carousel.tsx
    ./src/app/page.tsx @ http://localhost:3000/_next/static/chunks/node_modules_next_dist_1gdrd03._.js:1945
[   47258ms] [ERROR] ./src/app/hero-carousel.tsx:67:7
Expression expected
  65 |     <ul className="hero-joy-strip" aria-label="Made with care">
  66 |       {["Made from scratch", "A little extra love", "Never just a cak...
> 67 |     </>
     |       ^
  68 |   );
  69 | }
  70 |

Parsing ecmascript source code failed

Import trace:
  Server Component:
    ./src/app/hero-carousel.tsx
    ./src/app/page.tsx @ http://localhost:3000/_next/static/chunks/node_modules_next_dist_1gdrd03._.js:1945
[   47311ms] [ERROR] ./src/app/hero-carousel.tsx:67:7
Expression expected
  65 |     <ul className="hero-joy-strip" aria-label="Made with care">
  66 |       {["Made from scratch", "A little extra love", "Never just a cak...
> 67 |     </>
     |       ^
  68 |   );
  69 | }
  70 |

Parsing ecmascript source code failed

Import trace:
  Server Component:
    ./src/app/hero-carousel.tsx
    ./src/app/page.tsx @ http://localhost:3000/_next/static/chunks/node_modules_next_dist_1gdrd03._.js:1945
[   47374ms] [ERROR] ./src/app/hero-carousel.tsx:67:7
Expression expected
  65 |     <ul className="hero-joy-strip" aria-label="Made with care">
  66 |       {["Made from scratch", "A little extra love", "Never just a cak...
> 67 |     </>
     |       ^
  68 |   );
  69 | }
  70 |

Parsing ecmascript source code failed

Import trace:
  Server Component:
    ./src/app/hero-carousel.tsx
    ./src/app/page.tsx @ http://localhost:3000/_next/static/chunks/node_modules_next_dist_1gdrd03._.js:1945
[   47411ms] [ERROR] ./src/app/hero-carousel.tsx:67:7
Expression expected
  65 |     <ul className="hero-joy-strip" aria-label="Made with care">
  66 |       {["Made from scratch", "A little extra love", "Never just a cak...
> 67 |     </>
     |       ^
  68 |   );
  69 | }
  70 |

Parsing ecmascript source code failed

Import trace:
  Server Component:
    ./src/app/hero-carousel.tsx
    ./src/app/page.tsx @ http://localhost:3000/_next/static/chunks/node_modules_next_dist_1gdrd03._.js:1945
[   47460ms] [ERROR] ./src/app/hero-carousel.tsx:67:7
Expression expected
  65 |     <ul className="hero-joy-strip" aria-label="Made with care">
  66 |       {["Made from scratch", "A little extra love", "Never just a cak...
> 67 |     </>
     |       ^
  68 |   );
  69 | }
  70 |

Parsing ecmascript source code failed

Import trace:
  Server Component:
    ./src/app/hero-carousel.tsx
    ./src/app/page.tsx @ http://localhost:3000/_next/static/chunks/node_modules_next_dist_1gdrd03._.js:1945
[   47524ms] [ERROR] ./src/app/hero-carousel.tsx:67:7
Expression expected
  65 |     <ul className="hero-joy-strip" aria-label="Made with care">
  66 |       {["Made from scratch", "A little extra love", "Never just a cak...
> 67 |     </>
     |       ^
  68 |   );
  69 | }
  70 |

Parsing ecmascript source code failed

Import trace:
  Server Component:
    ./src/app/hero-carousel.tsx
    ./src/app/page.tsx @ http://localhost:3000/_next/static/chunks/node_modules_next_dist_1gdrd03._.js:1945
[   47587ms] [ERROR] ./src/app/hero-carousel.tsx:67:7
Expression expected
  65 |     <ul className="hero-joy-strip" aria-label="Made with care">
  66 |       {["Made from scratch", "A little extra love", "Never just a cak...
> 67 |     </>
     |       ^
  68 |   );
  69 | }
  70 |

Parsing ecmascript source code failed

Import trace:
  Server Component:
    ./src/app/hero-carousel.tsx
    ./src/app/page.tsx @ http://localhost:3000/_next/static/chunks/node_modules_next_dist_1gdrd03._.js:1945
[   47653ms] [ERROR] ./src/app/hero-carousel.tsx:67:7
Expression expected
  65 |     <ul className="hero-joy-strip" aria-label="Made with care">
  66 |       {["Made from scratch", "A little extra love", "Never just a cak...
> 67 |     </>
     |       ^
  68 |   );
  69 | }
  70 |

Parsing ecmascript source code failed

Import trace:
  Server Component:
    ./src/app/hero-carousel.tsx
    ./src/app/page.tsx @ http://localhost:3000/_next/static/chunks/node_modules_next_dist_1gdrd03._.js:1945
[   47711ms] [ERROR] ./src/app/hero-carousel.tsx:67:7
Expression expected
  65 |     <ul className="hero-joy-strip" aria-label="Made with care">
  66 |       {["Made from scratch", "A little extra love", "Never just a cak...
> 67 |     </>
     |       ^
  68 |   );
  69 | }
  70 |

Parsing ecmascript source code failed

Import trace:
  Server Component:
    ./src/app/hero-carousel.tsx
    ./src/app/page.tsx @ http://localhost:3000/_next/static/chunks/node_modules_next_dist_1gdrd03._.js:1945
[   47762ms] [ERROR] ./src/app/hero-carousel.tsx:67:7
Expression expected
  65 |     <ul className="hero-joy-strip" aria-label="Made with care">
  66 |       {["Made from scratch", "A little extra love", "Never just a cak...
> 67 |     </>
     |       ^
  68 |   );
  69 | }
  70 |

Parsing ecmascript source code failed

Import trace:
  Server Component:
    ./src/app/hero-carousel.tsx
    ./src/app/page.tsx @ http://localhost:3000/_next/static/chunks/node_modules_next_dist_1gdrd03._.js:1945
[   47825ms] [ERROR] ./src/app/hero-carousel.tsx:67:7
Expression expected
  65 |     <ul className="hero-joy-strip" aria-label="Made with care">
  66 |       {["Made from scratch", "A little extra love", "Never just a cak...
> 67 |     </>
     |       ^
  68 |   );
  69 | }
  70 |

Parsing ecmascript source code failed

Import trace:
  Server Component:
    ./src/app/hero-carousel.tsx
    ./src/app/page.tsx @ http://localhost:3000/_next/static/chunks/node_modules_next_dist_1gdrd03._.js:1945
[   47876ms] [ERROR] ./src/app/hero-carousel.tsx:67:7
Expression expected
  65 |     <ul className="hero-joy-strip" aria-label="Made with care">
  66 |       {["Made from scratch", "A little extra love", "Never just a cak...
> 67 |     </>
     |       ^
  68 |   );
  69 | }
  70 |

Parsing ecmascript source code failed

Import trace:
  Server Component:
    ./src/app/hero-carousel.tsx
    ./src/app/page.tsx @ http://localhost:3000/_next/static/chunks/node_modules_next_dist_1gdrd03._.js:1945
[   47943ms] [ERROR] ./src/app/hero-carousel.tsx:67:7
Expression expected
  65 |     <ul className="hero-joy-strip" aria-label="Made with care">
  66 |       {["Made from scratch", "A little extra love", "Never just a cak...
> 67 |     </>
     |       ^
  68 |   );
  69 | }
  70 |

Parsing ecmascript source code failed

Import trace:
  Server Component:
    ./src/app/hero-carousel.tsx
    ./src/app/page.tsx @ http://localhost:3000/_next/static/chunks/node_modules_next_dist_1gdrd03._.js:1945
[   47994ms] [ERROR] ./src/app/hero-carousel.tsx:67:7
Expression expected
  65 |     <ul className="hero-joy-strip" aria-label="Made with care">
  66 |       {["Made from scratch", "A little extra love", "Never just a cak...
> 67 |     </>
     |       ^
  68 |   );
  69 | }
  70 |

Parsing ecmascript source code failed

Import trace:
  Server Component:
    ./src/app/hero-carousel.tsx
    ./src/app/page.tsx @ http://localhost:3000/_next/static/chunks/node_modules_next_dist_1gdrd03._.js:1945
[   48061ms] [ERROR] ./src/app/hero-carousel.tsx:67:7
Expression expected
  65 |     <ul className="hero-joy-strip" aria-label="Made with care">
  66 |       {["Made from scratch", "A little extra love", "Never just a cak...
> 67 |     </>
     |       ^
  68 |   );
  69 | }
  70 |

Parsing ecmascript source code failed

Import trace:
  Server Component:
    ./src/app/hero-carousel.tsx
    ./src/app/page.tsx @ http://localhost:3000/_next/static/chunks/node_modules_next_dist_1gdrd03._.js:1945
[   48122ms] [ERROR] ./src/app/hero-carousel.tsx:67:7
Expression expected
  65 |     <ul className="hero-joy-strip" aria-label="Made with care">
  66 |       {["Made from scratch", "A little extra love", "Never just a cak...
> 67 |     </>
     |       ^
  68 |   );
  69 | }
  70 |

Parsing ecmascript source code failed

Import trace:
  Server Component:
    ./src/app/hero-carousel.tsx
    ./src/app/page.tsx @ http://localhost:3000/_next/static/chunks/node_modules_next_dist_1gdrd03._.js:1945
[   48183ms] [ERROR] ./src/app/hero-carousel.tsx:67:7
Expression expected
  65 |     <ul className="hero-joy-strip" aria-label="Made with care">
  66 |       {["Made from scratch", "A little extra love", "Never just a cak...
> 67 |     </>
     |       ^
  68 |   );
  69 | }
  70 |

Parsing ecmascript source code failed

Import trace:
  Server Component:
    ./src/app/hero-carousel.tsx
    ./src/app/page.tsx @ http://localhost:3000/_next/static/chunks/node_modules_next_dist_1gdrd03._.js:1945
[   48234ms] [ERROR] ./src/app/hero-carousel.tsx:67:7
Expression expected
  65 |     <ul className="hero-joy-strip" aria-label="Made with care">
  66 |       {["Made from scratch", "A little extra love", "Never just a cak...
> 67 |     </>
     |       ^
  68 |   );
  69 | }
  70 |

Parsing ecmascript source code failed

Import trace:
  Server Component:
    ./src/app/hero-carousel.tsx
    ./src/app/page.tsx @ http://localhost:3000/_next/static/chunks/node_modules_next_dist_1gdrd03._.js:1945
[   48283ms] [ERROR] ./src/app/hero-carousel.tsx:67:7
Expression expected
  65 |     <ul className="hero-joy-strip" aria-label="Made with care">
  66 |       {["Made from scratch", "A little extra love", "Never just a cak...
> 67 |     </>
     |       ^
  68 |   );
  69 | }
  70 |

Parsing ecmascript source code failed

Import trace:
  Server Component:
    ./src/app/hero-carousel.tsx
    ./src/app/page.tsx @ http://localhost:3000/_next/static/chunks/node_modules_next_dist_1gdrd03._.js:1945
[   48331ms] [ERROR] ./src/app/hero-carousel.tsx:67:7
Expression expected
  65 |     <ul className="hero-joy-strip" aria-label="Made with care">
  66 |       {["Made from scratch", "A little extra love", "Never just a cak...
> 67 |     </>
     |       ^
  68 |   );
  69 | }
  70 |

Parsing ecmascript source code failed

Import trace:
  Server Component:
    ./src/app/hero-carousel.tsx
    ./src/app/page.tsx @ http://localhost:3000/_next/static/chunks/node_modules_next_dist_1gdrd03._.js:1945
[   48383ms] [ERROR] ./src/app/hero-carousel.tsx:67:7
Expression expected
  65 |     <ul className="hero-joy-strip" aria-label="Made with care">
  66 |       {["Made from scratch", "A little extra love", "Never just a cak...
> 67 |     </>
     |       ^
  68 |   );
  69 | }
  70 |

Parsing ecmascript source code failed

Import trace:
  Server Component:
    ./src/app/hero-carousel.tsx
    ./src/app/page.tsx @ http://localhost:3000/_next/static/chunks/node_modules_next_dist_1gdrd03._.js:1945
[   48444ms] [ERROR] ./src/app/hero-carousel.tsx:67:7
Expression expected
  65 |     <ul className="hero-joy-strip" aria-label="Made with care">
  66 |       {["Made from scratch", "A little extra love", "Never just a cak...
> 67 |     </>
     |       ^
  68 |   );
  69 | }
  70 |

Parsing ecmascript source code failed

Import trace:
  Server Component:
    ./src/app/hero-carousel.tsx
    ./src/app/page.tsx @ http://localhost:3000/_next/static/chunks/node_modules_next_dist_1gdrd03._.js:1945
[   48494ms] [ERROR] ./src/app/hero-carousel.tsx:67:7
Expression expected
  65 |     <ul className="hero-joy-strip" aria-label="Made with care">
  66 |       {["Made from scratch", "A little extra love", "Never just a cak...
> 67 |     </>
     |       ^
  68 |   );
  69 | }
  70 |

Parsing ecmascript source code failed

Import trace:
  Server Component:
    ./src/app/hero-carousel.tsx
    ./src/app/page.tsx @ http://localhost:3000/_next/static/chunks/node_modules_next_dist_1gdrd03._.js:1945
[   48546ms] [ERROR] ./src/app/hero-carousel.tsx:67:7
Expression expected
  65 |     <ul className="hero-joy-strip" aria-label="Made with care">
  66 |       {["Made from scratch", "A little extra love", "Never just a cak...
> 67 |     </>
     |       ^
  68 |   );
  69 | }
  70 |

Parsing ecmascript source code failed

Import trace:
  Server Component:
    ./src/app/hero-carousel.tsx
    ./src/app/page.tsx @ http://localhost:3000/_next/static/chunks/node_modules_next_dist_1gdrd03._.js:1945
[   48596ms] [ERROR] ./src/app/hero-carousel.tsx:67:7
Expression expected
  65 |     <ul className="hero-joy-strip" aria-label="Made with care">
  66 |       {["Made from scratch", "A little extra love", "Never just a cak...
> 67 |     </>
     |       ^
  68 |   );
  69 | }
  70 |

Parsing ecmascript source code failed

Import trace:
  Server Component:
    ./src/app/hero-carousel.tsx
    ./src/app/page.tsx @ http://localhost:3000/_next/static/chunks/node_modules_next_dist_1gdrd03._.js:1945
[   48650ms] [ERROR] ./src/app/hero-carousel.tsx:67:7
Expression expected
  65 |     <ul className="hero-joy-strip" aria-label="Made with care">
  66 |       {["Made from scratch", "A little extra love", "Never just a cak...
> 67 |     </>
     |       ^
  68 |   );
  69 | }
  70 |

Parsing ecmascript source code failed

Import trace:
  Server Component:
    ./src/app/hero-carousel.tsx
    ./src/app/page.tsx @ http://localhost:3000/_next/static/chunks/node_modules_next_dist_1gdrd03._.js:1945
[   48711ms] [ERROR] ./src/app/hero-carousel.tsx:67:7
Expression expected
  65 |     <ul className="hero-joy-strip" aria-label="Made with care">
  66 |       {["Made from scratch", "A little extra love", "Never just a cak...
> 67 |     </>
     |       ^
  68 |   );
  69 | }
  70 |

Parsing ecmascript source code failed

Import trace:
  Server Component:
    ./src/app/hero-carousel.tsx
    ./src/app/page.tsx @ http://localhost:3000/_next/static/chunks/node_modules_next_dist_1gdrd03._.js:1945
[   48763ms] [ERROR] ./src/app/hero-carousel.tsx:67:7
Expression expected
  65 |     <ul className="hero-joy-strip" aria-label="Made with care">
  66 |       {["Made from scratch", "A little extra love", "Never just a cak...
> 67 |     </>
     |       ^
  68 |   );
  69 | }
  70 |

Parsing ecmascript source code failed

Import trace:
  Server Component:
    ./src/app/hero-carousel.tsx
    ./src/app/page.tsx @ http://localhost:3000/_next/static/chunks/node_modules_next_dist_1gdrd03._.js:1945
[   48813ms] [ERROR] ./src/app/hero-carousel.tsx:67:7
Expression expected
  65 |     <ul className="hero-joy-strip" aria-label="Made with care">
  66 |       {["Made from scratch", "A little extra love", "Never just a cak...
> 67 |     </>
     |       ^
  68 |   );
  69 | }
  70 |

Parsing ecmascript source code failed

Import trace:
  Server Component:
    ./src/app/hero-carousel.tsx
    ./src/app/page.tsx @ http://localhost:3000/_next/static/chunks/node_modules_next_dist_1gdrd03._.js:1945
[   48863ms] [ERROR] ./src/app/hero-carousel.tsx:67:7
Expression expected
  65 |     <ul className="hero-joy-strip" aria-label="Made with care">
  66 |       {["Made from scratch", "A little extra love", "Never just a cak...
> 67 |     </>
     |       ^
  68 |   );
  69 | }
  70 |

Parsing ecmascript source code failed

Import trace:
  Server Component:
    ./src/app/hero-carousel.tsx
    ./src/app/page.tsx @ http://localhost:3000/_next/static/chunks/node_modules_next_dist_1gdrd03._.js:1945
[   48912ms] [ERROR] ./src/app/hero-carousel.tsx:67:7
Expression expected
  65 |     <ul className="hero-joy-strip" aria-label="Made with care">
  66 |       {["Made from scratch", "A little extra love", "Never just a cak...
> 67 |     </>
     |       ^
  68 |   );
  69 | }
  70 |

Parsing ecmascript source code failed

Import trace:
  Server Component:
    ./src/app/hero-carousel.tsx
    ./src/app/page.tsx @ http://localhost:3000/_next/static/chunks/node_modules_next_dist_1gdrd03._.js:1945
[   48978ms] [ERROR] ./src/app/hero-carousel.tsx:67:7
Expression expected
  65 |     <ul className="hero-joy-strip" aria-label="Made with care">
  66 |       {["Made from scratch", "A little extra love", "Never just a cak...
> 67 |     </>
     |       ^
  68 |   );
  69 | }
  70 |

Parsing ecmascript source code failed

Import trace:
  Server Component:
    ./src/app/hero-carousel.tsx
    ./src/app/page.tsx @ http://localhost:3000/_next/static/chunks/node_modules_next_dist_1gdrd03._.js:1945
[   49029ms] [ERROR] ./src/app/hero-carousel.tsx:67:7
Expression expected
  65 |     <ul className="hero-joy-strip" aria-label="Made with care">
  66 |       {["Made from scratch", "A little extra love", "Never just a cak...
> 67 |     </>
     |       ^
  68 |   );
  69 | }
  70 |

Parsing ecmascript source code failed

Import trace:
  Server Component:
    ./src/app/hero-carousel.tsx
    ./src/app/page.tsx @ http://localhost:3000/_next/static/chunks/node_modules_next_dist_1gdrd03._.js:1945
[   49079ms] [ERROR] ./src/app/hero-carousel.tsx:67:7
Expression expected
  65 |     <ul className="hero-joy-strip" aria-label="Made with care">
  66 |       {["Made from scratch", "A little extra love", "Never just a cak...
> 67 |     </>
     |       ^
  68 |   );
  69 | }
  70 |

Parsing ecmascript source code failed

Import trace:
  Server Component:
    ./src/app/hero-carousel.tsx
    ./src/app/page.tsx @ http://localhost:3000/_next/static/chunks/node_modules_next_dist_1gdrd03._.js:1945
[   49145ms] [ERROR] ./src/app/hero-carousel.tsx:67:7
Expression expected
  65 |     <ul className="hero-joy-strip" aria-label="Made with care">
  66 |       {["Made from scratch", "A little extra love", "Never just a cak...
> 67 |     </>
     |       ^
  68 |   );
  69 | }
  70 |

Parsing ecmascript source code failed

Import trace:
  Server Component:
    ./src/app/hero-carousel.tsx
    ./src/app/page.tsx @ http://localhost:3000/_next/static/chunks/node_modules_next_dist_1gdrd03._.js:1945
[   49211ms] [ERROR] ./src/app/hero-carousel.tsx:67:7
Expression expected
  65 |     <ul className="hero-joy-strip" aria-label="Made with care">
  66 |       {["Made from scratch", "A little extra love", "Never just a cak...
> 67 |     </>
     |       ^
  68 |   );
  69 | }
  70 |

Parsing ecmascript source code failed

Import trace:
  Server Component:
    ./src/app/hero-carousel.tsx
    ./src/app/page.tsx @ http://localhost:3000/_next/static/chunks/node_modules_next_dist_1gdrd03._.js:1945
[   49262ms] [ERROR] ./src/app/hero-carousel.tsx:67:7
Expression expected
  65 |     <ul className="hero-joy-strip" aria-label="Made with care">
  66 |       {["Made from scratch", "A little extra love", "Never just a cak...
> 67 |     </>
     |       ^
  68 |   );
  69 | }
  70 |

Parsing ecmascript source code failed

Import trace:
  Server Component:
    ./src/app/hero-carousel.tsx
    ./src/app/page.tsx @ http://localhost:3000/_next/static/chunks/node_modules_next_dist_1gdrd03._.js:1945
[   49313ms] [ERROR] ./src/app/hero-carousel.tsx:67:7
Expression expected
  65 |     <ul className="hero-joy-strip" aria-label="Made with care">
  66 |       {["Made from scratch", "A little extra love", "Never just a cak...
> 67 |     </>
     |       ^
  68 |   );
  69 | }
  70 |

Parsing ecmascript source code failed

Import trace:
  Server Component:
    ./src/app/hero-carousel.tsx
    ./src/app/page.tsx @ http://localhost:3000/_next/static/chunks/node_modules_next_dist_1gdrd03._.js:1945
[   49363ms] [ERROR] ./src/app/hero-carousel.tsx:67:7
Expression expected
  65 |     <ul className="hero-joy-strip" aria-label="Made with care">
  66 |       {["Made from scratch", "A little extra love", "Never just a cak...
> 67 |     </>
     |       ^
  68 |   );
  69 | }
  70 |

Parsing ecmascript source code failed

Import trace:
  Server Component:
    ./src/app/hero-carousel.tsx
    ./src/app/page.tsx @ http://localhost:3000/_next/static/chunks/node_modules_next_dist_1gdrd03._.js:1945
[   49428ms] [ERROR] ./src/app/hero-carousel.tsx:67:7
Expression expected
  65 |     <ul className="hero-joy-strip" aria-label="Made with care">
  66 |       {["Made from scratch", "A little extra love", "Never just a cak...
> 67 |     </>
     |       ^
  68 |   );
  69 | }
  70 |

Parsing ecmascript source code failed

Import trace:
  Server Component:
    ./src/app/hero-carousel.tsx
    ./src/app/page.tsx @ http://localhost:3000/_next/static/chunks/node_modules_next_dist_1gdrd03._.js:1945
[   49482ms] [ERROR] ./src/app/hero-carousel.tsx:67:7
Expression expected
  65 |     <ul className="hero-joy-strip" aria-label="Made with care">
  66 |       {["Made from scratch", "A little extra love", "Never just a cak...
> 67 |     </>
     |       ^
  68 |   );
  69 | }
  70 |

Parsing ecmascript source code failed

Import trace:
  Server Component:
    ./src/app/hero-carousel.tsx
    ./src/app/page.tsx @ http://localhost:3000/_next/static/chunks/node_modules_next_dist_1gdrd03._.js:1945
[   49544ms] [ERROR] ./src/app/hero-carousel.tsx:67:7
Expression expected
  65 |     <ul className="hero-joy-strip" aria-label="Made with care">
  66 |       {["Made from scratch", "A little extra love", "Never just a cak...
> 67 |     </>
     |       ^
  68 |   );
  69 | }
  70 |

Parsing ecmascript source code failed

Import trace:
  Server Component:
    ./src/app/hero-carousel.tsx
    ./src/app/page.tsx @ http://localhost:3000/_next/static/chunks/node_modules_next_dist_1gdrd03._.js:1945
[   49609ms] [ERROR] ./src/app/hero-carousel.tsx:67:7
Expression expected
  65 |     <ul className="hero-joy-strip" aria-label="Made with care">
  66 |       {["Made from scratch", "A little extra love", "Never just a cak...
> 67 |     </>
     |       ^
  68 |   );
  69 | }
  70 |

Parsing ecmascript source code failed

Import trace:
  Server Component:
    ./src/app/hero-carousel.tsx
    ./src/app/page.tsx @ http://localhost:3000/_next/static/chunks/node_modules_next_dist_1gdrd03._.js:1945
[   49660ms] [ERROR] ./src/app/hero-carousel.tsx:67:7
Expression expected
  65 |     <ul className="hero-joy-strip" aria-label="Made with care">
  66 |       {["Made from scratch", "A little extra love", "Never just a cak...
> 67 |     </>
     |       ^
  68 |   );
  69 | }
  70 |

Parsing ecmascript source code failed

Import trace:
  Server Component:
    ./src/app/hero-carousel.tsx
    ./src/app/page.tsx @ http://localhost:3000/_next/static/chunks/node_modules_next_dist_1gdrd03._.js:1945
[   49723ms] [ERROR] ./src/app/hero-carousel.tsx:67:7
Expression expected
  65 |     <ul className="hero-joy-strip" aria-label="Made with care">
  66 |       {["Made from scratch", "A little extra love", "Never just a cak...
> 67 |     </>
     |       ^
  68 |   );
  69 | }
  70 |

Parsing ecmascript source code failed

Import trace:
  Server Component:
    ./src/app/hero-carousel.tsx
    ./src/app/page.tsx @ http://localhost:3000/_next/static/chunks/node_modules_next_dist_1gdrd03._.js:1945
[   49777ms] [ERROR] ./src/app/hero-carousel.tsx:67:7
Expression expected
  65 |     <ul className="hero-joy-strip" aria-label="Made with care">
  66 |       {["Made from scratch", "A little extra love", "Never just a cak...
> 67 |     </>
     |       ^
  68 |   );
  69 | }
  70 |

Parsing ecmascript source code failed

Import trace:
  Server Component:
    ./src/app/hero-carousel.tsx
    ./src/app/page.tsx @ http://localhost:3000/_next/static/chunks/node_modules_next_dist_1gdrd03._.js:1945
[   49841ms] [ERROR] ./src/app/hero-carousel.tsx:67:7
Expression expected
  65 |     <ul className="hero-joy-strip" aria-label="Made with care">
  66 |       {["Made from scratch", "A little extra love", "Never just a cak...
> 67 |     </>
     |       ^
  68 |   );
  69 | }
  70 |

Parsing ecmascript source code failed

Import trace:
  Server Component:
    ./src/app/hero-carousel.tsx
    ./src/app/page.tsx @ http://localhost:3000/_next/static/chunks/node_modules_next_dist_1gdrd03._.js:1945
[   49902ms] [ERROR] ./src/app/hero-carousel.tsx:67:7
Expression expected
  65 |     <ul className="hero-joy-strip" aria-label="Made with care">
  66 |       {["Made from scratch", "A little extra love", "Never just a cak...
> 67 |     </>
     |       ^
  68 |   );
  69 | }
  70 |

Parsing ecmascript source code failed

Import trace:
  Server Component:
    ./src/app/hero-carousel.tsx
    ./src/app/page.tsx @ http://localhost:3000/_next/static/chunks/node_modules_next_dist_1gdrd03._.js:1945
[   49964ms] [ERROR] ./src/app/hero-carousel.tsx:67:7
Expression expected
  65 |     <ul className="hero-joy-strip" aria-label="Made with care">
  66 |       {["Made from scratch", "A little extra love", "Never just a cak...
> 67 |     </>
     |       ^
  68 |   );
  69 | }
  70 |

Parsing ecmascript source code failed

Import trace:
  Server Component:
    ./src/app/hero-carousel.tsx
    ./src/app/page.tsx @ http://localhost:3000/_next/static/chunks/node_modules_next_dist_1gdrd03._.js:1945
[   50020ms] [ERROR] ./src/app/hero-carousel.tsx:67:7
Expression expected
  65 |     <ul className="hero-joy-strip" aria-label="Made with care">
  66 |       {["Made from scratch", "A little extra love", "Never just a cak...
> 67 |     </>
     |       ^
  68 |   );
  69 | }
  70 |

Parsing ecmascript source code failed

Import trace:
  Server Component:
    ./src/app/hero-carousel.tsx
    ./src/app/page.tsx @ http://localhost:3000/_next/static/chunks/node_modules_next_dist_1gdrd03._.js:1945
[   50075ms] [ERROR] ./src/app/hero-carousel.tsx:67:7
Expression expected
  65 |     <ul className="hero-joy-strip" aria-label="Made with care">
  66 |       {["Made from scratch", "A little extra love", "Never just a cak...
> 67 |     </>
     |       ^
  68 |   );
  69 | }
  70 |

Parsing ecmascript source code failed

Import trace:
  Server Component:
    ./src/app/hero-carousel.tsx
    ./src/app/page.tsx @ http://localhost:3000/_next/static/chunks/node_modules_next_dist_1gdrd03._.js:1945
[   50152ms] [ERROR] ./src/app/hero-carousel.tsx:67:7
Expression expected
  65 |     <ul className="hero-joy-strip" aria-label="Made with care">
  66 |       {["Made from scratch", "A little extra love", "Never just a cak...
> 67 |     </>
     |       ^
  68 |   );
  69 | }
  70 |

Parsing ecmascript source code failed

Import trace:
  Server Component:
    ./src/app/hero-carousel.tsx
    ./src/app/page.tsx @ http://localhost:3000/_next/static/chunks/node_modules_next_dist_1gdrd03._.js:1945
[   50213ms] [ERROR] ./src/app/hero-carousel.tsx:67:7
Expression expected
  65 |     <ul className="hero-joy-strip" aria-label="Made with care">
  66 |       {["Made from scratch", "A little extra love", "Never just a cak...
> 67 |     </>
     |       ^
  68 |   );
  69 | }
  70 |

Parsing ecmascript source code failed

Import trace:
  Server Component:
    ./src/app/hero-carousel.tsx
    ./src/app/page.tsx @ http://localhost:3000/_next/static/chunks/node_modules_next_dist_1gdrd03._.js:1945
[   50278ms] [ERROR] ./src/app/hero-carousel.tsx:67:7
Expression expected
  65 |     <ul className="hero-joy-strip" aria-label="Made with care">
  66 |       {["Made from scratch", "A little extra love", "Never just a cak...
> 67 |     </>
     |       ^
  68 |   );
  69 | }
  70 |

Parsing ecmascript source code failed

Import trace:
  Server Component:
    ./src/app/hero-carousel.tsx
    ./src/app/page.tsx @ http://localhost:3000/_next/static/chunks/node_modules_next_dist_1gdrd03._.js:1945
[   50339ms] [ERROR] ./src/app/hero-carousel.tsx:67:7
Expression expected
  65 |     <ul className="hero-joy-strip" aria-label="Made with care">
  66 |       {["Made from scratch", "A little extra love", "Never just a cak...
> 67 |     </>
     |       ^
  68 |   );
  69 | }
  70 |

Parsing ecmascript source code failed

Import trace:
  Server Component:
    ./src/app/hero-carousel.tsx
    ./src/app/page.tsx @ http://localhost:3000/_next/static/chunks/node_modules_next_dist_1gdrd03._.js:1945
[   50403ms] [ERROR] ./src/app/hero-carousel.tsx:67:7
Expression expected
  65 |     <ul className="hero-joy-strip" aria-label="Made with care">
  66 |       {["Made from scratch", "A little extra love", "Never just a cak...
> 67 |     </>
     |       ^
  68 |   );
  69 | }
  70 |

Parsing ecmascript source code failed

Import trace:
  Server Component:
    ./src/app/hero-carousel.tsx
    ./src/app/page.tsx @ http://localhost:3000/_next/static/chunks/node_modules_next_dist_1gdrd03._.js:1945
[   50467ms] [ERROR] ./src/app/hero-carousel.tsx:67:7
Expression expected
  65 |     <ul className="hero-joy-strip" aria-label="Made with care">
  66 |       {["Made from scratch", "A little extra love", "Never just a cak...
> 67 |     </>
     |       ^
  68 |   );
  69 | }
  70 |

Parsing ecmascript source code failed

Import trace:
  Server Component:
    ./src/app/hero-carousel.tsx
    ./src/app/page.tsx @ http://localhost:3000/_next/static/chunks/node_modules_next_dist_1gdrd03._.js:1945
[   50530ms] [ERROR] ./src/app/hero-carousel.tsx:67:7
Expression expected
  65 |     <ul className="hero-joy-strip" aria-label="Made with care">
  66 |       {["Made from scratch", "A little extra love", "Never just a cak...
> 67 |     </>
     |       ^
  68 |   );
  69 | }
  70 |

Parsing ecmascript source code failed

Import trace:
  Server Component:
    ./src/app/hero-carousel.tsx
    ./src/app/page.tsx @ http://localhost:3000/_next/static/chunks/node_modules_next_dist_1gdrd03._.js:1945
[   50584ms] [ERROR] ./src/app/hero-carousel.tsx:67:7
Expression expected
  65 |     <ul className="hero-joy-strip" aria-label="Made with care">
  66 |       {["Made from scratch", "A little extra love", "Never just a cak...
> 67 |     </>
     |       ^
  68 |   );
  69 | }
  70 |

Parsing ecmascript source code failed

Import trace:
  Server Component:
    ./src/app/hero-carousel.tsx
    ./src/app/page.tsx @ http://localhost:3000/_next/static/chunks/node_modules_next_dist_1gdrd03._.js:1945
[   50652ms] [ERROR] ./src/app/hero-carousel.tsx:67:7
Expression expected
  65 |     <ul className="hero-joy-strip" aria-label="Made with care">
  66 |       {["Made from scratch", "A little extra love", "Never just a cak...
> 67 |     </>
     |       ^
  68 |   );
  69 | }
  70 |

Parsing ecmascript source code failed

Import trace:
  Server Component:
    ./src/app/hero-carousel.tsx
    ./src/app/page.tsx @ http://localhost:3000/_next/static/chunks/node_modules_next_dist_1gdrd03._.js:1945
[   50715ms] [ERROR] ./src/app/hero-carousel.tsx:67:7
Expression expected
  65 |     <ul className="hero-joy-strip" aria-label="Made with care">
  66 |       {["Made from scratch", "A little extra love", "Never just a cak...
> 67 |     </>
     |       ^
  68 |   );
  69 | }
  70 |

Parsing ecmascript source code failed

Import trace:
  Server Component:
    ./src/app/hero-carousel.tsx
    ./src/app/page.tsx @ http://localhost:3000/_next/static/chunks/node_modules_next_dist_1gdrd03._.js:1945
[   50779ms] [ERROR] ./src/app/hero-carousel.tsx:67:7
Expression expected
  65 |     <ul className="hero-joy-strip" aria-label="Made with care">
  66 |       {["Made from scratch", "A little extra love", "Never just a cak...
> 67 |     </>
     |       ^
  68 |   );
  69 | }
  70 |

Parsing ecmascript source code failed

Import trace:
  Server Component:
    ./src/app/hero-carousel.tsx
    ./src/app/page.tsx @ http://localhost:3000/_next/static/chunks/node_modules_next_dist_1gdrd03._.js:1945
[   50843ms] [ERROR] ./src/app/hero-carousel.tsx:67:7
Expression expected
  65 |     <ul className="hero-joy-strip" aria-label="Made with care">
  66 |       {["Made from scratch", "A little extra love", "Never just a cak...
> 67 |     </>
     |       ^
  68 |   );
  69 | }
  70 |

Parsing ecmascript source code failed

Import trace:
  Server Component:
    ./src/app/hero-carousel.tsx
    ./src/app/page.tsx @ http://localhost:3000/_next/static/chunks/node_modules_next_dist_1gdrd03._.js:1945
[   50919ms] [ERROR] ./src/app/hero-carousel.tsx:67:7
Expression expected
  65 |     <ul className="hero-joy-strip" aria-label="Made with care">
  66 |       {["Made from scratch", "A little extra love", "Never just a cak...
> 67 |     </>
     |       ^
  68 |   );
  69 | }
  70 |

Parsing ecmascript source code failed

Import trace:
  Server Component:
    ./src/app/hero-carousel.tsx
    ./src/app/page.tsx @ http://localhost:3000/_next/static/chunks/node_modules_next_dist_1gdrd03._.js:1945
[   50979ms] [ERROR] ./src/app/hero-carousel.tsx:67:7
Expression expected
  65 |     <ul className="hero-joy-strip" aria-label="Made with care">
  66 |       {["Made from scratch", "A little extra love", "Never just a cak...
> 67 |     </>
     |       ^
  68 |   );
  69 | }
  70 |

Parsing ecmascript source code failed

Import trace:
  Server Component:
    ./src/app/hero-carousel.tsx
    ./src/app/page.tsx @ http://localhost:3000/_next/static/chunks/node_modules_next_dist_1gdrd03._.js:1945
[   51043ms] [ERROR] ./src/app/hero-carousel.tsx:67:7
Expression expected
  65 |     <ul className="hero-joy-strip" aria-label="Made with care">
  66 |       {["Made from scratch", "A little extra love", "Never just a cak...
> 67 |     </>
     |       ^
  68 |   );
  69 | }
  70 |

Parsing ecmascript source code failed

Import trace:
  Server Component:
    ./src/app/hero-carousel.tsx
    ./src/app/page.tsx @ http://localhost:3000/_next/static/chunks/node_modules_next_dist_1gdrd03._.js:1945
[   51106ms] [ERROR] ./src/app/hero-carousel.tsx:67:7
Expression expected
  65 |     <ul className="hero-joy-strip" aria-label="Made with care">
  66 |       {["Made from scratch", "A little extra love", "Never just a cak...
> 67 |     </>
     |       ^
  68 |   );
  69 | }
  70 |

Parsing ecmascript source code failed

Import trace:
  Server Component:
    ./src/app/hero-carousel.tsx
    ./src/app/page.tsx @ http://localhost:3000/_next/static/chunks/node_modules_next_dist_1gdrd03._.js:1945
[   51168ms] [ERROR] ./src/app/hero-carousel.tsx:67:7
Expression expected
  65 |     <ul className="hero-joy-strip" aria-label="Made with care">
  66 |       {["Made from scratch", "A little extra love", "Never just a cak...
> 67 |     </>
     |       ^
  68 |   );
  69 | }
  70 |

Parsing ecmascript source code failed

Import trace:
  Server Component:
    ./src/app/hero-carousel.tsx
    ./src/app/page.tsx @ http://localhost:3000/_next/static/chunks/node_modules_next_dist_1gdrd03._.js:1945
[   51232ms] [ERROR] ./src/app/hero-carousel.tsx:67:7
Expression expected
  65 |     <ul className="hero-joy-strip" aria-label="Made with care">
  66 |       {["Made from scratch", "A little extra love", "Never just a cak...
> 67 |     </>
     |       ^
  68 |   );
  69 | }
  70 |

Parsing ecmascript source code failed

Import trace:
  Server Component:
    ./src/app/hero-carousel.tsx
    ./src/app/page.tsx @ http://localhost:3000/_next/static/chunks/node_modules_next_dist_1gdrd03._.js:1945
[   51295ms] [ERROR] ./src/app/hero-carousel.tsx:67:7
Expression expected
  65 |     <ul className="hero-joy-strip" aria-label="Made with care">
  66 |       {["Made from scratch", "A little extra love", "Never just a cak...
> 67 |     </>
     |       ^
  68 |   );
  69 | }
  70 |

Parsing ecmascript source code failed

Import trace:
  Server Component:
    ./src/app/hero-carousel.tsx
    ./src/app/page.tsx @ http://localhost:3000/_next/static/chunks/node_modules_next_dist_1gdrd03._.js:1945
[   51346ms] [ERROR] ./src/app/hero-carousel.tsx:67:7
Expression expected
  65 |     <ul className="hero-joy-strip" aria-label="Made with care">
  66 |       {["Made from scratch", "A little extra love", "Never just a cak...
> 67 |     </>
     |       ^
  68 |   );
  69 | }
  70 |

Parsing ecmascript source code failed

Import trace:
  Server Component:
    ./src/app/hero-carousel.tsx
    ./src/app/page.tsx @ http://localhost:3000/_next/static/chunks/node_modules_next_dist_1gdrd03._.js:1945
[   51403ms] [ERROR] ./src/app/hero-carousel.tsx:67:7
Expression expected
  65 |     <ul className="hero-joy-strip" aria-label="Made with care">
  66 |       {["Made from scratch", "A little extra love", "Never just a cak...
> 67 |     </>
     |       ^
  68 |   );
  69 | }
  70 |

Parsing ecmascript source code failed

Import trace:
  Server Component:
    ./src/app/hero-carousel.tsx
    ./src/app/page.tsx @ http://localhost:3000/_next/static/chunks/node_modules_next_dist_1gdrd03._.js:1945
[   51466ms] [ERROR] ./src/app/hero-carousel.tsx:67:7
Expression expected
  65 |     <ul className="hero-joy-strip" aria-label="Made with care">
  66 |       {["Made from scratch", "A little extra love", "Never just a cak...
> 67 |     </>
     |       ^
  68 |   );
  69 | }
  70 |

Parsing ecmascript source code failed

Import trace:
  Server Component:
    ./src/app/hero-carousel.tsx
    ./src/app/page.tsx @ http://localhost:3000/_next/static/chunks/node_modules_next_dist_1gdrd03._.js:1945
[   51528ms] [ERROR] ./src/app/hero-carousel.tsx:67:7
Expression expected
  65 |     <ul className="hero-joy-strip" aria-label="Made with care">
  66 |       {["Made from scratch", "A little extra love", "Never just a cak...
> 67 |     </>
     |       ^
  68 |   );
  69 | }
  70 |

Parsing ecmascript source code failed

Import trace:
  Server Component:
    ./src/app/hero-carousel.tsx
    ./src/app/page.tsx @ http://localhost:3000/_next/static/chunks/node_modules_next_dist_1gdrd03._.js:1945
[   51590ms] [ERROR] ./src/app/hero-carousel.tsx:67:7
Expression expected
  65 |     <ul className="hero-joy-strip" aria-label="Made with care">
  66 |       {["Made from scratch", "A little extra love", "Never just a cak...
> 67 |     </>
     |       ^
  68 |   );
  69 | }
  70 |

Parsing ecmascript source code failed

Import trace:
  Server Component:
    ./src/app/hero-carousel.tsx
    ./src/app/page.tsx @ http://localhost:3000/_next/static/chunks/node_modules_next_dist_1gdrd03._.js:1945
[   51653ms] [ERROR] ./src/app/hero-carousel.tsx:67:7
Expression expected
  65 |     <ul className="hero-joy-strip" aria-label="Made with care">
  66 |       {["Made from scratch", "A little extra love", "Never just a cak...
> 67 |     </>
     |       ^
  68 |   );
  69 | }
  70 |

Parsing ecmascript source code failed

Import trace:
  Server Component:
    ./src/app/hero-carousel.tsx
    ./src/app/page.tsx @ http://localhost:3000/_next/static/chunks/node_modules_next_dist_1gdrd03._.js:1945
[   51732ms] [ERROR] ./src/app/hero-carousel.tsx:67:7
Expression expected
  65 |     <ul className="hero-joy-strip" aria-label="Made with care">
  66 |       {["Made from scratch", "A little extra love", "Never just a cak...
> 67 |     </>
     |       ^
  68 |   );
  69 | }
  70 |

Parsing ecmascript source code failed

Import trace:
  Server Component:
    ./src/app/hero-carousel.tsx
    ./src/app/page.tsx @ http://localhost:3000/_next/static/chunks/node_modules_next_dist_1gdrd03._.js:1945
[   51793ms] [ERROR] ./src/app/hero-carousel.tsx:67:7
Expression expected
  65 |     <ul className="hero-joy-strip" aria-label="Made with care">
  66 |       {["Made from scratch", "A little extra love", "Never just a cak...
> 67 |     </>
     |       ^
  68 |   );
  69 | }
  70 |

Parsing ecmascript source code failed

Import trace:
  Server Component:
    ./src/app/hero-carousel.tsx
    ./src/app/page.tsx @ http://localhost:3000/_next/static/chunks/node_modules_next_dist_1gdrd03._.js:1945
[   51856ms] [ERROR] ./src/app/hero-carousel.tsx:67:7
Expression expected
  65 |     <ul className="hero-joy-strip" aria-label="Made with care">
  66 |       {["Made from scratch", "A little extra love", "Never just a cak...
> 67 |     </>
     |       ^
  68 |   );
  69 | }
  70 |

Parsing ecmascript source code failed

Import trace:
  Server Component:
    ./src/app/hero-carousel.tsx
    ./src/app/page.tsx @ http://localhost:3000/_next/static/chunks/node_modules_next_dist_1gdrd03._.js:1945
[   51918ms] [ERROR] ./src/app/hero-carousel.tsx:67:7
Expression expected
  65 |     <ul className="hero-joy-strip" aria-label="Made with care">
  66 |       {["Made from scratch", "A little extra love", "Never just a cak...
> 67 |     </>
     |       ^
  68 |   );
  69 | }
  70 |

Parsing ecmascript source code failed

Import trace:
  Server Component:
    ./src/app/hero-carousel.tsx
    ./src/app/page.tsx @ http://localhost:3000/_next/static/chunks/node_modules_next_dist_1gdrd03._.js:1945
[   51980ms] [ERROR] ./src/app/hero-carousel.tsx:67:7
Expression expected
  65 |     <ul className="hero-joy-strip" aria-label="Made with care">
  66 |       {["Made from scratch", "A little extra love", "Never just a cak...
> 67 |     </>
     |       ^
  68 |   );
  69 | }
  70 |

Parsing ecmascript source code failed

Import trace:
  Server Component:
    ./src/app/hero-carousel.tsx
    ./src/app/page.tsx @ http://localhost:3000/_next/static/chunks/node_modules_next_dist_1gdrd03._.js:1945
[   52058ms] [ERROR] ./src/app/hero-carousel.tsx:67:7
Expression expected
  65 |     <ul className="hero-joy-strip" aria-label="Made with care">
  66 |       {["Made from scratch", "A little extra love", "Never just a cak...
> 67 |     </>
     |       ^
  68 |   );
  69 | }
  70 |

Parsing ecmascript source code failed

Import trace:
  Server Component:
    ./src/app/hero-carousel.tsx
    ./src/app/page.tsx @ http://localhost:3000/_next/static/chunks/node_modules_next_dist_1gdrd03._.js:1945
[   52110ms] [ERROR] ./src/app/hero-carousel.tsx:67:7
Expression expected
  65 |     <ul className="hero-joy-strip" aria-label="Made with care">
  66 |       {["Made from scratch", "A little extra love", "Never just a cak...
> 67 |     </>
     |       ^
  68 |   );
  69 | }
  70 |

Parsing ecmascript source code failed

Import trace:
  Server Component:
    ./src/app/hero-carousel.tsx
    ./src/app/page.tsx @ http://localhost:3000/_next/static/chunks/node_modules_next_dist_1gdrd03._.js:1945
[   52167ms] [ERROR] ./src/app/hero-carousel.tsx:67:7
Expression expected
  65 |     <ul className="hero-joy-strip" aria-label="Made with care">
  66 |       {["Made from scratch", "A little extra love", "Never just a cak...
> 67 |     </>
     |       ^
  68 |   );
  69 | }
  70 |

Parsing ecmascript source code failed

Import trace:
  Server Component:
    ./src/app/hero-carousel.tsx
    ./src/app/page.tsx @ http://localhost:3000/_next/static/chunks/node_modules_next_dist_1gdrd03._.js:1945
[   52223ms] [ERROR] ./src/app/hero-carousel.tsx:67:7
Expression expected
  65 |     <ul className="hero-joy-strip" aria-label="Made with care">
  66 |       {["Made from scratch", "A little extra love", "Never just a cak...
> 67 |     </>
     |       ^
  68 |   );
  69 | }
  70 |

Parsing ecmascript source code failed

Import trace:
  Server Component:
    ./src/app/hero-carousel.tsx
    ./src/app/page.tsx @ http://localhost:3000/_next/static/chunks/node_modules_next_dist_1gdrd03._.js:1945
[   52270ms] [ERROR] ./src/app/hero-carousel.tsx:67:7
Expression expected
  65 |     <ul className="hero-joy-strip" aria-label="Made with care">
  66 |       {["Made from scratch", "A little extra love", "Never just a cak...
> 67 |     </>
     |       ^
  68 |   );
  69 | }
  70 |

Parsing ecmascript source code failed

Import trace:
  Server Component:
    ./src/app/hero-carousel.tsx
    ./src/app/page.tsx @ http://localhost:3000/_next/static/chunks/node_modules_next_dist_1gdrd03._.js:1945
[   52319ms] [ERROR] ./src/app/hero-carousel.tsx:67:7
Expression expected
  65 |     <ul className="hero-joy-strip" aria-label="Made with care">
  66 |       {["Made from scratch", "A little extra love", "Never just a cak...
> 67 |     </>
     |       ^
  68 |   );
  69 | }
  70 |

Parsing ecmascript source code failed

Import trace:
  Server Component:
    ./src/app/hero-carousel.tsx
    ./src/app/page.tsx @ http://localhost:3000/_next/static/chunks/node_modules_next_dist_1gdrd03._.js:1945
[   52378ms] [ERROR] ./src/app/hero-carousel.tsx:67:7
Expression expected
  65 |     <ul className="hero-joy-strip" aria-label="Made with care">
  66 |       {["Made from scratch", "A little extra love", "Never just a cak...
> 67 |     </>
     |       ^
  68 |   );
  69 | }
  70 |

Parsing ecmascript source code failed

Import trace:
  Server Component:
    ./src/app/hero-carousel.tsx
    ./src/app/page.tsx @ http://localhost:3000/_next/static/chunks/node_modules_next_dist_1gdrd03._.js:1945
[   52443ms] [ERROR] ./src/app/hero-carousel.tsx:67:7
Expression expected
  65 |     <ul className="hero-joy-strip" aria-label="Made with care">
  66 |       {["Made from scratch", "A little extra love", "Never just a cak...
> 67 |     </>
     |       ^
  68 |   );
  69 | }
  70 |

Parsing ecmascript source code failed

Import trace:
  Server Component:
    ./src/app/hero-carousel.tsx
    ./src/app/page.tsx @ http://localhost:3000/_next/static/chunks/node_modules_next_dist_1gdrd03._.js:1945
[   52495ms] [ERROR] ./src/app/hero-carousel.tsx:67:7
Expression expected
  65 |     <ul className="hero-joy-strip" aria-label="Made with care">
  66 |       {["Made from scratch", "A little extra love", "Never just a cak...
> 67 |     </>
     |       ^
  68 |   );
  69 | }
  70 |

Parsing ecmascript source code failed

Import trace:
  Server Component:
    ./src/app/hero-carousel.tsx
    ./src/app/page.tsx @ http://localhost:3000/_next/static/chunks/node_modules_next_dist_1gdrd03._.js:1945
[   52560ms] [ERROR] ./src/app/hero-carousel.tsx:67:7
Expression expected
  65 |     <ul className="hero-joy-strip" aria-label="Made with care">
  66 |       {["Made from scratch", "A little extra love", "Never just a cak...
> 67 |     </>
     |       ^
  68 |   );
  69 | }
  70 |

Parsing ecmascript source code failed

Import trace:
  Server Component:
    ./src/app/hero-carousel.tsx
    ./src/app/page.tsx @ http://localhost:3000/_next/static/chunks/node_modules_next_dist_1gdrd03._.js:1945
[   52625ms] [ERROR] ./src/app/hero-carousel.tsx:67:7
Expression expected
  65 |     <ul className="hero-joy-strip" aria-label="Made with care">
  66 |       {["Made from scratch", "A little extra love", "Never just a cak...
> 67 |     </>
     |       ^
  68 |   );
  69 | }
  70 |

Parsing ecmascript source code failed

Import trace:
  Server Component:
    ./src/app/hero-carousel.tsx
    ./src/app/page.tsx @ http://localhost:3000/_next/static/chunks/node_modules_next_dist_1gdrd03._.js:1945
[   52677ms] [ERROR] ./src/app/hero-carousel.tsx:67:7
Expression expected
  65 |     <ul className="hero-joy-strip" aria-label="Made with care">
  66 |       {["Made from scratch", "A little extra love", "Never just a cak...
> 67 |     </>
     |       ^
  68 |   );
  69 | }
  70 |

Parsing ecmascript source code failed

Import trace:
  Server Component:
    ./src/app/hero-carousel.tsx
    ./src/app/page.tsx @ http://localhost:3000/_next/static/chunks/node_modules_next_dist_1gdrd03._.js:1945
[   52728ms] [ERROR] ./src/app/hero-carousel.tsx:67:7
Expression expected
  65 |     <ul className="hero-joy-strip" aria-label="Made with care">
  66 |       {["Made from scratch", "A little extra love", "Never just a cak...
> 67 |     </>
     |       ^
  68 |   );
  69 | }
  70 |

Parsing ecmascript source code failed

Import trace:
  Server Component:
    ./src/app/hero-carousel.tsx
    ./src/app/page.tsx @ http://localhost:3000/_next/static/chunks/node_modules_next_dist_1gdrd03._.js:1945
[   52778ms] [ERROR] ./src/app/hero-carousel.tsx:67:7
Expression expected
  65 |     <ul className="hero-joy-strip" aria-label="Made with care">
  66 |       {["Made from scratch", "A little extra love", "Never just a cak...
> 67 |     </>
     |       ^
  68 |   );
  69 | }
  70 |

Parsing ecmascript source code failed

Import trace:
  Server Component:
    ./src/app/hero-carousel.tsx
    ./src/app/page.tsx @ http://localhost:3000/_next/static/chunks/node_modules_next_dist_1gdrd03._.js:1945
[   52844ms] [ERROR] ./src/app/hero-carousel.tsx:67:7
Expression expected
  65 |     <ul className="hero-joy-strip" aria-label="Made with care">
  66 |       {["Made from scratch", "A little extra love", "Never just a cak...
> 67 |     </>
     |       ^
  68 |   );
  69 | }
  70 |

Parsing ecmascript source code failed

Import trace:
  Server Component:
    ./src/app/hero-carousel.tsx
    ./src/app/page.tsx @ http://localhost:3000/_next/static/chunks/node_modules_next_dist_1gdrd03._.js:1945
[   52894ms] [ERROR] ./src/app/hero-carousel.tsx:67:7
Expression expected
  65 |     <ul className="hero-joy-strip" aria-label="Made with care">
  66 |       {["Made from scratch", "A little extra love", "Never just a cak...
> 67 |     </>
     |       ^
  68 |   );
  69 | }
  70 |

Parsing ecmascript source code failed

Import trace:
  Server Component:
    ./src/app/hero-carousel.tsx
    ./src/app/page.tsx @ http://localhost:3000/_next/static/chunks/node_modules_next_dist_1gdrd03._.js:1945
[   52944ms] [ERROR] ./src/app/hero-carousel.tsx:67:7
Expression expected
  65 |     <ul className="hero-joy-strip" aria-label="Made with care">
  66 |       {["Made from scratch", "A little extra love", "Never just a cak...
> 67 |     </>
     |       ^
  68 |   );
  69 | }
  70 |

Parsing ecmascript source code failed

Import trace:
  Server Component:
    ./src/app/hero-carousel.tsx
    ./src/app/page.tsx @ http://localhost:3000/_next/static/chunks/node_modules_next_dist_1gdrd03._.js:1945
[   52994ms] [ERROR] ./src/app/hero-carousel.tsx:67:7
Expression expected
  65 |     <ul className="hero-joy-strip" aria-label="Made with care">
  66 |       {["Made from scratch", "A little extra love", "Never just a cak...
> 67 |     </>
     |       ^
  68 |   );
  69 | }
  70 |

Parsing ecmascript source code failed

Import trace:
  Server Component:
    ./src/app/hero-carousel.tsx
    ./src/app/page.tsx @ http://localhost:3000/_next/static/chunks/node_modules_next_dist_1gdrd03._.js:1945
[   53045ms] [ERROR] ./src/app/hero-carousel.tsx:67:7
Expression expected
  65 |     <ul className="hero-joy-strip" aria-label="Made with care">
  66 |       {["Made from scratch", "A little extra love", "Never just a cak...
> 67 |     </>
     |       ^
  68 |   );
  69 | }
  70 |

Parsing ecmascript source code failed

Import trace:
  Server Component:
    ./src/app/hero-carousel.tsx
    ./src/app/page.tsx @ http://localhost:3000/_next/static/chunks/node_modules_next_dist_1gdrd03._.js:1945
[   53094ms] [ERROR] ./src/app/hero-carousel.tsx:67:7
Expression expected
  65 |     <ul className="hero-joy-strip" aria-label="Made with care">
  66 |       {["Made from scratch", "A little extra love", "Never just a cak...
> 67 |     </>
     |       ^
  68 |   );
  69 | }
  70 |

Parsing ecmascript source code failed

Import trace:
  Server Component:
    ./src/app/hero-carousel.tsx
    ./src/app/page.tsx @ http://localhost:3000/_next/static/chunks/node_modules_next_dist_1gdrd03._.js:1945
[   53144ms] [ERROR] ./src/app/hero-carousel.tsx:67:7
Expression expected
  65 |     <ul className="hero-joy-strip" aria-label="Made with care">
  66 |       {["Made from scratch", "A little extra love", "Never just a cak...
> 67 |     </>
     |       ^
  68 |   );
  69 | }
  70 |

Parsing ecmascript source code failed

Import trace:
  Server Component:
    ./src/app/hero-carousel.tsx
    ./src/app/page.tsx @ http://localhost:3000/_next/static/chunks/node_modules_next_dist_1gdrd03._.js:1945
[   53209ms] [ERROR] ./src/app/hero-carousel.tsx:67:7
Expression expected
  65 |     <ul className="hero-joy-strip" aria-label="Made with care">
  66 |       {["Made from scratch", "A little extra love", "Never just a cak...
> 67 |     </>
     |       ^
  68 |   );
  69 | }
  70 |

Parsing ecmascript source code failed

Import trace:
  Server Component:
    ./src/app/hero-carousel.tsx
    ./src/app/page.tsx @ http://localhost:3000/_next/static/chunks/node_modules_next_dist_1gdrd03._.js:1945
[   53261ms] [ERROR] ./src/app/hero-carousel.tsx:67:7
Expression expected
  65 |     <ul className="hero-joy-strip" aria-label="Made with care">
  66 |       {["Made from scratch", "A little extra love", "Never just a cak...
> 67 |     </>
     |       ^
  68 |   );
  69 | }
  70 |

Parsing ecmascript source code failed

Import trace:
  Server Component:
    ./src/app/hero-carousel.tsx
    ./src/app/page.tsx @ http://localhost:3000/_next/static/chunks/node_modules_next_dist_1gdrd03._.js:1945
[   53310ms] [ERROR] ./src/app/hero-carousel.tsx:67:7
Expression expected
  65 |     <ul className="hero-joy-strip" aria-label="Made with care">
  66 |       {["Made from scratch", "A little extra love", "Never just a cak...
> 67 |     </>
     |       ^
  68 |   );
  69 | }
  70 |

Parsing ecmascript source code failed

Import trace:
  Server Component:
    ./src/app/hero-carousel.tsx
    ./src/app/page.tsx @ http://localhost:3000/_next/static/chunks/node_modules_next_dist_1gdrd03._.js:1945
[   53376ms] [ERROR] ./src/app/hero-carousel.tsx:67:7
Expression expected
  65 |     <ul className="hero-joy-strip" aria-label="Made with care">
  66 |       {["Made from scratch", "A little extra love", "Never just a cak...
> 67 |     </>
     |       ^
  68 |   );
  69 | }
  70 |

Parsing ecmascript source code failed

Import trace:
  Server Component:
    ./src/app/hero-carousel.tsx
    ./src/app/page.tsx @ http://localhost:3000/_next/static/chunks/node_modules_next_dist_1gdrd03._.js:1945
[   53442ms] [ERROR] ./src/app/hero-carousel.tsx:67:7
Expression expected
  65 |     <ul className="hero-joy-strip" aria-label="Made with care">
  66 |       {["Made from scratch", "A little extra love", "Never just a cak...
> 67 |     </>
     |       ^
  68 |   );
  69 | }
  70 |

Parsing ecmascript source code failed

Import trace:
  Server Component:
    ./src/app/hero-carousel.tsx
    ./src/app/page.tsx @ http://localhost:3000/_next/static/chunks/node_modules_next_dist_1gdrd03._.js:1945
[   53494ms] [ERROR] ./src/app/hero-carousel.tsx:67:7
Expression expected
  65 |     <ul className="hero-joy-strip" aria-label="Made with care">
  66 |       {["Made from scratch", "A little extra love", "Never just a cak...
> 67 |     </>
     |       ^
  68 |   );
  69 | }
  70 |

Parsing ecmascript source code failed

Import trace:
  Server Component:
    ./src/app/hero-carousel.tsx
    ./src/app/page.tsx @ http://localhost:3000/_next/static/chunks/node_modules_next_dist_1gdrd03._.js:1945
[   53544ms] [ERROR] ./src/app/hero-carousel.tsx:67:7
Expression expected
  65 |     <ul className="hero-joy-strip" aria-label="Made with care">
  66 |       {["Made from scratch", "A little extra love", "Never just a cak...
> 67 |     </>
     |       ^
  68 |   );
  69 | }
  70 |

Parsing ecmascript source code failed

Import trace:
  Server Component:
    ./src/app/hero-carousel.tsx
    ./src/app/page.tsx @ http://localhost:3000/_next/static/chunks/node_modules_next_dist_1gdrd03._.js:1945
[   53593ms] [ERROR] ./src/app/hero-carousel.tsx:67:7
Expression expected
  65 |     <ul className="hero-joy-strip" aria-label="Made with care">
  66 |       {["Made from scratch", "A little extra love", "Never just a cak...
> 67 |     </>
     |       ^
  68 |   );
  69 | }
  70 |

Parsing ecmascript source code failed

Import trace:
  Server Component:
    ./src/app/hero-carousel.tsx
    ./src/app/page.tsx @ http://localhost:3000/_next/static/chunks/node_modules_next_dist_1gdrd03._.js:1945
[   53656ms] [ERROR] ./src/app/hero-carousel.tsx:67:7
Expression expected
  65 |     <ul className="hero-joy-strip" aria-label="Made with care">
  66 |       {["Made from scratch", "A little extra love", "Never just a cak...
> 67 |     </>
     |       ^
  68 |   );
  69 | }
  70 |

Parsing ecmascript source code failed

Import trace:
  Server Component:
    ./src/app/hero-carousel.tsx
    ./src/app/page.tsx @ http://localhost:3000/_next/static/chunks/node_modules_next_dist_1gdrd03._.js:1945
[   53710ms] [ERROR] ./src/app/hero-carousel.tsx:67:7
Expression expected
  65 |     <ul className="hero-joy-strip" aria-label="Made with care">
  66 |       {["Made from scratch", "A little extra love", "Never just a cak...
> 67 |     </>
     |       ^
  68 |   );
  69 | }
  70 |

Parsing ecmascript source code failed

Import trace:
  Server Component:
    ./src/app/hero-carousel.tsx
    ./src/app/page.tsx @ http://localhost:3000/_next/static/chunks/node_modules_next_dist_1gdrd03._.js:1945
[   53776ms] [ERROR] ./src/app/hero-carousel.tsx:67:7
Expression expected
  65 |     <ul className="hero-joy-strip" aria-label="Made with care">
  66 |       {["Made from scratch", "A little extra love", "Never just a cak...
> 67 |     </>
     |       ^
  68 |   );
  69 | }
  70 |

Parsing ecmascript source code failed

Import trace:
  Server Component:
    ./src/app/hero-carousel.tsx
    ./src/app/page.tsx @ http://localhost:3000/_next/static/chunks/node_modules_next_dist_1gdrd03._.js:1945
[   53823ms] [ERROR] ./src/app/hero-carousel.tsx:67:7
Expression expected
  65 |     <ul className="hero-joy-strip" aria-label="Made with care">
  66 |       {["Made from scratch", "A little extra love", "Never just a cak...
> 67 |     </>
     |       ^
  68 |   );
  69 | }
  70 |

Parsing ecmascript source code failed

Import trace:
  Server Component:
    ./src/app/hero-carousel.tsx
    ./src/app/page.tsx @ http://localhost:3000/_next/static/chunks/node_modules_next_dist_1gdrd03._.js:1945
[   53878ms] [ERROR] ./src/app/hero-carousel.tsx:67:7
Expression expected
  65 |     <ul className="hero-joy-strip" aria-label="Made with care">
  66 |       {["Made from scratch", "A little extra love", "Never just a cak...
> 67 |     </>
     |       ^
  68 |   );
  69 | }
  70 |

Parsing ecmascript source code failed

Import trace:
  Server Component:
    ./src/app/hero-carousel.tsx
    ./src/app/page.tsx @ http://localhost:3000/_next/static/chunks/node_modules_next_dist_1gdrd03._.js:1945
[   53943ms] [ERROR] ./src/app/hero-carousel.tsx:67:7
Expression expected
  65 |     <ul className="hero-joy-strip" aria-label="Made with care">
  66 |       {["Made from scratch", "A little extra love", "Never just a cak...
> 67 |     </>
     |       ^
  68 |   );
  69 | }
  70 |

Parsing ecmascript source code failed

Import trace:
  Server Component:
    ./src/app/hero-carousel.tsx
    ./src/app/page.tsx @ http://localhost:3000/_next/static/chunks/node_modules_next_dist_1gdrd03._.js:1945
[   53994ms] [ERROR] ./src/app/hero-carousel.tsx:67:7
Expression expected
  65 |     <ul className="hero-joy-strip" aria-label="Made with care">
  66 |       {["Made from scratch", "A little extra love", "Never just a cak...
> 67 |     </>
     |       ^
  68 |   );
  69 | }
  70 |

Parsing ecmascript source code failed

Import trace:
  Server Component:
    ./src/app/hero-carousel.tsx
    ./src/app/page.tsx @ http://localhost:3000/_next/static/chunks/node_modules_next_dist_1gdrd03._.js:1945
[   54045ms] [ERROR] ./src/app/hero-carousel.tsx:67:7
Expression expected
  65 |     <ul className="hero-joy-strip" aria-label="Made with care">
  66 |       {["Made from scratch", "A little extra love", "Never just a cak...
> 67 |     </>
     |       ^
  68 |   );
  69 | }
  70 |

Parsing ecmascript source code failed

Import trace:
  Server Component:
    ./src/app/hero-carousel.tsx
    ./src/app/page.tsx @ http://localhost:3000/_next/static/chunks/node_modules_next_dist_1gdrd03._.js:1945
[   54111ms] [ERROR] ./src/app/hero-carousel.tsx:67:7
Expression expected
  65 |     <ul className="hero-joy-strip" aria-label="Made with care">
  66 |       {["Made from scratch", "A little extra love", "Never just a cak...
> 67 |     </>
     |       ^
  68 |   );
  69 | }
  70 |

Parsing ecmascript source code failed

Import trace:
  Server Component:
    ./src/app/hero-carousel.tsx
    ./src/app/page.tsx @ http://localhost:3000/_next/static/chunks/node_modules_next_dist_1gdrd03._.js:1945
[   54174ms] [ERROR] ./src/app/hero-carousel.tsx:67:7
Expression expected
  65 |     <ul className="hero-joy-strip" aria-label="Made with care">
  66 |       {["Made from scratch", "A little extra love", "Never just a cak...
> 67 |     </>
     |       ^
  68 |   );
  69 | }
  70 |

Parsing ecmascript source code failed

Import trace:
  Server Component:
    ./src/app/hero-carousel.tsx
    ./src/app/page.tsx @ http://localhost:3000/_next/static/chunks/node_modules_next_dist_1gdrd03._.js:1945
[   54244ms] [ERROR] ./src/app/hero-carousel.tsx:67:7
Expression expected
  65 |     <ul className="hero-joy-strip" aria-label="Made with care">
  66 |       {["Made from scratch", "A little extra love", "Never just a cak...
> 67 |     </>
     |       ^
  68 |   );
  69 | }
  70 |

Parsing ecmascript source code failed

Import trace:
  Server Component:
    ./src/app/hero-carousel.tsx
    ./src/app/page.tsx @ http://localhost:3000/_next/static/chunks/node_modules_next_dist_1gdrd03._.js:1945
[   54296ms] [ERROR] ./src/app/hero-carousel.tsx:67:7
Expression expected
  65 |     <ul className="hero-joy-strip" aria-label="Made with care">
  66 |       {["Made from scratch", "A little extra love", "Never just a cak...
> 67 |     </>
     |       ^
  68 |   );
  69 | }
  70 |

Parsing ecmascript source code failed

Import trace:
  Server Component:
    ./src/app/hero-carousel.tsx
    ./src/app/page.tsx @ http://localhost:3000/_next/static/chunks/node_modules_next_dist_1gdrd03._.js:1945
[   54360ms] [ERROR] ./src/app/hero-carousel.tsx:67:7
Expression expected
  65 |     <ul className="hero-joy-strip" aria-label="Made with care">
  66 |       {["Made from scratch", "A little extra love", "Never just a cak...
> 67 |     </>
     |       ^
  68 |   );
  69 | }
  70 |

Parsing ecmascript source code failed

Import trace:
  Server Component:
    ./src/app/hero-carousel.tsx
    ./src/app/page.tsx @ http://localhost:3000/_next/static/chunks/node_modules_next_dist_1gdrd03._.js:1945
[   54411ms] [ERROR] ./src/app/hero-carousel.tsx:67:7
Expression expected
  65 |     <ul className="hero-joy-strip" aria-label="Made with care">
  66 |       {["Made from scratch", "A little extra love", "Never just a cak...
> 67 |     </>
     |       ^
  68 |   );
  69 | }
  70 |

Parsing ecmascript source code failed

Import trace:
  Server Component:
    ./src/app/hero-carousel.tsx
    ./src/app/page.tsx @ http://localhost:3000/_next/static/chunks/node_modules_next_dist_1gdrd03._.js:1945
[   54462ms] [ERROR] ./src/app/hero-carousel.tsx:67:7
Expression expected
  65 |     <ul className="hero-joy-strip" aria-label="Made with care">
  66 |       {["Made from scratch", "A little extra love", "Never just a cak...
> 67 |     </>
     |       ^
  68 |   );
  69 | }
  70 |

Parsing ecmascript source code failed

Import trace:
  Server Component:
    ./src/app/hero-carousel.tsx
    ./src/app/page.tsx @ http://localhost:3000/_next/static/chunks/node_modules_next_dist_1gdrd03._.js:1945
[   54528ms] [ERROR] ./src/app/hero-carousel.tsx:67:7
Expression expected
  65 |     <ul className="hero-joy-strip" aria-label="Made with care">
  66 |       {["Made from scratch", "A little extra love", "Never just a cak...
> 67 |     </>
     |       ^
  68 |   );
  69 | }
  70 |

Parsing ecmascript source code failed

Import trace:
  Server Component:
    ./src/app/hero-carousel.tsx
    ./src/app/page.tsx @ http://localhost:3000/_next/static/chunks/node_modules_next_dist_1gdrd03._.js:1945
[   54595ms] [ERROR] ./src/app/hero-carousel.tsx:67:7
Expression expected
  65 |     <ul className="hero-joy-strip" aria-label="Made with care">
  66 |       {["Made from scratch", "A little extra love", "Never just a cak...
> 67 |     </>
     |       ^
  68 |   );
  69 | }
  70 |

Parsing ecmascript source code failed

Import trace:
  Server Component:
    ./src/app/hero-carousel.tsx
    ./src/app/page.tsx @ http://localhost:3000/_next/static/chunks/node_modules_next_dist_1gdrd03._.js:1945
[   54647ms] [ERROR] ./src/app/hero-carousel.tsx:67:7
Expression expected
  65 |     <ul className="hero-joy-strip" aria-label="Made with care">
  66 |       {["Made from scratch", "A little extra love", "Never just a cak...
> 67 |     </>
     |       ^
  68 |   );
  69 | }
  70 |

Parsing ecmascript source code failed

Import trace:
  Server Component:
    ./src/app/hero-carousel.tsx
    ./src/app/page.tsx @ http://localhost:3000/_next/static/chunks/node_modules_next_dist_1gdrd03._.js:1945
[   54711ms] [ERROR] ./src/app/hero-carousel.tsx:67:7
Expression expected
  65 |     <ul className="hero-joy-strip" aria-label="Made with care">
  66 |       {["Made from scratch", "A little extra love", "Never just a cak...
> 67 |     </>
     |       ^
  68 |   );
  69 | }
  70 |

Parsing ecmascript source code failed

Import trace:
  Server Component:
    ./src/app/hero-carousel.tsx
    ./src/app/page.tsx @ http://localhost:3000/_next/static/chunks/node_modules_next_dist_1gdrd03._.js:1945
[   54761ms] [ERROR] ./src/app/hero-carousel.tsx:67:7
Expression expected
  65 |     <ul className="hero-joy-strip" aria-label="Made with care">
  66 |       {["Made from scratch", "A little extra love", "Never just a cak...
> 67 |     </>
     |       ^
  68 |   );
  69 | }
  70 |

Parsing ecmascript source code failed

Import trace:
  Server Component:
    ./src/app/hero-carousel.tsx
    ./src/app/page.tsx @ http://localhost:3000/_next/static/chunks/node_modules_next_dist_1gdrd03._.js:1945
[   54810ms] [ERROR] ./src/app/hero-carousel.tsx:67:7
Expression expected
  65 |     <ul className="hero-joy-strip" aria-label="Made with care">
  66 |       {["Made from scratch", "A little extra love", "Never just a cak...
> 67 |     </>
     |       ^
  68 |   );
  69 | }
  70 |

Parsing ecmascript source code failed

Import trace:
  Server Component:
    ./src/app/hero-carousel.tsx
    ./src/app/page.tsx @ http://localhost:3000/_next/static/chunks/node_modules_next_dist_1gdrd03._.js:1945
[   54859ms] [ERROR] ./src/app/hero-carousel.tsx:67:7
Expression expected
  65 |     <ul className="hero-joy-strip" aria-label="Made with care">
  66 |       {["Made from scratch", "A little extra love", "Never just a cak...
> 67 |     </>
     |       ^
  68 |   );
  69 | }
  70 |

Parsing ecmascript source code failed

Import trace:
  Server Component:
    ./src/app/hero-carousel.tsx
    ./src/app/page.tsx @ http://localhost:3000/_next/static/chunks/node_modules_next_dist_1gdrd03._.js:1945
[   54926ms] [ERROR] ./src/app/hero-carousel.tsx:67:7
Expression expected
  65 |     <ul className="hero-joy-strip" aria-label="Made with care">
  66 |       {["Made from scratch", "A little extra love", "Never just a cak...
> 67 |     </>
     |       ^
  68 |   );
  69 | }
  70 |

Parsing ecmascript source code failed

Import trace:
  Server Component:
    ./src/app/hero-carousel.tsx
    ./src/app/page.tsx @ http://localhost:3000/_next/static/chunks/node_modules_next_dist_1gdrd03._.js:1945
[   54977ms] [ERROR] ./src/app/hero-carousel.tsx:67:7
Expression expected
  65 |     <ul className="hero-joy-strip" aria-label="Made with care">
  66 |       {["Made from scratch", "A little extra love", "Never just a cak...
> 67 |     </>
     |       ^
  68 |   );
  69 | }
  70 |

Parsing ecmascript source code failed

Import trace:
  Server Component:
    ./src/app/hero-carousel.tsx
    ./src/app/page.tsx @ http://localhost:3000/_next/static/chunks/node_modules_next_dist_1gdrd03._.js:1945
[   55027ms] [ERROR] ./src/app/hero-carousel.tsx:67:7
Expression expected
  65 |     <ul className="hero-joy-strip" aria-label="Made with care">
  66 |       {["Made from scratch", "A little extra love", "Never just a cak...
> 67 |     </>
     |       ^
  68 |   );
  69 | }
  70 |

Parsing ecmascript source code failed

Import trace:
  Server Component:
    ./src/app/hero-carousel.tsx
    ./src/app/page.tsx @ http://localhost:3000/_next/static/chunks/node_modules_next_dist_1gdrd03._.js:1945
[   55088ms] [ERROR] ./src/app/hero-carousel.tsx:67:7
Expression expected
  65 |     <ul className="hero-joy-strip" aria-label="Made with care">
  66 |       {["Made from scratch", "A little extra love", "Never just a cak...
> 67 |     </>
     |       ^
  68 |   );
  69 | }
  70 |

Parsing ecmascript source code failed

Import trace:
  Server Component:
    ./src/app/hero-carousel.tsx
    ./src/app/page.tsx @ http://localhost:3000/_next/static/chunks/node_modules_next_dist_1gdrd03._.js:1945
[   55143ms] [ERROR] ./src/app/hero-carousel.tsx:67:7
Expression expected
  65 |     <ul className="hero-joy-strip" aria-label="Made with care">
  66 |       {["Made from scratch", "A little extra love", "Never just a cak...
> 67 |     </>
     |       ^
  68 |   );
  69 | }
  70 |

Parsing ecmascript source code failed

Import trace:
  Server Component:
    ./src/app/hero-carousel.tsx
    ./src/app/page.tsx @ http://localhost:3000/_next/static/chunks/node_modules_next_dist_1gdrd03._.js:1945
[   55208ms] [ERROR] ./src/app/hero-carousel.tsx:67:7
Expression expected
  65 |     <ul className="hero-joy-strip" aria-label="Made with care">
  66 |       {["Made from scratch", "A little extra love", "Never just a cak...
> 67 |     </>
     |       ^
  68 |   );
  69 | }
  70 |

Parsing ecmascript source code failed

Import trace:
  Server Component:
    ./src/app/hero-carousel.tsx
    ./src/app/page.tsx @ http://localhost:3000/_next/static/chunks/node_modules_next_dist_1gdrd03._.js:1945
[   55261ms] [ERROR] ./src/app/hero-carousel.tsx:67:7
Expression expected
  65 |     <ul className="hero-joy-strip" aria-label="Made with care">
  66 |       {["Made from scratch", "A little extra love", "Never just a cak...
> 67 |     </>
     |       ^
  68 |   );
  69 | }
  70 |

Parsing ecmascript source code failed

Import trace:
  Server Component:
    ./src/app/hero-carousel.tsx
    ./src/app/page.tsx @ http://localhost:3000/_next/static/chunks/node_modules_next_dist_1gdrd03._.js:1945
[   55311ms] [ERROR] ./src/app/hero-carousel.tsx:67:7
Expression expected
  65 |     <ul className="hero-joy-strip" aria-label="Made with care">
  66 |       {["Made from scratch", "A little extra love", "Never just a cak...
> 67 |     </>
     |       ^
  68 |   );
  69 | }
  70 |

Parsing ecmascript source code failed

Import trace:
  Server Component:
    ./src/app/hero-carousel.tsx
    ./src/app/page.tsx @ http://localhost:3000/_next/static/chunks/node_modules_next_dist_1gdrd03._.js:1945
[   55376ms] [ERROR] ./src/app/hero-carousel.tsx:67:7
Expression expected
  65 |     <ul className="hero-joy-strip" aria-label="Made with care">
  66 |       {["Made from scratch", "A little extra love", "Never just a cak...
> 67 |     </>
     |       ^
  68 |   );
  69 | }
  70 |

Parsing ecmascript source code failed

Import trace:
  Server Component:
    ./src/app/hero-carousel.tsx
    ./src/app/page.tsx @ http://localhost:3000/_next/static/chunks/node_modules_next_dist_1gdrd03._.js:1945
[   55427ms] [ERROR] ./src/app/hero-carousel.tsx:67:7
Expression expected
  65 |     <ul className="hero-joy-strip" aria-label="Made with care">
  66 |       {["Made from scratch", "A little extra love", "Never just a cak...
> 67 |     </>
     |       ^
  68 |   );
  69 | }
  70 |

Parsing ecmascript source code failed

Import trace:
  Server Component:
    ./src/app/hero-carousel.tsx
    ./src/app/page.tsx @ http://localhost:3000/_next/static/chunks/node_modules_next_dist_1gdrd03._.js:1945
[   55477ms] [ERROR] ./src/app/hero-carousel.tsx:67:7
Expression expected
  65 |     <ul className="hero-joy-strip" aria-label="Made with care">
  66 |       {["Made from scratch", "A little extra love", "Never just a cak...
> 67 |     </>
     |       ^
  68 |   );
  69 | }
  70 |

Parsing ecmascript source code failed

Import trace:
  Server Component:
    ./src/app/hero-carousel.tsx
    ./src/app/page.tsx @ http://localhost:3000/_next/static/chunks/node_modules_next_dist_1gdrd03._.js:1945
[   55544ms] [ERROR] ./src/app/hero-carousel.tsx:67:7
Expression expected
  65 |     <ul className="hero-joy-strip" aria-label="Made with care">
  66 |       {["Made from scratch", "A little extra love", "Never just a cak...
> 67 |     </>
     |       ^
  68 |   );
  69 | }
  70 |

Parsing ecmascript source code failed

Import trace:
  Server Component:
    ./src/app/hero-carousel.tsx
    ./src/app/page.tsx @ http://localhost:3000/_next/static/chunks/node_modules_next_dist_1gdrd03._.js:1945
[   55609ms] [ERROR] ./src/app/hero-carousel.tsx:67:7
Expression expected
  65 |     <ul className="hero-joy-strip" aria-label="Made with care">
  66 |       {["Made from scratch", "A little extra love", "Never just a cak...
> 67 |     </>
     |       ^
  68 |   );
  69 | }
  70 |

Parsing ecmascript source code failed

Import trace:
  Server Component:
    ./src/app/hero-carousel.tsx
    ./src/app/page.tsx @ http://localhost:3000/_next/static/chunks/node_modules_next_dist_1gdrd03._.js:1945
[   55660ms] [ERROR] ./src/app/hero-carousel.tsx:67:7
Expression expected
  65 |     <ul className="hero-joy-strip" aria-label="Made with care">
  66 |       {["Made from scratch", "A little extra love", "Never just a cak...
> 67 |     </>
     |       ^
  68 |   );
  69 | }
  70 |

Parsing ecmascript source code failed

Import trace:
  Server Component:
    ./src/app/hero-carousel.tsx
    ./src/app/page.tsx @ http://localhost:3000/_next/static/chunks/node_modules_next_dist_1gdrd03._.js:1945
[   55713ms] [ERROR] ./src/app/hero-carousel.tsx:67:7
Expression expected
  65 |     <ul className="hero-joy-strip" aria-label="Made with care">
  66 |       {["Made from scratch", "A little extra love", "Never just a cak...
> 67 |     </>
     |       ^
  68 |   );
  69 | }
  70 |

Parsing ecmascript source code failed

Import trace:
  Server Component:
    ./src/app/hero-carousel.tsx
    ./src/app/page.tsx @ http://localhost:3000/_next/static/chunks/node_modules_next_dist_1gdrd03._.js:1945
[   55777ms] [ERROR] ./src/app/hero-carousel.tsx:67:7
Expression expected
  65 |     <ul className="hero-joy-strip" aria-label="Made with care">
  66 |       {["Made from scratch", "A little extra love", "Never just a cak...
> 67 |     </>
     |       ^
  68 |   );
  69 | }
  70 |

Parsing ecmascript source code failed

Import trace:
  Server Component:
    ./src/app/hero-carousel.tsx
    ./src/app/page.tsx @ http://localhost:3000/_next/static/chunks/node_modules_next_dist_1gdrd03._.js:1945
[   55829ms] [ERROR] ./src/app/hero-carousel.tsx:67:7
Expression expected
  65 |     <ul className="hero-joy-strip" aria-label="Made with care">
  66 |       {["Made from scratch", "A little extra love", "Never just a cak...
> 67 |     </>
     |       ^
  68 |   );
  69 | }
  70 |

Parsing ecmascript source code failed

Import trace:
  Server Component:
    ./src/app/hero-carousel.tsx
    ./src/app/page.tsx @ http://localhost:3000/_next/static/chunks/node_modules_next_dist_1gdrd03._.js:1945
[   55894ms] [ERROR] ./src/app/hero-carousel.tsx:67:7
Expression expected
  65 |     <ul className="hero-joy-strip" aria-label="Made with care">
  66 |       {["Made from scratch", "A little extra love", "Never just a cak...
> 67 |     </>
     |       ^
  68 |   );
  69 | }
  70 |

Parsing ecmascript source code failed

Import trace:
  Server Component:
    ./src/app/hero-carousel.tsx
    ./src/app/page.tsx @ http://localhost:3000/_next/static/chunks/node_modules_next_dist_1gdrd03._.js:1945
[   55945ms] [ERROR] ./src/app/hero-carousel.tsx:67:7
Expression expected
  65 |     <ul className="hero-joy-strip" aria-label="Made with care">
  66 |       {["Made from scratch", "A little extra love", "Never just a cak...
> 67 |     </>
     |       ^
  68 |   );
  69 | }
  70 |

Parsing ecmascript source code failed

Import trace:
  Server Component:
    ./src/app/hero-carousel.tsx
    ./src/app/page.tsx @ http://localhost:3000/_next/static/chunks/node_modules_next_dist_1gdrd03._.js:1945
[   56011ms] [ERROR] ./src/app/hero-carousel.tsx:67:7
Expression expected
  65 |     <ul className="hero-joy-strip" aria-label="Made with care">
  66 |       {["Made from scratch", "A little extra love", "Never just a cak...
> 67 |     </>
     |       ^
  68 |   );
  69 | }
  70 |

Parsing ecmascript source code failed

Import trace:
  Server Component:
    ./src/app/hero-carousel.tsx
    ./src/app/page.tsx @ http://localhost:3000/_next/static/chunks/node_modules_next_dist_1gdrd03._.js:1945
[   56078ms] [ERROR] ./src/app/hero-carousel.tsx:67:7
Expression expected
  65 |     <ul className="hero-joy-strip" aria-label="Made with care">
  66 |       {["Made from scratch", "A little extra love", "Never just a cak...
> 67 |     </>
     |       ^
  68 |   );
  69 | }
  70 |

Parsing ecmascript source code failed

Import trace:
  Server Component:
    ./src/app/hero-carousel.tsx
    ./src/app/page.tsx @ http://localhost:3000/_next/static/chunks/node_modules_next_dist_1gdrd03._.js:1945
[   56144ms] [ERROR] ./src/app/hero-carousel.tsx:67:7
Expression expected
  65 |     <ul className="hero-joy-strip" aria-label="Made with care">
  66 |       {["Made from scratch", "A little extra love", "Never just a cak...
> 67 |     </>
     |       ^
  68 |   );
  69 | }
  70 |

Parsing ecmascript source code failed

Import trace:
  Server Component:
    ./src/app/hero-carousel.tsx
    ./src/app/page.tsx @ http://localhost:3000/_next/static/chunks/node_modules_next_dist_1gdrd03._.js:1945
[   56195ms] [ERROR] ./src/app/hero-carousel.tsx:67:7
Expression expected
  65 |     <ul className="hero-joy-strip" aria-label="Made with care">
  66 |       {["Made from scratch", "A little extra love", "Never just a cak...
> 67 |     </>
     |       ^
  68 |   );
  69 | }
  70 |

Parsing ecmascript source code failed

Import trace:
  Server Component:
    ./src/app/hero-carousel.tsx
    ./src/app/page.tsx @ http://localhost:3000/_next/static/chunks/node_modules_next_dist_1gdrd03._.js:1945
[   56260ms] [ERROR] ./src/app/hero-carousel.tsx:67:7
Expression expected
  65 |     <ul className="hero-joy-strip" aria-label="Made with care">
  66 |       {["Made from scratch", "A little extra love", "Never just a cak...
> 67 |     </>
     |       ^
  68 |   );
  69 | }
  70 |

Parsing ecmascript source code failed

Import trace:
  Server Component:
    ./src/app/hero-carousel.tsx
    ./src/app/page.tsx @ http://localhost:3000/_next/static/chunks/node_modules_next_dist_1gdrd03._.js:1945
[   56311ms] [ERROR] ./src/app/hero-carousel.tsx:67:7
Expression expected
  65 |     <ul className="hero-joy-strip" aria-label="Made with care">
  66 |       {["Made from scratch", "A little extra love", "Never just a cak...
> 67 |     </>
     |       ^
  68 |   );
  69 | }
  70 |

Parsing ecmascript source code failed

Import trace:
  Server Component:
    ./src/app/hero-carousel.tsx
    ./src/app/page.tsx @ http://localhost:3000/_next/static/chunks/node_modules_next_dist_1gdrd03._.js:1945
[   56377ms] [ERROR] ./src/app/hero-carousel.tsx:67:7
Expression expected
  65 |     <ul className="hero-joy-strip" aria-label="Made with care">
  66 |       {["Made from scratch", "A little extra love", "Never just a cak...
> 67 |     </>
     |       ^
  68 |   );
  69 | }
  70 |

Parsing ecmascript source code failed

Import trace:
  Server Component:
    ./src/app/hero-carousel.tsx
    ./src/app/page.tsx @ http://localhost:3000/_next/static/chunks/node_modules_next_dist_1gdrd03._.js:1945
[   56428ms] [ERROR] ./src/app/hero-carousel.tsx:67:7
Expression expected
  65 |     <ul className="hero-joy-strip" aria-label="Made with care">
  66 |       {["Made from scratch", "A little extra love", "Never just a cak...
> 67 |     </>
     |       ^
  68 |   );
  69 | }
  70 |

Parsing ecmascript source code failed

Import trace:
  Server Component:
    ./src/app/hero-carousel.tsx
    ./src/app/page.tsx @ http://localhost:3000/_next/static/chunks/node_modules_next_dist_1gdrd03._.js:1945
[   56477ms] [ERROR] ./src/app/hero-carousel.tsx:67:7
Expression expected
  65 |     <ul className="hero-joy-strip" aria-label="Made with care">
  66 |       {["Made from scratch", "A little extra love", "Never just a cak...
> 67 |     </>
     |       ^
  68 |   );
  69 | }
  70 |

Parsing ecmascript source code failed

Import trace:
  Server Component:
    ./src/app/hero-carousel.tsx
    ./src/app/page.tsx @ http://localhost:3000/_next/static/chunks/node_modules_next_dist_1gdrd03._.js:1945
[   56528ms] [ERROR] ./src/app/hero-carousel.tsx:67:7
Expression expected
  65 |     <ul className="hero-joy-strip" aria-label="Made with care">
  66 |       {["Made from scratch", "A little extra love", "Never just a cak...
> 67 |     </>
     |       ^
  68 |   );
  69 | }
  70 |

Parsing ecmascript source code failed

Import trace:
  Server Component:
    ./src/app/hero-carousel.tsx
    ./src/app/page.tsx @ http://localhost:3000/_next/static/chunks/node_modules_next_dist_1gdrd03._.js:1945
[   56577ms] [ERROR] ./src/app/hero-carousel.tsx:67:7
Expression expected
  65 |     <ul className="hero-joy-strip" aria-label="Made with care">
  66 |       {["Made from scratch", "A little extra love", "Never just a cak...
> 67 |     </>
     |       ^
  68 |   );
  69 | }
  70 |

Parsing ecmascript source code failed

Import trace:
  Server Component:
    ./src/app/hero-carousel.tsx
    ./src/app/page.tsx @ http://localhost:3000/_next/static/chunks/node_modules_next_dist_1gdrd03._.js:1945
[   56643ms] [ERROR] ./src/app/hero-carousel.tsx:67:7
Expression expected
  65 |     <ul className="hero-joy-strip" aria-label="Made with care">
  66 |       {["Made from scratch", "A little extra love", "Never just a cak...
> 67 |     </>
     |       ^
  68 |   );
  69 | }
  70 |

Parsing ecmascript source code failed

Import trace:
  Server Component:
    ./src/app/hero-carousel.tsx
    ./src/app/page.tsx @ http://localhost:3000/_next/static/chunks/node_modules_next_dist_1gdrd03._.js:1945
[   56696ms] [ERROR] ./src/app/hero-carousel.tsx:67:7
Expression expected
  65 |     <ul className="hero-joy-strip" aria-label="Made with care">
  66 |       {["Made from scratch", "A little extra love", "Never just a cak...
> 67 |     </>
     |       ^
  68 |   );
  69 | }
  70 |

Parsing ecmascript source code failed

Import trace:
  Server Component:
    ./src/app/hero-carousel.tsx
    ./src/app/page.tsx @ http://localhost:3000/_next/static/chunks/node_modules_next_dist_1gdrd03._.js:1945
[   56761ms] [ERROR] ./src/app/hero-carousel.tsx:67:7
Expression expected
  65 |     <ul className="hero-joy-strip" aria-label="Made with care">
  66 |       {["Made from scratch", "A little extra love", "Never just a cak...
> 67 |     </>
     |       ^
  68 |   );
  69 | }
  70 |

Parsing ecmascript source code failed

Import trace:
  Server Component:
    ./src/app/hero-carousel.tsx
    ./src/app/page.tsx @ http://localhost:3000/_next/static/chunks/node_modules_next_dist_1gdrd03._.js:1945
[   56811ms] [ERROR] ./src/app/hero-carousel.tsx:67:7
Expression expected
  65 |     <ul className="hero-joy-strip" aria-label="Made with care">
  66 |       {["Made from scratch", "A little extra love", "Never just a cak...
> 67 |     </>
     |       ^
  68 |   );
  69 | }
  70 |

Parsing ecmascript source code failed

Import trace:
  Server Component:
    ./src/app/hero-carousel.tsx
    ./src/app/page.tsx @ http://localhost:3000/_next/static/chunks/node_modules_next_dist_1gdrd03._.js:1945
[   56875ms] [ERROR] ./src/app/hero-carousel.tsx:67:7
Expression expected
  65 |     <ul className="hero-joy-strip" aria-label="Made with care">
  66 |       {["Made from scratch", "A little extra love", "Never just a cak...
> 67 |     </>
     |       ^
  68 |   );
  69 | }
  70 |

Parsing ecmascript source code failed

Import trace:
  Server Component:
    ./src/app/hero-carousel.tsx
    ./src/app/page.tsx @ http://localhost:3000/_next/static/chunks/node_modules_next_dist_1gdrd03._.js:1945
[   56927ms] [ERROR] ./src/app/hero-carousel.tsx:67:7
Expression expected
  65 |     <ul className="hero-joy-strip" aria-label="Made with care">
  66 |       {["Made from scratch", "A little extra love", "Never just a cak...
> 67 |     </>
     |       ^
  68 |   );
  69 | }
  70 |

Parsing ecmascript source code failed

Import trace:
  Server Component:
    ./src/app/hero-carousel.tsx
    ./src/app/page.tsx @ http://localhost:3000/_next/static/chunks/node_modules_next_dist_1gdrd03._.js:1945
[   56976ms] [ERROR] ./src/app/hero-carousel.tsx:67:7
Expression expected
  65 |     <ul className="hero-joy-strip" aria-label="Made with care">
  66 |       {["Made from scratch", "A little extra love", "Never just a cak...
> 67 |     </>
     |       ^
  68 |   );
  69 | }
  70 |

Parsing ecmascript source code failed

Import trace:
  Server Component:
    ./src/app/hero-carousel.tsx
    ./src/app/page.tsx @ http://localhost:3000/_next/static/chunks/node_modules_next_dist_1gdrd03._.js:1945
[   57028ms] [ERROR] ./src/app/hero-carousel.tsx:67:7
Expression expected
  65 |     <ul className="hero-joy-strip" aria-label="Made with care">
  66 |       {["Made from scratch", "A little extra love", "Never just a cak...
> 67 |     </>
     |       ^
  68 |   );
  69 | }
  70 |

Parsing ecmascript source code failed

Import trace:
  Server Component:
    ./src/app/hero-carousel.tsx
    ./src/app/page.tsx @ http://localhost:3000/_next/static/chunks/node_modules_next_dist_1gdrd03._.js:1945
[   57094ms] [ERROR] ./src/app/hero-carousel.tsx:67:7
Expression expected
  65 |     <ul className="hero-joy-strip" aria-label="Made with care">
  66 |       {["Made from scratch", "A little extra love", "Never just a cak...
> 67 |     </>
     |       ^
  68 |   );
  69 | }
  70 |

Parsing ecmascript source code failed

Import trace:
  Server Component:
    ./src/app/hero-carousel.tsx
    ./src/app/page.tsx @ http://localhost:3000/_next/static/chunks/node_modules_next_dist_1gdrd03._.js:1945
[   57144ms] [ERROR] ./src/app/hero-carousel.tsx:67:7
Expression expected
  65 |     <ul className="hero-joy-strip" aria-label="Made with care">
  66 |       {["Made from scratch", "A little extra love", "Never just a cak...
> 67 |     </>
     |       ^
  68 |   );
  69 | }
  70 |

Parsing ecmascript source code failed

Import trace:
  Server Component:
    ./src/app/hero-carousel.tsx
    ./src/app/page.tsx @ http://localhost:3000/_next/static/chunks/node_modules_next_dist_1gdrd03._.js:1945
[   57211ms] [ERROR] ./src/app/hero-carousel.tsx:67:7
Expression expected
  65 |     <ul className="hero-joy-strip" aria-label="Made with care">
  66 |       {["Made from scratch", "A little extra love", "Never just a cak...
> 67 |     </>
     |       ^
  68 |   );
  69 | }
  70 |

Parsing ecmascript source code failed

Import trace:
  Server Component:
    ./src/app/hero-carousel.tsx
    ./src/app/page.tsx @ http://localhost:3000/_next/static/chunks/node_modules_next_dist_1gdrd03._.js:1945
[   57262ms] [ERROR] ./src/app/hero-carousel.tsx:67:7
Expression expected
  65 |     <ul className="hero-joy-strip" aria-label="Made with care">
  66 |       {["Made from scratch", "A little extra love", "Never just a cak...
> 67 |     </>
     |       ^
  68 |   );
  69 | }
  70 |

Parsing ecmascript source code failed

Import trace:
  Server Component:
    ./src/app/hero-carousel.tsx
    ./src/app/page.tsx @ http://localhost:3000/_next/static/chunks/node_modules_next_dist_1gdrd03._.js:1945
[   57312ms] [ERROR] ./src/app/hero-carousel.tsx:67:7
Expression expected
  65 |     <ul className="hero-joy-strip" aria-label="Made with care">
  66 |       {["Made from scratch", "A little extra love", "Never just a cak...
> 67 |     </>
     |       ^
  68 |   );
  69 | }
  70 |

Parsing ecmascript source code failed

Import trace:
  Server Component:
    ./src/app/hero-carousel.tsx
    ./src/app/page.tsx @ http://localhost:3000/_next/static/chunks/node_modules_next_dist_1gdrd03._.js:1945
[   57375ms] [ERROR] ./src/app/hero-carousel.tsx:67:7
Expression expected
  65 |     <ul className="hero-joy-strip" aria-label="Made with care">
  66 |       {["Made from scratch", "A little extra love", "Never just a cak...
> 67 |     </>
     |       ^
  68 |   );
  69 | }
  70 |

Parsing ecmascript source code failed

Import trace:
  Server Component:
    ./src/app/hero-carousel.tsx
    ./src/app/page.tsx @ http://localhost:3000/_next/static/chunks/node_modules_next_dist_1gdrd03._.js:1945
[   57427ms] [ERROR] ./src/app/hero-carousel.tsx:67:7
Expression expected
  65 |     <ul className="hero-joy-strip" aria-label="Made with care">
  66 |       {["Made from scratch", "A little extra love", "Never just a cak...
> 67 |     </>
     |       ^
  68 |   );
  69 | }
  70 |

Parsing ecmascript source code failed

Import trace:
  Server Component:
    ./src/app/hero-carousel.tsx
    ./src/app/page.tsx @ http://localhost:3000/_next/static/chunks/node_modules_next_dist_1gdrd03._.js:1945
[   57478ms] [ERROR] ./src/app/hero-carousel.tsx:67:7
Expression expected
  65 |     <ul className="hero-joy-strip" aria-label="Made with care">
  66 |       {["Made from scratch", "A little extra love", "Never just a cak...
> 67 |     </>
     |       ^
  68 |   );
  69 | }
  70 |

Parsing ecmascript source code failed

Import trace:
  Server Component:
    ./src/app/hero-carousel.tsx
    ./src/app/page.tsx @ http://localhost:3000/_next/static/chunks/node_modules_next_dist_1gdrd03._.js:1945
[   57545ms] [ERROR] ./src/app/hero-carousel.tsx:67:7
Expression expected
  65 |     <ul className="hero-joy-strip" aria-label="Made with care">
  66 |       {["Made from scratch", "A little extra love", "Never just a cak...
> 67 |     </>
     |       ^
  68 |   );
  69 | }
  70 |

Parsing ecmascript source code failed

Import trace:
  Server Component:
    ./src/app/hero-carousel.tsx
    ./src/app/page.tsx @ http://localhost:3000/_next/static/chunks/node_modules_next_dist_1gdrd03._.js:1945
[   57609ms] [ERROR] ./src/app/hero-carousel.tsx:67:7
Expression expected
  65 |     <ul className="hero-joy-strip" aria-label="Made with care">
  66 |       {["Made from scratch", "A little extra love", "Never just a cak...
> 67 |     </>
     |       ^
  68 |   );
  69 | }
  70 |

Parsing ecmascript source code failed

Import trace:
  Server Component:
    ./src/app/hero-carousel.tsx
    ./src/app/page.tsx @ http://localhost:3000/_next/static/chunks/node_modules_next_dist_1gdrd03._.js:1945
[   57661ms] [ERROR] ./src/app/hero-carousel.tsx:67:7
Expression expected
  65 |     <ul className="hero-joy-strip" aria-label="Made with care">
  66 |       {["Made from scratch", "A little extra love", "Never just a cak...
> 67 |     </>
     |       ^
  68 |   );
  69 | }
  70 |

Parsing ecmascript source code failed

Import trace:
  Server Component:
    ./src/app/hero-carousel.tsx
    ./src/app/page.tsx @ http://localhost:3000/_next/static/chunks/node_modules_next_dist_1gdrd03._.js:1945
[   57712ms] [ERROR] ./src/app/hero-carousel.tsx:67:7
Expression expected
  65 |     <ul className="hero-joy-strip" aria-label="Made with care">
  66 |       {["Made from scratch", "A little extra love", "Never just a cak...
> 67 |     </>
     |       ^
  68 |   );
  69 | }
  70 |

Parsing ecmascript source code failed

Import trace:
  Server Component:
    ./src/app/hero-carousel.tsx
    ./src/app/page.tsx @ http://localhost:3000/_next/static/chunks/node_modules_next_dist_1gdrd03._.js:1945
[   57777ms] [ERROR] ./src/app/hero-carousel.tsx:67:7
Expression expected
  65 |     <ul className="hero-joy-strip" aria-label="Made with care">
  66 |       {["Made from scratch", "A little extra love", "Never just a cak...
> 67 |     </>
     |       ^
  68 |   );
  69 | }
  70 |

Parsing ecmascript source code failed

Import trace:
  Server Component:
    ./src/app/hero-carousel.tsx
    ./src/app/page.tsx @ http://localhost:3000/_next/static/chunks/node_modules_next_dist_1gdrd03._.js:1945
[   57844ms] [ERROR] ./src/app/hero-carousel.tsx:67:7
Expression expected
  65 |     <ul className="hero-joy-strip" aria-label="Made with care">
  66 |       {["Made from scratch", "A little extra love", "Never just a cak...
> 67 |     </>
     |       ^
  68 |   );
  69 | }
  70 |

Parsing ecmascript source code failed

Import trace:
  Server Component:
    ./src/app/hero-carousel.tsx
    ./src/app/page.tsx @ http://localhost:3000/_next/static/chunks/node_modules_next_dist_1gdrd03._.js:1945
[   57905ms] [ERROR] ./src/app/hero-carousel.tsx:67:7
Expression expected
  65 |     <ul className="hero-joy-strip" aria-label="Made with care">
  66 |       {["Made from scratch", "A little extra love", "Never just a cak...
> 67 |     </>
     |       ^
  68 |   );
  69 | }
  70 |

Parsing ecmascript source code failed

Import trace:
  Server Component:
    ./src/app/hero-carousel.tsx
    ./src/app/page.tsx @ http://localhost:3000/_next/static/chunks/node_modules_next_dist_1gdrd03._.js:1945
[   57945ms] [ERROR] ./src/app/hero-carousel.tsx:67:7
Expression expected
  65 |     <ul className="hero-joy-strip" aria-label="Made with care">
  66 |       {["Made from scratch", "A little extra love", "Never just a cak...
> 67 |     </>
     |       ^
  68 |   );
  69 | }
  70 |

Parsing ecmascript source code failed

Import trace:
  Server Component:
    ./src/app/hero-carousel.tsx
    ./src/app/page.tsx @ http://localhost:3000/_next/static/chunks/node_modules_next_dist_1gdrd03._.js:1945
[   58010ms] [ERROR] ./src/app/hero-carousel.tsx:67:7
Expression expected
  65 |     <ul className="hero-joy-strip" aria-label="Made with care">
  66 |       {["Made from scratch", "A little extra love", "Never just a cak...
> 67 |     </>
     |       ^
  68 |   );
  69 | }
  70 |

Parsing ecmascript source code failed

Import trace:
  Server Component:
    ./src/app/hero-carousel.tsx
    ./src/app/page.tsx @ http://localhost:3000/_next/static/chunks/node_modules_next_dist_1gdrd03._.js:1945
[   58077ms] [ERROR] ./src/app/hero-carousel.tsx:67:7
Expression expected
  65 |     <ul className="hero-joy-strip" aria-label="Made with care">
  66 |       {["Made from scratch", "A little extra love", "Never just a cak...
> 67 |     </>
     |       ^
  68 |   );
  69 | }
  70 |

Parsing ecmascript source code failed

Import trace:
  Server Component:
    ./src/app/hero-carousel.tsx
    ./src/app/page.tsx @ http://localhost:3000/_next/static/chunks/node_modules_next_dist_1gdrd03._.js:1945
[   58128ms] [ERROR] ./src/app/hero-carousel.tsx:67:7
Expression expected
  65 |     <ul className="hero-joy-strip" aria-label="Made with care">
  66 |       {["Made from scratch", "A little extra love", "Never just a cak...
> 67 |     </>
     |       ^
  68 |   );
  69 | }
  70 |

Parsing ecmascript source code failed

Import trace:
  Server Component:
    ./src/app/hero-carousel.tsx
    ./src/app/page.tsx @ http://localhost:3000/_next/static/chunks/node_modules_next_dist_1gdrd03._.js:1945
[   58194ms] [ERROR] ./src/app/hero-carousel.tsx:67:7
Expression expected
  65 |     <ul className="hero-joy-strip" aria-label="Made with care">
  66 |       {["Made from scratch", "A little extra love", "Never just a cak...
> 67 |     </>
     |       ^
  68 |   );
  69 | }
  70 |

Parsing ecmascript source code failed

Import trace:
  Server Component:
    ./src/app/hero-carousel.tsx
    ./src/app/page.tsx @ http://localhost:3000/_next/static/chunks/node_modules_next_dist_1gdrd03._.js:1945
[   58258ms] [ERROR] ./src/app/hero-carousel.tsx:67:7
Expression expected
  65 |     <ul className="hero-joy-strip" aria-label="Made with care">
  66 |       {["Made from scratch", "A little extra love", "Never just a cak...
> 67 |     </>
     |       ^
  68 |   );
  69 | }
  70 |

Parsing ecmascript source code failed

Import trace:
  Server Component:
    ./src/app/hero-carousel.tsx
    ./src/app/page.tsx @ http://localhost:3000/_next/static/chunks/node_modules_next_dist_1gdrd03._.js:1945
[   58310ms] [ERROR] ./src/app/hero-carousel.tsx:67:7
Expression expected
  65 |     <ul className="hero-joy-strip" aria-label="Made with care">
  66 |       {["Made from scratch", "A little extra love", "Never just a cak...
> 67 |     </>
     |       ^
  68 |   );
  69 | }
  70 |

Parsing ecmascript source code failed

Import trace:
  Server Component:
    ./src/app/hero-carousel.tsx
    ./src/app/page.tsx @ http://localhost:3000/_next/static/chunks/node_modules_next_dist_1gdrd03._.js:1945
[   58363ms] [ERROR] ./src/app/hero-carousel.tsx:67:7
Expression expected
  65 |     <ul className="hero-joy-strip" aria-label="Made with care">
  66 |       {["Made from scratch", "A little extra love", "Never just a cak...
> 67 |     </>
     |       ^
  68 |   );
  69 | }
  70 |

Parsing ecmascript source code failed

Import trace:
  Server Component:
    ./src/app/hero-carousel.tsx
    ./src/app/page.tsx @ http://localhost:3000/_next/static/chunks/node_modules_next_dist_1gdrd03._.js:1945
[   58427ms] [ERROR] ./src/app/hero-carousel.tsx:67:7
Expression expected
  65 |     <ul className="hero-joy-strip" aria-label="Made with care">
  66 |       {["Made from scratch", "A little extra love", "Never just a cak...
> 67 |     </>
     |       ^
  68 |   );
  69 | }
  70 |

Parsing ecmascript source code failed

Import trace:
  Server Component:
    ./src/app/hero-carousel.tsx
    ./src/app/page.tsx @ http://localhost:3000/_next/static/chunks/node_modules_next_dist_1gdrd03._.js:1945
[   58480ms] [ERROR] ./src/app/hero-carousel.tsx:67:7
Expression expected
  65 |     <ul className="hero-joy-strip" aria-label="Made with care">
  66 |       {["Made from scratch", "A little extra love", "Never just a cak...
> 67 |     </>
     |       ^
  68 |   );
  69 | }
  70 |

Parsing ecmascript source code failed

Import trace:
  Server Component:
    ./src/app/hero-carousel.tsx
    ./src/app/page.tsx @ http://localhost:3000/_next/static/chunks/node_modules_next_dist_1gdrd03._.js:1945
[   58531ms] [ERROR] ./src/app/hero-carousel.tsx:67:7
Expression expected
  65 |     <ul className="hero-joy-strip" aria-label="Made with care">
  66 |       {["Made from scratch", "A little extra love", "Never just a cak...
> 67 |     </>
     |       ^
  68 |   );
  69 | }
  70 |

Parsing ecmascript source code failed

Import trace:
  Server Component:
    ./src/app/hero-carousel.tsx
    ./src/app/page.tsx @ http://localhost:3000/_next/static/chunks/node_modules_next_dist_1gdrd03._.js:1945
[   58594ms] [ERROR] ./src/app/hero-carousel.tsx:67:7
Expression expected
  65 |     <ul className="hero-joy-strip" aria-label="Made with care">
  66 |       {["Made from scratch", "A little extra love", "Never just a cak...
> 67 |     </>
     |       ^
  68 |   );
  69 | }
  70 |

Parsing ecmascript source code failed

Import trace:
  Server Component:
    ./src/app/hero-carousel.tsx
    ./src/app/page.tsx @ http://localhost:3000/_next/static/chunks/node_modules_next_dist_1gdrd03._.js:1945
[   58645ms] [ERROR] ./src/app/hero-carousel.tsx:67:7
Expression expected
  65 |     <ul className="hero-joy-strip" aria-label="Made with care">
  66 |       {["Made from scratch", "A little extra love", "Never just a cak...
> 67 |     </>
     |       ^
  68 |   );
  69 | }
  70 |

Parsing ecmascript source code failed

Import trace:
  Server Component:
    ./src/app/hero-carousel.tsx
    ./src/app/page.tsx @ http://localhost:3000/_next/static/chunks/node_modules_next_dist_1gdrd03._.js:1945
[   58710ms] [ERROR] ./src/app/hero-carousel.tsx:67:7
Expression expected
  65 |     <ul className="hero-joy-strip" aria-label="Made with care">
  66 |       {["Made from scratch", "A little extra love", "Never just a cak...
> 67 |     </>
     |       ^
  68 |   );
  69 | }
  70 |

Parsing ecmascript source code failed

Import trace:
  Server Component:
    ./src/app/hero-carousel.tsx
    ./src/app/page.tsx @ http://localhost:3000/_next/static/chunks/node_modules_next_dist_1gdrd03._.js:1945
[   58761ms] [ERROR] ./src/app/hero-carousel.tsx:67:7
Expression expected
  65 |     <ul className="hero-joy-strip" aria-label="Made with care">
  66 |       {["Made from scratch", "A little extra love", "Never just a cak...
> 67 |     </>
     |       ^
  68 |   );
  69 | }
  70 |

Parsing ecmascript source code failed

Import trace:
  Server Component:
    ./src/app/hero-carousel.tsx
    ./src/app/page.tsx @ http://localhost:3000/_next/static/chunks/node_modules_next_dist_1gdrd03._.js:1945
[   58826ms] [ERROR] ./src/app/hero-carousel.tsx:67:7
Expression expected
  65 |     <ul className="hero-joy-strip" aria-label="Made with care">
  66 |       {["Made from scratch", "A little extra love", "Never just a cak...
> 67 |     </>
     |       ^
  68 |   );
  69 | }
  70 |

Parsing ecmascript source code failed

Import trace:
  Server Component:
    ./src/app/hero-carousel.tsx
    ./src/app/page.tsx @ http://localhost:3000/_next/static/chunks/node_modules_next_dist_1gdrd03._.js:1945
[   58883ms] [ERROR] ./src/app/hero-carousel.tsx:67:7
Expression expected
  65 |     <ul className="hero-joy-strip" aria-label="Made with care">
  66 |       {["Made from scratch", "A little extra love", "Never just a cak...
> 67 |     </>
     |       ^
  68 |   );
  69 | }
  70 |

Parsing ecmascript source code failed

Import trace:
  Server Component:
    ./src/app/hero-carousel.tsx
    ./src/app/page.tsx @ http://localhost:3000/_next/static/chunks/node_modules_next_dist_1gdrd03._.js:1945
[   58942ms] [ERROR] ./src/app/hero-carousel.tsx:67:7
Expression expected
  65 |     <ul className="hero-joy-strip" aria-label="Made with care">
  66 |       {["Made from scratch", "A little extra love", "Never just a cak...
> 67 |     </>
     |       ^
  68 |   );
  69 | }
  70 |

Parsing ecmascript source code failed

Import trace:
  Server Component:
    ./src/app/hero-carousel.tsx
    ./src/app/page.tsx @ http://localhost:3000/_next/static/chunks/node_modules_next_dist_1gdrd03._.js:1945
[   58993ms] [ERROR] ./src/app/hero-carousel.tsx:67:7
Expression expected
  65 |     <ul className="hero-joy-strip" aria-label="Made with care">
  66 |       {["Made from scratch", "A little extra love", "Never just a cak...
> 67 |     </>
     |       ^
  68 |   );
  69 | }
  70 |

Parsing ecmascript source code failed

Import trace:
  Server Component:
    ./src/app/hero-carousel.tsx
    ./src/app/page.tsx @ http://localhost:3000/_next/static/chunks/node_modules_next_dist_1gdrd03._.js:1945
[   59044ms] [ERROR] ./src/app/hero-carousel.tsx:67:7
Expression expected
  65 |     <ul className="hero-joy-strip" aria-label="Made with care">
  66 |       {["Made from scratch", "A little extra love", "Never just a cak...
> 67 |     </>
     |       ^
  68 |   );
  69 | }
  70 |

Parsing ecmascript source code failed

Import trace:
  Server Component:
    ./src/app/hero-carousel.tsx
    ./src/app/page.tsx @ http://localhost:3000/_next/static/chunks/node_modules_next_dist_1gdrd03._.js:1945
[   59094ms] [ERROR] ./src/app/hero-carousel.tsx:67:7
Expression expected
  65 |     <ul className="hero-joy-strip" aria-label="Made with care">
  66 |       {["Made from scratch", "A little extra love", "Never just a cak...
> 67 |     </>
     |       ^
  68 |   );
  69 | }
  70 |

Parsing ecmascript source code failed

Import trace:
  Server Component:
    ./src/app/hero-carousel.tsx
    ./src/app/page.tsx @ http://localhost:3000/_next/static/chunks/node_modules_next_dist_1gdrd03._.js:1945
[   59145ms] [ERROR] ./src/app/hero-carousel.tsx:67:7
Expression expected
  65 |     <ul className="hero-joy-strip" aria-label="Made with care">
  66 |       {["Made from scratch", "A little extra love", "Never just a cak...
> 67 |     </>
     |       ^
  68 |   );
  69 | }
  70 |

Parsing ecmascript source code failed

Import trace:
  Server Component:
    ./src/app/hero-carousel.tsx
    ./src/app/page.tsx @ http://localhost:3000/_next/static/chunks/node_modules_next_dist_1gdrd03._.js:1945
[   59194ms] [ERROR] ./src/app/hero-carousel.tsx:67:7
Expression expected
  65 |     <ul className="hero-joy-strip" aria-label="Made with care">
  66 |       {["Made from scratch", "A little extra love", "Never just a cak...
> 67 |     </>
     |       ^
  68 |   );
  69 | }
  70 |

Parsing ecmascript source code failed

Import trace:
  Server Component:
    ./src/app/hero-carousel.tsx
    ./src/app/page.tsx @ http://localhost:3000/_next/static/chunks/node_modules_next_dist_1gdrd03._.js:1945
[   59259ms] [ERROR] ./src/app/hero-carousel.tsx:67:7
Expression expected
  65 |     <ul className="hero-joy-strip" aria-label="Made with care">
  66 |       {["Made from scratch", "A little extra love", "Never just a cak...
> 67 |     </>
     |       ^
  68 |   );
  69 | }
  70 |

Parsing ecmascript source code failed

Import trace:
  Server Component:
    ./src/app/hero-carousel.tsx
    ./src/app/page.tsx @ http://localhost:3000/_next/static/chunks/node_modules_next_dist_1gdrd03._.js:1945
[   59327ms] [ERROR] ./src/app/hero-carousel.tsx:67:7
Expression expected
  65 |     <ul className="hero-joy-strip" aria-label="Made with care">
  66 |       {["Made from scratch", "A little extra love", "Never just a cak...
> 67 |     </>
     |       ^
  68 |   );
  69 | }
  70 |

Parsing ecmascript source code failed

Import trace:
  Server Component:
    ./src/app/hero-carousel.tsx
    ./src/app/page.tsx @ http://localhost:3000/_next/static/chunks/node_modules_next_dist_1gdrd03._.js:1945
[   59377ms] [ERROR] ./src/app/hero-carousel.tsx:67:7
Expression expected
  65 |     <ul className="hero-joy-strip" aria-label="Made with care">
  66 |       {["Made from scratch", "A little extra love", "Never just a cak...
> 67 |     </>
     |       ^
  68 |   );
  69 | }
  70 |

Parsing ecmascript source code failed

Import trace:
  Server Component:
    ./src/app/hero-carousel.tsx
    ./src/app/page.tsx @ http://localhost:3000/_next/static/chunks/node_modules_next_dist_1gdrd03._.js:1945
[   59427ms] [ERROR] ./src/app/hero-carousel.tsx:67:7
Expression expected
  65 |     <ul className="hero-joy-strip" aria-label="Made with care">
  66 |       {["Made from scratch", "A little extra love", "Never just a cak...
> 67 |     </>
     |       ^
  68 |   );
  69 | }
  70 |

Parsing ecmascript source code failed

Import trace:
  Server Component:
    ./src/app/hero-carousel.tsx
    ./src/app/page.tsx @ http://localhost:3000/_next/static/chunks/node_modules_next_dist_1gdrd03._.js:1945
[   59494ms] [ERROR] ./src/app/hero-carousel.tsx:67:7
Expression expected
  65 |     <ul className="hero-joy-strip" aria-label="Made with care">
  66 |       {["Made from scratch", "A little extra love", "Never just a cak...
> 67 |     </>
     |       ^
  68 |   );
  69 | }
  70 |

Parsing ecmascript source code failed

Import trace:
  Server Component:
    ./src/app/hero-carousel.tsx
    ./src/app/page.tsx @ http://localhost:3000/_next/static/chunks/node_modules_next_dist_1gdrd03._.js:1945
[   59544ms] [ERROR] ./src/app/hero-carousel.tsx:67:7
Expression expected
  65 |     <ul className="hero-joy-strip" aria-label="Made with care">
  66 |       {["Made from scratch", "A little extra love", "Never just a cak...
> 67 |     </>
     |       ^
  68 |   );
  69 | }
  70 |

Parsing ecmascript source code failed

Import trace:
  Server Component:
    ./src/app/hero-carousel.tsx
    ./src/app/page.tsx @ http://localhost:3000/_next/static/chunks/node_modules_next_dist_1gdrd03._.js:1945
[   59610ms] [ERROR] ./src/app/hero-carousel.tsx:67:7
Expression expected
  65 |     <ul className="hero-joy-strip" aria-label="Made with care">
  66 |       {["Made from scratch", "A little extra love", "Never just a cak...
> 67 |     </>
     |       ^
  68 |   );
  69 | }
  70 |

Parsing ecmascript source code failed

Import trace:
  Server Component:
    ./src/app/hero-carousel.tsx
    ./src/app/page.tsx @ http://localhost:3000/_next/static/chunks/node_modules_next_dist_1gdrd03._.js:1945
[   59678ms] [ERROR] ./src/app/hero-carousel.tsx:67:7
Expression expected
  65 |     <ul className="hero-joy-strip" aria-label="Made with care">
  66 |       {["Made from scratch", "A little extra love", "Never just a cak...
> 67 |     </>
     |       ^
  68 |   );
  69 | }
  70 |

Parsing ecmascript source code failed

Import trace:
  Server Component:
    ./src/app/hero-carousel.tsx
    ./src/app/page.tsx @ http://localhost:3000/_next/static/chunks/node_modules_next_dist_1gdrd03._.js:1945
[   59740ms] [ERROR] ./src/app/hero-carousel.tsx:67:7
Expression expected
  65 |     <ul className="hero-joy-strip" aria-label="Made with care">
  66 |       {["Made from scratch", "A little extra love", "Never just a cak...
> 67 |     </>
     |       ^
  68 |   );
  69 | }
  70 |

Parsing ecmascript source code failed

Import trace:
  Server Component:
    ./src/app/hero-carousel.tsx
    ./src/app/page.tsx @ http://localhost:3000/_next/static/chunks/node_modules_next_dist_1gdrd03._.js:1945
[   59796ms] [ERROR] ./src/app/hero-carousel.tsx:67:7
Expression expected
  65 |     <ul className="hero-joy-strip" aria-label="Made with care">
  66 |       {["Made from scratch", "A little extra love", "Never just a cak...
> 67 |     </>
     |       ^
  68 |   );
  69 | }
  70 |

Parsing ecmascript source code failed

Import trace:
  Server Component:
    ./src/app/hero-carousel.tsx
    ./src/app/page.tsx @ http://localhost:3000/_next/static/chunks/node_modules_next_dist_1gdrd03._.js:1945
[   59860ms] [ERROR] ./src/app/hero-carousel.tsx:67:7
Expression expected
  65 |     <ul className="hero-joy-strip" aria-label="Made with care">
  66 |       {["Made from scratch", "A little extra love", "Never just a cak...
> 67 |     </>
     |       ^
  68 |   );
  69 | }
  70 |

Parsing ecmascript source code failed

Import trace:
  Server Component:
    ./src/app/hero-carousel.tsx
    ./src/app/page.tsx @ http://localhost:3000/_next/static/chunks/node_modules_next_dist_1gdrd03._.js:1945
[   59927ms] [ERROR] ./src/app/hero-carousel.tsx:67:7
Expression expected
  65 |     <ul className="hero-joy-strip" aria-label="Made with care">
  66 |       {["Made from scratch", "A little extra love", "Never just a cak...
> 67 |     </>
     |       ^
  68 |   );
  69 | }
  70 |

Parsing ecmascript source code failed

Import trace:
  Server Component:
    ./src/app/hero-carousel.tsx
    ./src/app/page.tsx @ http://localhost:3000/_next/static/chunks/node_modules_next_dist_1gdrd03._.js:1945
[   59977ms] [ERROR] ./src/app/hero-carousel.tsx:67:7
Expression expected
  65 |     <ul className="hero-joy-strip" aria-label="Made with care">
  66 |       {["Made from scratch", "A little extra love", "Never just a cak...
> 67 |     </>
     |       ^
  68 |   );
  69 | }
  70 |

Parsing ecmascript source code failed

Import trace:
  Server Component:
    ./src/app/hero-carousel.tsx
    ./src/app/page.tsx @ http://localhost:3000/_next/static/chunks/node_modules_next_dist_1gdrd03._.js:1945
[   60042ms] [ERROR] ./src/app/hero-carousel.tsx:67:7
Expression expected
  65 |     <ul className="hero-joy-strip" aria-label="Made with care">
  66 |       {["Made from scratch", "A little extra love", "Never just a cak...
> 67 |     </>
     |       ^
  68 |   );
  69 | }
  70 |

Parsing ecmascript source code failed

Import trace:
  Server Component:
    ./src/app/hero-carousel.tsx
    ./src/app/page.tsx @ http://localhost:3000/_next/static/chunks/node_modules_next_dist_1gdrd03._.js:1945
[   60095ms] [ERROR] ./src/app/hero-carousel.tsx:67:7
Expression expected
  65 |     <ul className="hero-joy-strip" aria-label="Made with care">
  66 |       {["Made from scratch", "A little extra love", "Never just a cak...
> 67 |     </>
     |       ^
  68 |   );
  69 | }
  70 |

Parsing ecmascript source code failed

Import trace:
  Server Component:
    ./src/app/hero-carousel.tsx
    ./src/app/page.tsx @ http://localhost:3000/_next/static/chunks/node_modules_next_dist_1gdrd03._.js:1945
[   60160ms] [ERROR] ./src/app/hero-carousel.tsx:67:7
Expression expected
  65 |     <ul className="hero-joy-strip" aria-label="Made with care">
  66 |       {["Made from scratch", "A little extra love", "Never just a cak...
> 67 |     </>
     |       ^
  68 |   );
  69 | }
  70 |

Parsing ecmascript source code failed

Import trace:
  Server Component:
    ./src/app/hero-carousel.tsx
    ./src/app/page.tsx @ http://localhost:3000/_next/static/chunks/node_modules_next_dist_1gdrd03._.js:1945
[   60227ms] [ERROR] ./src/app/hero-carousel.tsx:67:7
Expression expected
  65 |     <ul className="hero-joy-strip" aria-label="Made with care">
  66 |       {["Made from scratch", "A little extra love", "Never just a cak...
> 67 |     </>
     |       ^
  68 |   );
  69 | }
  70 |

Parsing ecmascript source code failed

Import trace:
  Server Component:
    ./src/app/hero-carousel.tsx
    ./src/app/page.tsx @ http://localhost:3000/_next/static/chunks/node_modules_next_dist_1gdrd03._.js:1945
[   60277ms] [ERROR] ./src/app/hero-carousel.tsx:67:7
Expression expected
  65 |     <ul className="hero-joy-strip" aria-label="Made with care">
  66 |       {["Made from scratch", "A little extra love", "Never just a cak...
> 67 |     </>
     |       ^
  68 |   );
  69 | }
  70 |

Parsing ecmascript source code failed

Import trace:
  Server Component:
    ./src/app/hero-carousel.tsx
    ./src/app/page.tsx @ http://localhost:3000/_next/static/chunks/node_modules_next_dist_1gdrd03._.js:1945
[   60343ms] [ERROR] ./src/app/hero-carousel.tsx:67:7
Expression expected
  65 |     <ul className="hero-joy-strip" aria-label="Made with care">
  66 |       {["Made from scratch", "A little extra love", "Never just a cak...
> 67 |     </>
     |       ^
  68 |   );
  69 | }
  70 |

Parsing ecmascript source code failed

Import trace:
  Server Component:
    ./src/app/hero-carousel.tsx
    ./src/app/page.tsx @ http://localhost:3000/_next/static/chunks/node_modules_next_dist_1gdrd03._.js:1945
[   60409ms] [ERROR] ./src/app/hero-carousel.tsx:67:7
Expression expected
  65 |     <ul className="hero-joy-strip" aria-label="Made with care">
  66 |       {["Made from scratch", "A little extra love", "Never just a cak...
> 67 |     </>
     |       ^
  68 |   );
  69 | }
  70 |

Parsing ecmascript source code failed

Import trace:
  Server Component:
    ./src/app/hero-carousel.tsx
    ./src/app/page.tsx @ http://localhost:3000/_next/static/chunks/node_modules_next_dist_1gdrd03._.js:1945
[   60478ms] [ERROR] ./src/app/hero-carousel.tsx:67:7
Expression expected
  65 |     <ul className="hero-joy-strip" aria-label="Made with care">
  66 |       {["Made from scratch", "A little extra love", "Never just a cak...
> 67 |     </>
     |       ^
  68 |   );
  69 | }
  70 |

Parsing ecmascript source code failed

Import trace:
  Server Component:
    ./src/app/hero-carousel.tsx
    ./src/app/page.tsx @ http://localhost:3000/_next/static/chunks/node_modules_next_dist_1gdrd03._.js:1945
[   60532ms] [ERROR] ./src/app/hero-carousel.tsx:67:7
Expression expected
  65 |     <ul className="hero-joy-strip" aria-label="Made with care">
  66 |       {["Made from scratch", "A little extra love", "Never just a cak...
> 67 |     </>
     |       ^
  68 |   );
  69 | }
  70 |

Parsing ecmascript source code failed

Import trace:
  Server Component:
    ./src/app/hero-carousel.tsx
    ./src/app/page.tsx @ http://localhost:3000/_next/static/chunks/node_modules_next_dist_1gdrd03._.js:1945
[   60594ms] [ERROR] ./src/app/hero-carousel.tsx:67:7
Expression expected
  65 |     <ul className="hero-joy-strip" aria-label="Made with care">
  66 |       {["Made from scratch", "A little extra love", "Never just a cak...
> 67 |     </>
     |       ^
  68 |   );
  69 | }
  70 |

Parsing ecmascript source code failed

Import trace:
  Server Component:
    ./src/app/hero-carousel.tsx
    ./src/app/page.tsx @ http://localhost:3000/_next/static/chunks/node_modules_next_dist_1gdrd03._.js:1945
[   60644ms] [ERROR] ./src/app/hero-carousel.tsx:67:7
Expression expected
  65 |     <ul className="hero-joy-strip" aria-label="Made with care">
  66 |       {["Made from scratch", "A little extra love", "Never just a cak...
> 67 |     </>
     |       ^
  68 |   );
  69 | }
  70 |

Parsing ecmascript source code failed

Import trace:
  Server Component:
    ./src/app/hero-carousel.tsx
    ./src/app/page.tsx @ http://localhost:3000/_next/static/chunks/node_modules_next_dist_1gdrd03._.js:1945
[   60695ms] [ERROR] ./src/app/hero-carousel.tsx:67:7
Expression expected
  65 |     <ul className="hero-joy-strip" aria-label="Made with care">
  66 |       {["Made from scratch", "A little extra love", "Never just a cak...
> 67 |     </>
     |       ^
  68 |   );
  69 | }
  70 |

Parsing ecmascript source code failed

Import trace:
  Server Component:
    ./src/app/hero-carousel.tsx
    ./src/app/page.tsx @ http://localhost:3000/_next/static/chunks/node_modules_next_dist_1gdrd03._.js:1945
[   60744ms] [ERROR] ./src/app/hero-carousel.tsx:67:7
Expression expected
  65 |     <ul className="hero-joy-strip" aria-label="Made with care">
  66 |       {["Made from scratch", "A little extra love", "Never just a cak...
> 67 |     </>
     |       ^
  68 |   );
  69 | }
  70 |

Parsing ecmascript source code failed

Import trace:
  Server Component:
    ./src/app/hero-carousel.tsx
    ./src/app/page.tsx @ http://localhost:3000/_next/static/chunks/node_modules_next_dist_1gdrd03._.js:1945
[   60795ms] [ERROR] ./src/app/hero-carousel.tsx:67:7
Expression expected
  65 |     <ul className="hero-joy-strip" aria-label="Made with care">
  66 |       {["Made from scratch", "A little extra love", "Never just a cak...
> 67 |     </>
     |       ^
  68 |   );
  69 | }
  70 |

Parsing ecmascript source code failed

Import trace:
  Server Component:
    ./src/app/hero-carousel.tsx
    ./src/app/page.tsx @ http://localhost:3000/_next/static/chunks/node_modules_next_dist_1gdrd03._.js:1945
[   60860ms] [ERROR] ./src/app/hero-carousel.tsx:67:7
Expression expected
  65 |     <ul className="hero-joy-strip" aria-label="Made with care">
  66 |       {["Made from scratch", "A little extra love", "Never just a cak...
> 67 |     </>
     |       ^
  68 |   );
  69 | }
  70 |

Parsing ecmascript source code failed

Import trace:
  Server Component:
    ./src/app/hero-carousel.tsx
    ./src/app/page.tsx @ http://localhost:3000/_next/static/chunks/node_modules_next_dist_1gdrd03._.js:1945
[   60909ms] [ERROR] ./src/app/hero-carousel.tsx:67:7
Expression expected
  65 |     <ul className="hero-joy-strip" aria-label="Made with care">
  66 |       {["Made from scratch", "A little extra love", "Never just a cak...
> 67 |     </>
     |       ^
  68 |   );
  69 | }
  70 |

Parsing ecmascript source code failed

Import trace:
  Server Component:
    ./src/app/hero-carousel.tsx
    ./src/app/page.tsx @ http://localhost:3000/_next/static/chunks/node_modules_next_dist_1gdrd03._.js:1945
[   60962ms] [ERROR] ./src/app/hero-carousel.tsx:67:7
Expression expected
  65 |     <ul className="hero-joy-strip" aria-label="Made with care">
  66 |       {["Made from scratch", "A little extra love", "Never just a cak...
> 67 |     </>
     |       ^
  68 |   );
  69 | }
  70 |

Parsing ecmascript source code failed

Import trace:
  Server Component:
    ./src/app/hero-carousel.tsx
    ./src/app/page.tsx @ http://localhost:3000/_next/static/chunks/node_modules_next_dist_1gdrd03._.js:1945
[   61026ms] [ERROR] ./src/app/hero-carousel.tsx:67:7
Expression expected
  65 |     <ul className="hero-joy-strip" aria-label="Made with care">
  66 |       {["Made from scratch", "A little extra love", "Never just a cak...
> 67 |     </>
     |       ^
  68 |   );
  69 | }
  70 |

Parsing ecmascript source code failed

Import trace:
  Server Component:
    ./src/app/hero-carousel.tsx
    ./src/app/page.tsx @ http://localhost:3000/_next/static/chunks/node_modules_next_dist_1gdrd03._.js:1945
[   61076ms] [ERROR] ./src/app/hero-carousel.tsx:67:7
Expression expected
  65 |     <ul className="hero-joy-strip" aria-label="Made with care">
  66 |       {["Made from scratch", "A little extra love", "Never just a cak...
> 67 |     </>
     |       ^
  68 |   );
  69 | }
  70 |

Parsing ecmascript source code failed

Import trace:
  Server Component:
    ./src/app/hero-carousel.tsx
    ./src/app/page.tsx @ http://localhost:3000/_next/static/chunks/node_modules_next_dist_1gdrd03._.js:1945
[   61129ms] [ERROR] ./src/app/hero-carousel.tsx:67:7
Expression expected
  65 |     <ul className="hero-joy-strip" aria-label="Made with care">
  66 |       {["Made from scratch", "A little extra love", "Never just a cak...
> 67 |     </>
     |       ^
  68 |   );
  69 | }
  70 |

Parsing ecmascript source code failed

Import trace:
  Server Component:
    ./src/app/hero-carousel.tsx
    ./src/app/page.tsx @ http://localhost:3000/_next/static/chunks/node_modules_next_dist_1gdrd03._.js:1945
[   61177ms] [ERROR] ./src/app/hero-carousel.tsx:67:7
Expression expected
  65 |     <ul className="hero-joy-strip" aria-label="Made with care">
  66 |       {["Made from scratch", "A little extra love", "Never just a cak...
> 67 |     </>
     |       ^
  68 |   );
  69 | }
  70 |

Parsing ecmascript source code failed

Import trace:
  Server Component:
    ./src/app/hero-carousel.tsx
    ./src/app/page.tsx @ http://localhost:3000/_next/static/chunks/node_modules_next_dist_1gdrd03._.js:1945
[   61231ms] [ERROR] ./src/app/hero-carousel.tsx:67:7
Expression expected
  65 |     <ul className="hero-joy-strip" aria-label="Made with care">
  66 |       {["Made from scratch", "A little extra love", "Never just a cak...
> 67 |     </>
     |       ^
  68 |   );
  69 | }
  70 |

Parsing ecmascript source code failed

Import trace:
  Server Component:
    ./src/app/hero-carousel.tsx
    ./src/app/page.tsx @ http://localhost:3000/_next/static/chunks/node_modules_next_dist_1gdrd03._.js:1945
[   61282ms] [ERROR] ./src/app/hero-carousel.tsx:67:7
Expression expected
  65 |     <ul className="hero-joy-strip" aria-label="Made with care">
  66 |       {["Made from scratch", "A little extra love", "Never just a cak...
> 67 |     </>
     |       ^
  68 |   );
  69 | }
  70 |

Parsing ecmascript source code failed

Import trace:
  Server Component:
    ./src/app/hero-carousel.tsx
    ./src/app/page.tsx @ http://localhost:3000/_next/static/chunks/node_modules_next_dist_1gdrd03._.js:1945
[   61340ms] [ERROR] ./src/app/hero-carousel.tsx:67:7
Expression expected
  65 |     <ul className="hero-joy-strip" aria-label="Made with care">
  66 |       {["Made from scratch", "A little extra love", "Never just a cak...
> 67 |     </>
     |       ^
  68 |   );
  69 | }
  70 |

Parsing ecmascript source code failed

Import trace:
  Server Component:
    ./src/app/hero-carousel.tsx
    ./src/app/page.tsx @ http://localhost:3000/_next/static/chunks/node_modules_next_dist_1gdrd03._.js:1945
[   61394ms] [ERROR] ./src/app/hero-carousel.tsx:67:7
Expression expected
  65 |     <ul className="hero-joy-strip" aria-label="Made with care">
  66 |       {["Made from scratch", "A little extra love", "Never just a cak...
> 67 |     </>
     |       ^
  68 |   );
  69 | }
  70 |

Parsing ecmascript source code failed

Import trace:
  Server Component:
    ./src/app/hero-carousel.tsx
    ./src/app/page.tsx @ http://localhost:3000/_next/static/chunks/node_modules_next_dist_1gdrd03._.js:1945
[   61444ms] [ERROR] ./src/app/hero-carousel.tsx:67:7
Expression expected
  65 |     <ul className="hero-joy-strip" aria-label="Made with care">
  66 |       {["Made from scratch", "A little extra love", "Never just a cak...
> 67 |     </>
     |       ^
  68 |   );
  69 | }
  70 |

Parsing ecmascript source code failed

Import trace:
  Server Component:
    ./src/app/hero-carousel.tsx
    ./src/app/page.tsx @ http://localhost:3000/_next/static/chunks/node_modules_next_dist_1gdrd03._.js:1945
[   61508ms] [ERROR] ./src/app/hero-carousel.tsx:67:7
Expression expected
  65 |     <ul className="hero-joy-strip" aria-label="Made with care">
  66 |       {["Made from scratch", "A little extra love", "Never just a cak...
> 67 |     </>
     |       ^
  68 |   );
  69 | }
  70 |

Parsing ecmascript source code failed

Import trace:
  Server Component:
    ./src/app/hero-carousel.tsx
    ./src/app/page.tsx @ http://localhost:3000/_next/static/chunks/node_modules_next_dist_1gdrd03._.js:1945
[   61561ms] [ERROR] ./src/app/hero-carousel.tsx:67:7
Expression expected
  65 |     <ul className="hero-joy-strip" aria-label="Made with care">
  66 |       {["Made from scratch", "A little extra love", "Never just a cak...
> 67 |     </>
     |       ^
  68 |   );
  69 | }
  70 |

Parsing ecmascript source code failed

Import trace:
  Server Component:
    ./src/app/hero-carousel.tsx
    ./src/app/page.tsx @ http://localhost:3000/_next/static/chunks/node_modules_next_dist_1gdrd03._.js:1945
[   61612ms] [ERROR] ./src/app/hero-carousel.tsx:67:7
Expression expected
  65 |     <ul className="hero-joy-strip" aria-label="Made with care">
  66 |       {["Made from scratch", "A little extra love", "Never just a cak...
> 67 |     </>
     |       ^
  68 |   );
  69 | }
  70 |

Parsing ecmascript source code failed

Import trace:
  Server Component:
    ./src/app/hero-carousel.tsx
    ./src/app/page.tsx @ http://localhost:3000/_next/static/chunks/node_modules_next_dist_1gdrd03._.js:1945
[   61661ms] [ERROR] ./src/app/hero-carousel.tsx:67:7
Expression expected
  65 |     <ul className="hero-joy-strip" aria-label="Made with care">
  66 |       {["Made from scratch", "A little extra love", "Never just a cak...
> 67 |     </>
     |       ^
  68 |   );
  69 | }
  70 |

Parsing ecmascript source code failed

Import trace:
  Server Component:
    ./src/app/hero-carousel.tsx
    ./src/app/page.tsx @ http://localhost:3000/_next/static/chunks/node_modules_next_dist_1gdrd03._.js:1945
[   61728ms] [ERROR] ./src/app/hero-carousel.tsx:67:7
Expression expected
  65 |     <ul className="hero-joy-strip" aria-label="Made with care">
  66 |       {["Made from scratch", "A little extra love", "Never just a cak...
> 67 |     </>
     |       ^
  68 |   );
  69 | }
  70 |

Parsing ecmascript source code failed

Import trace:
  Server Component:
    ./src/app/hero-carousel.tsx
    ./src/app/page.tsx @ http://localhost:3000/_next/static/chunks/node_modules_next_dist_1gdrd03._.js:1945
[   61795ms] [ERROR] ./src/app/hero-carousel.tsx:67:7
Expression expected
  65 |     <ul className="hero-joy-strip" aria-label="Made with care">
  66 |       {["Made from scratch", "A little extra love", "Never just a cak...
> 67 |     </>
     |       ^
  68 |   );
  69 | }
  70 |

Parsing ecmascript source code failed

Import trace:
  Server Component:
    ./src/app/hero-carousel.tsx
    ./src/app/page.tsx @ http://localhost:3000/_next/static/chunks/node_modules_next_dist_1gdrd03._.js:1945
[   61859ms] [ERROR] ./src/app/hero-carousel.tsx:67:7
Expression expected
  65 |     <ul className="hero-joy-strip" aria-label="Made with care">
  66 |       {["Made from scratch", "A little extra love", "Never just a cak...
> 67 |     </>
     |       ^
  68 |   );
  69 | }
  70 |

Parsing ecmascript source code failed

Import trace:
  Server Component:
    ./src/app/hero-carousel.tsx
    ./src/app/page.tsx @ http://localhost:3000/_next/static/chunks/node_modules_next_dist_1gdrd03._.js:1945
[   61911ms] [ERROR] ./src/app/hero-carousel.tsx:67:7
Expression expected
  65 |     <ul className="hero-joy-strip" aria-label="Made with care">
  66 |       {["Made from scratch", "A little extra love", "Never just a cak...
> 67 |     </>
     |       ^
  68 |   );
  69 | }
  70 |

Parsing ecmascript source code failed

Import trace:
  Server Component:
    ./src/app/hero-carousel.tsx
    ./src/app/page.tsx @ http://localhost:3000/_next/static/chunks/node_modules_next_dist_1gdrd03._.js:1945
[   61960ms] [ERROR] ./src/app/hero-carousel.tsx:67:7
Expression expected
  65 |     <ul className="hero-joy-strip" aria-label="Made with care">
  66 |       {["Made from scratch", "A little extra love", "Never just a cak...
> 67 |     </>
     |       ^
  68 |   );
  69 | }
  70 |

Parsing ecmascript source code failed

Import trace:
  Server Component:
    ./src/app/hero-carousel.tsx
    ./src/app/page.tsx @ http://localhost:3000/_next/static/chunks/node_modules_next_dist_1gdrd03._.js:1945
[   62010ms] [ERROR] ./src/app/hero-carousel.tsx:67:7
Expression expected
  65 |     <ul className="hero-joy-strip" aria-label="Made with care">
  66 |       {["Made from scratch", "A little extra love", "Never just a cak...
> 67 |     </>
     |       ^
  68 |   );
  69 | }
  70 |

Parsing ecmascript source code failed

Import trace:
  Server Component:
    ./src/app/hero-carousel.tsx
    ./src/app/page.tsx @ http://localhost:3000/_next/static/chunks/node_modules_next_dist_1gdrd03._.js:1945
[   62075ms] [ERROR] ./src/app/hero-carousel.tsx:67:7
Expression expected
  65 |     <ul className="hero-joy-strip" aria-label="Made with care">
  66 |       {["Made from scratch", "A little extra love", "Never just a cak...
> 67 |     </>
     |       ^
  68 |   );
  69 | }
  70 |

Parsing ecmascript source code failed

Import trace:
  Server Component:
    ./src/app/hero-carousel.tsx
    ./src/app/page.tsx @ http://localhost:3000/_next/static/chunks/node_modules_next_dist_1gdrd03._.js:1945
[   62128ms] [ERROR] ./src/app/hero-carousel.tsx:67:7
Expression expected
  65 |     <ul className="hero-joy-strip" aria-label="Made with care">
  66 |       {["Made from scratch", "A little extra love", "Never just a cak...
> 67 |     </>
     |       ^
  68 |   );
  69 | }
  70 |

Parsing ecmascript source code failed

Import trace:
  Server Component:
    ./src/app/hero-carousel.tsx
    ./src/app/page.tsx @ http://localhost:3000/_next/static/chunks/node_modules_next_dist_1gdrd03._.js:1945
[   62193ms] [ERROR] ./src/app/hero-carousel.tsx:67:7
Expression expected
  65 |     <ul className="hero-joy-strip" aria-label="Made with care">
  66 |       {["Made from scratch", "A little extra love", "Never just a cak...
> 67 |     </>
     |       ^
  68 |   );
  69 | }
  70 |

Parsing ecmascript source code failed

Import trace:
  Server Component:
    ./src/app/hero-carousel.tsx
    ./src/app/page.tsx @ http://localhost:3000/_next/static/chunks/node_modules_next_dist_1gdrd03._.js:1945
[   62261ms] [ERROR] ./src/app/hero-carousel.tsx:67:7
Expression expected
  65 |     <ul className="hero-joy-strip" aria-label="Made with care">
  66 |       {["Made from scratch", "A little extra love", "Never just a cak...
> 67 |     </>
     |       ^
  68 |   );
  69 | }
  70 |

Parsing ecmascript source code failed

Import trace:
  Server Component:
    ./src/app/hero-carousel.tsx
    ./src/app/page.tsx @ http://localhost:3000/_next/static/chunks/node_modules_next_dist_1gdrd03._.js:1945
[   62327ms] [ERROR] ./src/app/hero-carousel.tsx:67:7
Expression expected
  65 |     <ul className="hero-joy-strip" aria-label="Made with care">
  66 |       {["Made from scratch", "A little extra love", "Never just a cak...
> 67 |     </>
     |       ^
  68 |   );
  69 | }
  70 |

Parsing ecmascript source code failed

Import trace:
  Server Component:
    ./src/app/hero-carousel.tsx
    ./src/app/page.tsx @ http://localhost:3000/_next/static/chunks/node_modules_next_dist_1gdrd03._.js:1945
[   62377ms] [ERROR] ./src/app/hero-carousel.tsx:67:7
Expression expected
  65 |     <ul className="hero-joy-strip" aria-label="Made with care">
  66 |       {["Made from scratch", "A little extra love", "Never just a cak...
> 67 |     </>
     |       ^
  68 |   );
  69 | }
  70 |

Parsing ecmascript source code failed

Import trace:
  Server Component:
    ./src/app/hero-carousel.tsx
    ./src/app/page.tsx @ http://localhost:3000/_next/static/chunks/node_modules_next_dist_1gdrd03._.js:1945
[   62429ms] [ERROR] ./src/app/hero-carousel.tsx:67:7
Expression expected
  65 |     <ul className="hero-joy-strip" aria-label="Made with care">
  66 |       {["Made from scratch", "A little extra love", "Never just a cak...
> 67 |     </>
     |       ^
  68 |   );
  69 | }
  70 |

Parsing ecmascript source code failed

Import trace:
  Server Component:
    ./src/app/hero-carousel.tsx
    ./src/app/page.tsx @ http://localhost:3000/_next/static/chunks/node_modules_next_dist_1gdrd03._.js:1945
[   62494ms] [ERROR] ./src/app/hero-carousel.tsx:67:7
Expression expected
  65 |     <ul className="hero-joy-strip" aria-label="Made with care">
  66 |       {["Made from scratch", "A little extra love", "Never just a cak...
> 67 |     </>
     |       ^
  68 |   );
  69 | }
  70 |

Parsing ecmascript source code failed

Import trace:
  Server Component:
    ./src/app/hero-carousel.tsx
    ./src/app/page.tsx @ http://localhost:3000/_next/static/chunks/node_modules_next_dist_1gdrd03._.js:1945
[   62544ms] [ERROR] ./src/app/hero-carousel.tsx:67:7
Expression expected
  65 |     <ul className="hero-joy-strip" aria-label="Made with care">
  66 |       {["Made from scratch", "A little extra love", "Never just a cak...
> 67 |     </>
     |       ^
  68 |   );
  69 | }
  70 |

Parsing ecmascript source code failed

Import trace:
  Server Component:
    ./src/app/hero-carousel.tsx
    ./src/app/page.tsx @ http://localhost:3000/_next/static/chunks/node_modules_next_dist_1gdrd03._.js:1945
[   62595ms] [ERROR] ./src/app/hero-carousel.tsx:67:7
Expression expected
  65 |     <ul className="hero-joy-strip" aria-label="Made with care">
  66 |       {["Made from scratch", "A little extra love", "Never just a cak...
> 67 |     </>
     |       ^
  68 |   );
  69 | }
  70 |

Parsing ecmascript source code failed

Import trace:
  Server Component:
    ./src/app/hero-carousel.tsx
    ./src/app/page.tsx @ http://localhost:3000/_next/static/chunks/node_modules_next_dist_1gdrd03._.js:1945
[   62648ms] [ERROR] ./src/app/hero-carousel.tsx:67:7
Expression expected
  65 |     <ul className="hero-joy-strip" aria-label="Made with care">
  66 |       {["Made from scratch", "A little extra love", "Never just a cak...
> 67 |     </>
     |       ^
  68 |   );
  69 | }
  70 |

Parsing ecmascript source code failed

Import trace:
  Server Component:
    ./src/app/hero-carousel.tsx
    ./src/app/page.tsx @ http://localhost:3000/_next/static/chunks/node_modules_next_dist_1gdrd03._.js:1945
[   62689ms] [ERROR] ./src/app/hero-carousel.tsx:67:7
Expression expected
  65 |     <ul className="hero-joy-strip" aria-label="Made with care">
  66 |       {["Made from scratch", "A little extra love", "Never just a cak...
> 67 |     </>
     |       ^
  68 |   );
  69 | }
  70 |

Parsing ecmascript source code failed

Import trace:
  Server Component:
    ./src/app/hero-carousel.tsx
    ./src/app/page.tsx @ http://localhost:3000/_next/static/chunks/node_modules_next_dist_1gdrd03._.js:1945
[   62742ms] [ERROR] ./src/app/hero-carousel.tsx:67:7
Expression expected
  65 |     <ul className="hero-joy-strip" aria-label="Made with care">
  66 |       {["Made from scratch", "A little extra love", "Never just a cak...
> 67 |     </>
     |       ^
  68 |   );
  69 | }
  70 |

Parsing ecmascript source code failed

Import trace:
  Server Component:
    ./src/app/hero-carousel.tsx
    ./src/app/page.tsx @ http://localhost:3000/_next/static/chunks/node_modules_next_dist_1gdrd03._.js:1945
[   62806ms] [ERROR] ./src/app/hero-carousel.tsx:67:7
Expression expected
  65 |     <ul className="hero-joy-strip" aria-label="Made with care">
  66 |       {["Made from scratch", "A little extra love", "Never just a cak...
> 67 |     </>
     |       ^
  68 |   );
  69 | }
  70 |

Parsing ecmascript source code failed

Import trace:
  Server Component:
    ./src/app/hero-carousel.tsx
    ./src/app/page.tsx @ http://localhost:3000/_next/static/chunks/node_modules_next_dist_1gdrd03._.js:1945
[   62846ms] [ERROR] ./src/app/hero-carousel.tsx:67:7
Expression expected
  65 |     <ul className="hero-joy-strip" aria-label="Made with care">
  66 |       {["Made from scratch", "A little extra love", "Never just a cak...
> 67 |     </>
     |       ^
  68 |   );
  69 | }
  70 |

Parsing ecmascript source code failed

Import trace:
  Server Component:
    ./src/app/hero-carousel.tsx
    ./src/app/page.tsx @ http://localhost:3000/_next/static/chunks/node_modules_next_dist_1gdrd03._.js:1945
[   62891ms] [ERROR] ./src/app/hero-carousel.tsx:67:7
Expression expected
  65 |     <ul className="hero-joy-strip" aria-label="Made with care">
  66 |       {["Made from scratch", "A little extra love", "Never just a cak...
> 67 |     </>
     |       ^
  68 |   );
  69 | }
  70 |

Parsing ecmascript source code failed

Import trace:
  Server Component:
    ./src/app/hero-carousel.tsx
    ./src/app/page.tsx @ http://localhost:3000/_next/static/chunks/node_modules_next_dist_1gdrd03._.js:1945
[   62948ms] [ERROR] ./src/app/hero-carousel.tsx:67:7
Expression expected
  65 |     <ul className="hero-joy-strip" aria-label="Made with care">
  66 |       {["Made from scratch", "A little extra love", "Never just a cak...
> 67 |     </>
     |       ^
  68 |   );
  69 | }
  70 |

Parsing ecmascript source code failed

Import trace:
  Server Component:
    ./src/app/hero-carousel.tsx
    ./src/app/page.tsx @ http://localhost:3000/_next/static/chunks/node_modules_next_dist_1gdrd03._.js:1945
[   63011ms] [ERROR] ./src/app/hero-carousel.tsx:67:7
Expression expected
  65 |     <ul className="hero-joy-strip" aria-label="Made with care">
  66 |       {["Made from scratch", "A little extra love", "Never just a cak...
> 67 |     </>
     |       ^
  68 |   );
  69 | }
  70 |

Parsing ecmascript source code failed

Import trace:
  Server Component:
    ./src/app/hero-carousel.tsx
    ./src/app/page.tsx @ http://localhost:3000/_next/static/chunks/node_modules_next_dist_1gdrd03._.js:1945
[   63056ms] [ERROR] ./src/app/hero-carousel.tsx:67:7
Expression expected
  65 |     <ul className="hero-joy-strip" aria-label="Made with care">
  66 |       {["Made from scratch", "A little extra love", "Never just a cak...
> 67 |     </>
     |       ^
  68 |   );
  69 | }
  70 |

Parsing ecmascript source code failed

Import trace:
  Server Component:
    ./src/app/hero-carousel.tsx
    ./src/app/page.tsx @ http://localhost:3000/_next/static/chunks/node_modules_next_dist_1gdrd03._.js:1945
[   63110ms] [ERROR] ./src/app/hero-carousel.tsx:67:7
Expression expected
  65 |     <ul className="hero-joy-strip" aria-label="Made with care">
  66 |       {["Made from scratch", "A little extra love", "Never just a cak...
> 67 |     </>
     |       ^
  68 |   );
  69 | }
  70 |

Parsing ecmascript source code failed

Import trace:
  Server Component:
    ./src/app/hero-carousel.tsx
    ./src/app/page.tsx @ http://localhost:3000/_next/static/chunks/node_modules_next_dist_1gdrd03._.js:1945
[   63165ms] [ERROR] ./src/app/hero-carousel.tsx:67:7
Expression expected
  65 |     <ul className="hero-joy-strip" aria-label="Made with care">
  66 |       {["Made from scratch", "A little extra love", "Never just a cak...
> 67 |     </>
     |       ^
  68 |   );
  69 | }
  70 |

Parsing ecmascript source code failed

Import trace:
  Server Component:
    ./src/app/hero-carousel.tsx
    ./src/app/page.tsx @ http://localhost:3000/_next/static/chunks/node_modules_next_dist_1gdrd03._.js:1945
[   63227ms] [ERROR] ./src/app/hero-carousel.tsx:67:7
Expression expected
  65 |     <ul className="hero-joy-strip" aria-label="Made with care">
  66 |       {["Made from scratch", "A little extra love", "Never just a cak...
> 67 |     </>
     |       ^
  68 |   );
  69 | }
  70 |

Parsing ecmascript source code failed

Import trace:
  Server Component:
    ./src/app/hero-carousel.tsx
    ./src/app/page.tsx @ http://localhost:3000/_next/static/chunks/node_modules_next_dist_1gdrd03._.js:1945
[   63279ms] [ERROR] ./src/app/hero-carousel.tsx:67:7
Expression expected
  65 |     <ul className="hero-joy-strip" aria-label="Made with care">
  66 |       {["Made from scratch", "A little extra love", "Never just a cak...
> 67 |     </>
     |       ^
  68 |   );
  69 | }
  70 |

Parsing ecmascript source code failed

Import trace:
  Server Component:
    ./src/app/hero-carousel.tsx
    ./src/app/page.tsx @ http://localhost:3000/_next/static/chunks/node_modules_next_dist_1gdrd03._.js:1945
[   63343ms] [ERROR] ./src/app/hero-carousel.tsx:67:7
Expression expected
  65 |     <ul className="hero-joy-strip" aria-label="Made with care">
  66 |       {["Made from scratch", "A little extra love", "Never just a cak...
> 67 |     </>
     |       ^
  68 |   );
  69 | }
  70 |

Parsing ecmascript source code failed

Import trace:
  Server Component:
    ./src/app/hero-carousel.tsx
    ./src/app/page.tsx @ http://localhost:3000/_next/static/chunks/node_modules_next_dist_1gdrd03._.js:1945
[   63410ms] [ERROR] ./src/app/hero-carousel.tsx:67:7
Expression expected
  65 |     <ul className="hero-joy-strip" aria-label="Made with care">
  66 |       {["Made from scratch", "A little extra love", "Never just a cak...
> 67 |     </>
     |       ^
  68 |   );
  69 | }
  70 |

Parsing ecmascript source code failed

Import trace:
  Server Component:
    ./src/app/hero-carousel.tsx
    ./src/app/page.tsx @ http://localhost:3000/_next/static/chunks/node_modules_next_dist_1gdrd03._.js:1945
[   63476ms] [ERROR] ./src/app/hero-carousel.tsx:67:7
Expression expected
  65 |     <ul className="hero-joy-strip" aria-label="Made with care">
  66 |       {["Made from scratch", "A little extra love", "Never just a cak...
> 67 |     </>
     |       ^
  68 |   );
  69 | }
  70 |

Parsing ecmascript source code failed

Import trace:
  Server Component:
    ./src/app/hero-carousel.tsx
    ./src/app/page.tsx @ http://localhost:3000/_next/static/chunks/node_modules_next_dist_1gdrd03._.js:1945
[   63543ms] [ERROR] ./src/app/hero-carousel.tsx:67:7
Expression expected
  65 |     <ul className="hero-joy-strip" aria-label="Made with care">
  66 |       {["Made from scratch", "A little extra love", "Never just a cak...
> 67 |     </>
     |       ^
  68 |   );
  69 | }
  70 |

Parsing ecmascript source code failed

Import trace:
  Server Component:
    ./src/app/hero-carousel.tsx
    ./src/app/page.tsx @ http://localhost:3000/_next/static/chunks/node_modules_next_dist_1gdrd03._.js:1945
[   63609ms] [ERROR] ./src/app/hero-carousel.tsx:67:7
Expression expected
  65 |     <ul className="hero-joy-strip" aria-label="Made with care">
  66 |       {["Made from scratch", "A little extra love", "Never just a cak...
> 67 |     </>
     |       ^
  68 |   );
  69 | }
  70 |

Parsing ecmascript source code failed

Import trace:
  Server Component:
    ./src/app/hero-carousel.tsx
    ./src/app/page.tsx @ http://localhost:3000/_next/static/chunks/node_modules_next_dist_1gdrd03._.js:1945
[   63671ms] [ERROR] ./src/app/hero-carousel.tsx:67:7
Expression expected
  65 |     <ul className="hero-joy-strip" aria-label="Made with care">
  66 |       {["Made from scratch", "A little extra love", "Never just a cak...
> 67 |     </>
     |       ^
  68 |   );
  69 | }
  70 |

Parsing ecmascript source code failed

Import trace:
  Server Component:
    ./src/app/hero-carousel.tsx
    ./src/app/page.tsx @ http://localhost:3000/_next/static/chunks/node_modules_next_dist_1gdrd03._.js:1945
[   63723ms] [ERROR] ./src/app/hero-carousel.tsx:67:7
Expression expected
  65 |     <ul className="hero-joy-strip" aria-label="Made with care">
  66 |       {["Made from scratch", "A little extra love", "Never just a cak...
> 67 |     </>
     |       ^
  68 |   );
  69 | }
  70 |

Parsing ecmascript source code failed

Import trace:
  Server Component:
    ./src/app/hero-carousel.tsx
    ./src/app/page.tsx @ http://localhost:3000/_next/static/chunks/node_modules_next_dist_1gdrd03._.js:1945
[   63777ms] [ERROR] ./src/app/hero-carousel.tsx:67:7
Expression expected
  65 |     <ul className="hero-joy-strip" aria-label="Made with care">
  66 |       {["Made from scratch", "A little extra love", "Never just a cak...
> 67 |     </>
     |       ^
  68 |   );
  69 | }
  70 |

Parsing ecmascript source code failed

Import trace:
  Server Component:
    ./src/app/hero-carousel.tsx
    ./src/app/page.tsx @ http://localhost:3000/_next/static/chunks/node_modules_next_dist_1gdrd03._.js:1945
[   63827ms] [ERROR] ./src/app/hero-carousel.tsx:67:7
Expression expected
  65 |     <ul className="hero-joy-strip" aria-label="Made with care">
  66 |       {["Made from scratch", "A little extra love", "Never just a cak...
> 67 |     </>
     |       ^
  68 |   );
  69 | }
  70 |

Parsing ecmascript source code failed

Import trace:
  Server Component:
    ./src/app/hero-carousel.tsx
    ./src/app/page.tsx @ http://localhost:3000/_next/static/chunks/node_modules_next_dist_1gdrd03._.js:1945
[   63877ms] [ERROR] ./src/app/hero-carousel.tsx:67:7
Expression expected
  65 |     <ul className="hero-joy-strip" aria-label="Made with care">
  66 |       {["Made from scratch", "A little extra love", "Never just a cak...
> 67 |     </>
     |       ^
  68 |   );
  69 | }
  70 |

Parsing ecmascript source code failed

Import trace:
  Server Component:
    ./src/app/hero-carousel.tsx
    ./src/app/page.tsx @ http://localhost:3000/_next/static/chunks/node_modules_next_dist_1gdrd03._.js:1945
[   63936ms] [ERROR] ./src/app/hero-carousel.tsx:67:7
Expression expected
  65 |     <ul className="hero-joy-strip" aria-label="Made with care">
  66 |       {["Made from scratch", "A little extra love", "Never just a cak...
> 67 |     </>
     |       ^
  68 |   );
  69 | }
  70 |

Parsing ecmascript source code failed

Import trace:
  Server Component:
    ./src/app/hero-carousel.tsx
    ./src/app/page.tsx @ http://localhost:3000/_next/static/chunks/node_modules_next_dist_1gdrd03._.js:1945
[   63992ms] [ERROR] ./src/app/hero-carousel.tsx:67:7
Expression expected
  65 |     <ul className="hero-joy-strip" aria-label="Made with care">
  66 |       {["Made from scratch", "A little extra love", "Never just a cak...
> 67 |     </>
     |       ^
  68 |   );
  69 | }
  70 |

Parsing ecmascript source code failed

Import trace:
  Server Component:
    ./src/app/hero-carousel.tsx
    ./src/app/page.tsx @ http://localhost:3000/_next/static/chunks/node_modules_next_dist_1gdrd03._.js:1945
[   64049ms] [ERROR] ./src/app/hero-carousel.tsx:67:7
Expression expected
  65 |     <ul className="hero-joy-strip" aria-label="Made with care">
  66 |       {["Made from scratch", "A little extra love", "Never just a cak...
> 67 |     </>
     |       ^
  68 |   );
  69 | }
  70 |

Parsing ecmascript source code failed

Import trace:
  Server Component:
    ./src/app/hero-carousel.tsx
    ./src/app/page.tsx @ http://localhost:3000/_next/static/chunks/node_modules_next_dist_1gdrd03._.js:1945
[   64101ms] [ERROR] ./src/app/hero-carousel.tsx:67:7
Expression expected
  65 |     <ul className="hero-joy-strip" aria-label="Made with care">
  66 |       {["Made from scratch", "A little extra love", "Never just a cak...
> 67 |     </>
     |       ^
  68 |   );
  69 | }
  70 |

Parsing ecmascript source code failed

Import trace:
  Server Component:
    ./src/app/hero-carousel.tsx
    ./src/app/page.tsx @ http://localhost:3000/_next/static/chunks/node_modules_next_dist_1gdrd03._.js:1945
[   64157ms] [ERROR] ./src/app/hero-carousel.tsx:67:7
Expression expected
  65 |     <ul className="hero-joy-strip" aria-label="Made with care">
  66 |       {["Made from scratch", "A little extra love", "Never just a cak...
> 67 |     </>
     |       ^
  68 |   );
  69 | }
  70 |

Parsing ecmascript source code failed

Import trace:
  Server Component:
    ./src/app/hero-carousel.tsx
    ./src/app/page.tsx @ http://localhost:3000/_next/static/chunks/node_modules_next_dist_1gdrd03._.js:1945
[   64210ms] [ERROR] ./src/app/hero-carousel.tsx:67:7
Expression expected
  65 |     <ul className="hero-joy-strip" aria-label="Made with care">
  66 |       {["Made from scratch", "A little extra love", "Never just a cak...
> 67 |     </>
     |       ^
  68 |   );
  69 | }
  70 |

Parsing ecmascript source code failed

Import trace:
  Server Component:
    ./src/app/hero-carousel.tsx
    ./src/app/page.tsx @ http://localhost:3000/_next/static/chunks/node_modules_next_dist_1gdrd03._.js:1945
[   64272ms] [ERROR] ./src/app/hero-carousel.tsx:67:7
Expression expected
  65 |     <ul className="hero-joy-strip" aria-label="Made with care">
  66 |       {["Made from scratch", "A little extra love", "Never just a cak...
> 67 |     </>
     |       ^
  68 |   );
  69 | }
  70 |

Parsing ecmascript source code failed

Import trace:
  Server Component:
    ./src/app/hero-carousel.tsx
    ./src/app/page.tsx @ http://localhost:3000/_next/static/chunks/node_modules_next_dist_1gdrd03._.js:1945
[   64326ms] [ERROR] ./src/app/hero-carousel.tsx:67:7
Expression expected
  65 |     <ul className="hero-joy-strip" aria-label="Made with care">
  66 |       {["Made from scratch", "A little extra love", "Never just a cak...
> 67 |     </>
     |       ^
  68 |   );
  69 | }
  70 |

Parsing ecmascript source code failed

Import trace:
  Server Component:
    ./src/app/hero-carousel.tsx
    ./src/app/page.tsx @ http://localhost:3000/_next/static/chunks/node_modules_next_dist_1gdrd03._.js:1945
[   64388ms] [ERROR] ./src/app/hero-carousel.tsx:67:7
Expression expected
  65 |     <ul className="hero-joy-strip" aria-label="Made with care">
  66 |       {["Made from scratch", "A little extra love", "Never just a cak...
> 67 |     </>
     |       ^
  68 |   );
  69 | }
  70 |

Parsing ecmascript source code failed

Import trace:
  Server Component:
    ./src/app/hero-carousel.tsx
    ./src/app/page.tsx @ http://localhost:3000/_next/static/chunks/node_modules_next_dist_1gdrd03._.js:1945
[   64440ms] [ERROR] ./src/app/hero-carousel.tsx:67:7
Expression expected
  65 |     <ul className="hero-joy-strip" aria-label="Made with care">
  66 |       {["Made from scratch", "A little extra love", "Never just a cak...
> 67 |     </>
     |       ^
  68 |   );
  69 | }
  70 |

Parsing ecmascript source code failed

Import trace:
  Server Component:
    ./src/app/hero-carousel.tsx
    ./src/app/page.tsx @ http://localhost:3000/_next/static/chunks/node_modules_next_dist_1gdrd03._.js:1945
[   64505ms] [ERROR] ./src/app/hero-carousel.tsx:67:7
Expression expected
  65 |     <ul className="hero-joy-strip" aria-label="Made with care">
  66 |       {["Made from scratch", "A little extra love", "Never just a cak...
> 67 |     </>
     |       ^
  68 |   );
  69 | }
  70 |

Parsing ecmascript source code failed

Import trace:
  Server Component:
    ./src/app/hero-carousel.tsx
    ./src/app/page.tsx @ http://localhost:3000/_next/static/chunks/node_modules_next_dist_1gdrd03._.js:1945
[   64545ms] [ERROR] ./src/app/hero-carousel.tsx:67:7
Expression expected
  65 |     <ul className="hero-joy-strip" aria-label="Made with care">
  66 |       {["Made from scratch", "A little extra love", "Never just a cak...
> 67 |     </>
     |       ^
  68 |   );
  69 | }
  70 |

Parsing ecmascript source code failed

Import trace:
  Server Component:
    ./src/app/hero-carousel.tsx
    ./src/app/page.tsx @ http://localhost:3000/_next/static/chunks/node_modules_next_dist_1gdrd03._.js:1945
[   64607ms] [ERROR] ./src/app/hero-carousel.tsx:67:7
Expression expected
  65 |     <ul className="hero-joy-strip" aria-label="Made with care">
  66 |       {["Made from scratch", "A little extra love", "Never just a cak...
> 67 |     </>
     |       ^
  68 |   );
  69 | }
  70 |

Parsing ecmascript source code failed

Import trace:
  Server Component:
    ./src/app/hero-carousel.tsx
    ./src/app/page.tsx @ http://localhost:3000/_next/static/chunks/node_modules_next_dist_1gdrd03._.js:1945
[   64660ms] [ERROR] ./src/app/hero-carousel.tsx:67:7
Expression expected
  65 |     <ul className="hero-joy-strip" aria-label="Made with care">
  66 |       {["Made from scratch", "A little extra love", "Never just a cak...
> 67 |     </>
     |       ^
  68 |   );
  69 | }
  70 |

Parsing ecmascript source code failed

Import trace:
  Server Component:
    ./src/app/hero-carousel.tsx
    ./src/app/page.tsx @ http://localhost:3000/_next/static/chunks/node_modules_next_dist_1gdrd03._.js:1945
[   64710ms] [ERROR] ./src/app/hero-carousel.tsx:67:7
Expression expected
  65 |     <ul className="hero-joy-strip" aria-label="Made with care">
  66 |       {["Made from scratch", "A little extra love", "Never just a cak...
> 67 |     </>
     |       ^
  68 |   );
  69 | }
  70 |

Parsing ecmascript source code failed

Import trace:
  Server Component:
    ./src/app/hero-carousel.tsx
    ./src/app/page.tsx @ http://localhost:3000/_next/static/chunks/node_modules_next_dist_1gdrd03._.js:1945
[   64776ms] [ERROR] ./src/app/hero-carousel.tsx:67:7
Expression expected
  65 |     <ul className="hero-joy-strip" aria-label="Made with care">
  66 |       {["Made from scratch", "A little extra love", "Never just a cak...
> 67 |     </>
     |       ^
  68 |   );
  69 | }
  70 |

Parsing ecmascript source code failed

Import trace:
  Server Component:
    ./src/app/hero-carousel.tsx
    ./src/app/page.tsx @ http://localhost:3000/_next/static/chunks/node_modules_next_dist_1gdrd03._.js:1945
[   64842ms] [ERROR] ./src/app/hero-carousel.tsx:67:7
Expression expected
  65 |     <ul className="hero-joy-strip" aria-label="Made with care">
  66 |       {["Made from scratch", "A little extra love", "Never just a cak...
> 67 |     </>
     |       ^
  68 |   );
  69 | }
  70 |

Parsing ecmascript source code failed

Import trace:
  Server Component:
    ./src/app/hero-carousel.tsx
    ./src/app/page.tsx @ http://localhost:3000/_next/static/chunks/node_modules_next_dist_1gdrd03._.js:1945
[   64886ms] [ERROR] ./src/app/hero-carousel.tsx:67:7
Expression expected
  65 |     <ul className="hero-joy-strip" aria-label="Made with care">
  66 |       {["Made from scratch", "A little extra love", "Never just a cak...
> 67 |     </>
     |       ^
  68 |   );
  69 | }
  70 |

Parsing ecmascript source code failed

Import trace:
  Server Component:
    ./src/app/hero-carousel.tsx
    ./src/app/page.tsx @ http://localhost:3000/_next/static/chunks/node_modules_next_dist_1gdrd03._.js:1945
[   64942ms] [ERROR] ./src/app/hero-carousel.tsx:67:7
Expression expected
  65 |     <ul className="hero-joy-strip" aria-label="Made with care">
  66 |       {["Made from scratch", "A little extra love", "Never just a cak...
> 67 |     </>
     |       ^
  68 |   );
  69 | }
  70 |

Parsing ecmascript source code failed

Import trace:
  Server Component:
    ./src/app/hero-carousel.tsx
    ./src/app/page.tsx @ http://localhost:3000/_next/static/chunks/node_modules_next_dist_1gdrd03._.js:1945
[   64994ms] [ERROR] ./src/app/hero-carousel.tsx:67:7
Expression expected
  65 |     <ul className="hero-joy-strip" aria-label="Made with care">
  66 |       {["Made from scratch", "A little extra love", "Never just a cak...
> 67 |     </>
     |       ^
  68 |   );
  69 | }
  70 |

Parsing ecmascript source code failed

Import trace:
  Server Component:
    ./src/app/hero-carousel.tsx
    ./src/app/page.tsx @ http://localhost:3000/_next/static/chunks/node_modules_next_dist_1gdrd03._.js:1945
[   65046ms] [ERROR] ./src/app/hero-carousel.tsx:67:7
Expression expected
  65 |     <ul className="hero-joy-strip" aria-label="Made with care">
  66 |       {["Made from scratch", "A little extra love", "Never just a cak...
> 67 |     </>
     |       ^
  68 |   );
  69 | }
  70 |

Parsing ecmascript source code failed

Import trace:
  Server Component:
    ./src/app/hero-carousel.tsx
    ./src/app/page.tsx @ http://localhost:3000/_next/static/chunks/node_modules_next_dist_1gdrd03._.js:1945
[   65097ms] [ERROR] ./src/app/hero-carousel.tsx:67:7
Expression expected
  65 |     <ul className="hero-joy-strip" aria-label="Made with care">
  66 |       {["Made from scratch", "A little extra love", "Never just a cak...
> 67 |     </>
     |       ^
  68 |   );
  69 | }
  70 |

Parsing ecmascript source code failed

Import trace:
  Server Component:
    ./src/app/hero-carousel.tsx
    ./src/app/page.tsx @ http://localhost:3000/_next/static/chunks/node_modules_next_dist_1gdrd03._.js:1945
[   65160ms] [ERROR] ./src/app/hero-carousel.tsx:67:7
Expression expected
  65 |     <ul className="hero-joy-strip" aria-label="Made with care">
  66 |       {["Made from scratch", "A little extra love", "Never just a cak...
> 67 |     </>
     |       ^
  68 |   );
  69 | }
  70 |

Parsing ecmascript source code failed

Import trace:
  Server Component:
    ./src/app/hero-carousel.tsx
    ./src/app/page.tsx @ http://localhost:3000/_next/static/chunks/node_modules_next_dist_1gdrd03._.js:1945
[   65223ms] [ERROR] ./src/app/hero-carousel.tsx:67:7
Expression expected
  65 |     <ul className="hero-joy-strip" aria-label="Made with care">
  66 |       {["Made from scratch", "A little extra love", "Never just a cak...
> 67 |     </>
     |       ^
  68 |   );
  69 | }
  70 |

Parsing ecmascript source code failed

Import trace:
  Server Component:
    ./src/app/hero-carousel.tsx
    ./src/app/page.tsx @ http://localhost:3000/_next/static/chunks/node_modules_next_dist_1gdrd03._.js:1945
[   65286ms] [ERROR] ./src/app/hero-carousel.tsx:67:7
Expression expected
  65 |     <ul className="hero-joy-strip" aria-label="Made with care">
  66 |       {["Made from scratch", "A little extra love", "Never just a cak...
> 67 |     </>
     |       ^
  68 |   );
  69 | }
  70 |

Parsing ecmascript source code failed

Import trace:
  Server Component:
    ./src/app/hero-carousel.tsx
    ./src/app/page.tsx @ http://localhost:3000/_next/static/chunks/node_modules_next_dist_1gdrd03._.js:1945
[   65337ms] [ERROR] ./src/app/hero-carousel.tsx:67:7
Expression expected
  65 |     <ul className="hero-joy-strip" aria-label="Made with care">
  66 |       {["Made from scratch", "A little extra love", "Never just a cak...
> 67 |     </>
     |       ^
  68 |   );
  69 | }
  70 |

Parsing ecmascript source code failed

Import trace:
  Server Component:
    ./src/app/hero-carousel.tsx
    ./src/app/page.tsx @ http://localhost:3000/_next/static/chunks/node_modules_next_dist_1gdrd03._.js:1945
[   65395ms] [ERROR] ./src/app/hero-carousel.tsx:67:7
Expression expected
  65 |     <ul className="hero-joy-strip" aria-label="Made with care">
  66 |       {["Made from scratch", "A little extra love", "Never just a cak...
> 67 |     </>
     |       ^
  68 |   );
  69 | }
  70 |

Parsing ecmascript source code failed

Import trace:
  Server Component:
    ./src/app/hero-carousel.tsx
    ./src/app/page.tsx @ http://localhost:3000/_next/static/chunks/node_modules_next_dist_1gdrd03._.js:1945
[   65446ms] [ERROR] ./src/app/hero-carousel.tsx:67:7
Expression expected
  65 |     <ul className="hero-joy-strip" aria-label="Made with care">
  66 |       {["Made from scratch", "A little extra love", "Never just a cak...
> 67 |     </>
     |       ^
  68 |   );
  69 | }
  70 |

Parsing ecmascript source code failed

Import trace:
  Server Component:
    ./src/app/hero-carousel.tsx
    ./src/app/page.tsx @ http://localhost:3000/_next/static/chunks/node_modules_next_dist_1gdrd03._.js:1945
[   65497ms] [ERROR] ./src/app/hero-carousel.tsx:67:7
Expression expected
  65 |     <ul className="hero-joy-strip" aria-label="Made with care">
  66 |       {["Made from scratch", "A little extra love", "Never just a cak...
> 67 |     </>
     |       ^
  68 |   );
  69 | }
  70 |

Parsing ecmascript source code failed

Import trace:
  Server Component:
    ./src/app/hero-carousel.tsx
    ./src/app/page.tsx @ http://localhost:3000/_next/static/chunks/node_modules_next_dist_1gdrd03._.js:1945
[   65546ms] [ERROR] ./src/app/hero-carousel.tsx:67:7
Expression expected
  65 |     <ul className="hero-joy-strip" aria-label="Made with care">
  66 |       {["Made from scratch", "A little extra love", "Never just a cak...
> 67 |     </>
     |       ^
  68 |   );
  69 | }
  70 |

Parsing ecmascript source code failed

Import trace:
  Server Component:
    ./src/app/hero-carousel.tsx
    ./src/app/page.tsx @ http://localhost:3000/_next/static/chunks/node_modules_next_dist_1gdrd03._.js:1945
[   65599ms] [ERROR] ./src/app/hero-carousel.tsx:67:7
Expression expected
  65 |     <ul className="hero-joy-strip" aria-label="Made with care">
  66 |       {["Made from scratch", "A little extra love", "Never just a cak...
> 67 |     </>
     |       ^
  68 |   );
  69 | }
  70 |

Parsing ecmascript source code failed

Import trace:
  Server Component:
    ./src/app/hero-carousel.tsx
    ./src/app/page.tsx @ http://localhost:3000/_next/static/chunks/node_modules_next_dist_1gdrd03._.js:1945
[   65659ms] [ERROR] ./src/app/hero-carousel.tsx:67:7
Expression expected
  65 |     <ul className="hero-joy-strip" aria-label="Made with care">
  66 |       {["Made from scratch", "A little extra love", "Never just a cak...
> 67 |     </>
     |       ^
  68 |   );
  69 | }
  70 |

Parsing ecmascript source code failed

Import trace:
  Server Component:
    ./src/app/hero-carousel.tsx
    ./src/app/page.tsx @ http://localhost:3000/_next/static/chunks/node_modules_next_dist_1gdrd03._.js:1945
[   65727ms] [ERROR] ./src/app/hero-carousel.tsx:67:7
Expression expected
  65 |     <ul className="hero-joy-strip" aria-label="Made with care">
  66 |       {["Made from scratch", "A little extra love", "Never just a cak...
> 67 |     </>
     |       ^
  68 |   );
  69 | }
  70 |

Parsing ecmascript source code failed

Import trace:
  Server Component:
    ./src/app/hero-carousel.tsx
    ./src/app/page.tsx @ http://localhost:3000/_next/static/chunks/node_modules_next_dist_1gdrd03._.js:1945
[   65794ms] [ERROR] ./src/app/hero-carousel.tsx:67:7
Expression expected
  65 |     <ul className="hero-joy-strip" aria-label="Made with care">
  66 |       {["Made from scratch", "A little extra love", "Never just a cak...
> 67 |     </>
     |       ^
  68 |   );
  69 | }
  70 |

Parsing ecmascript source code failed

Import trace:
  Server Component:
    ./src/app/hero-carousel.tsx
    ./src/app/page.tsx @ http://localhost:3000/_next/static/chunks/node_modules_next_dist_1gdrd03._.js:1945
[   65844ms] [ERROR] ./src/app/hero-carousel.tsx:67:7
Expression expected
  65 |     <ul className="hero-joy-strip" aria-label="Made with care">
  66 |       {["Made from scratch", "A little extra love", "Never just a cak...
> 67 |     </>
     |       ^
  68 |   );
  69 | }
  70 |

Parsing ecmascript source code failed

Import trace:
  Server Component:
    ./src/app/hero-carousel.tsx
    ./src/app/page.tsx @ http://localhost:3000/_next/static/chunks/node_modules_next_dist_1gdrd03._.js:1945
[   65894ms] [ERROR] ./src/app/hero-carousel.tsx:67:7
Expression expected
  65 |     <ul className="hero-joy-strip" aria-label="Made with care">
  66 |       {["Made from scratch", "A little extra love", "Never just a cak...
> 67 |     </>
     |       ^
  68 |   );
  69 | }
  70 |

Parsing ecmascript source code failed

Import trace:
  Server Component:
    ./src/app/hero-carousel.tsx
    ./src/app/page.tsx @ http://localhost:3000/_next/static/chunks/node_modules_next_dist_1gdrd03._.js:1945
[   65949ms] [ERROR] ./src/app/hero-carousel.tsx:67:7
Expression expected
  65 |     <ul className="hero-joy-strip" aria-label="Made with care">
  66 |       {["Made from scratch", "A little extra love", "Never just a cak...
> 67 |     </>
     |       ^
  68 |   );
  69 | }
  70 |

Parsing ecmascript source code failed

Import trace:
  Server Component:
    ./src/app/hero-carousel.tsx
    ./src/app/page.tsx @ http://localhost:3000/_next/static/chunks/node_modules_next_dist_1gdrd03._.js:1945
[   65994ms] [ERROR] ./src/app/hero-carousel.tsx:67:7
Expression expected
  65 |     <ul className="hero-joy-strip" aria-label="Made with care">
  66 |       {["Made from scratch", "A little extra love", "Never just a cak...
> 67 |     </>
     |       ^
  68 |   );
  69 | }
  70 |

Parsing ecmascript source code failed

Import trace:
  Server Component:
    ./src/app/hero-carousel.tsx
    ./src/app/page.tsx @ http://localhost:3000/_next/static/chunks/node_modules_next_dist_1gdrd03._.js:1945
[   66046ms] [ERROR] ./src/app/hero-carousel.tsx:67:7
Expression expected
  65 |     <ul className="hero-joy-strip" aria-label="Made with care">
  66 |       {["Made from scratch", "A little extra love", "Never just a cak...
> 67 |     </>
     |       ^
  68 |   );
  69 | }
  70 |

Parsing ecmascript source code failed

Import trace:
  Server Component:
    ./src/app/hero-carousel.tsx
    ./src/app/page.tsx @ http://localhost:3000/_next/static/chunks/node_modules_next_dist_1gdrd03._.js:1945
[   66095ms] [ERROR] ./src/app/hero-carousel.tsx:67:7
Expression expected
  65 |     <ul className="hero-joy-strip" aria-label="Made with care">
  66 |       {["Made from scratch", "A little extra love", "Never just a cak...
> 67 |     </>
     |       ^
  68 |   );
  69 | }
  70 |

Parsing ecmascript source code failed

Import trace:
  Server Component:
    ./src/app/hero-carousel.tsx
    ./src/app/page.tsx @ http://localhost:3000/_next/static/chunks/node_modules_next_dist_1gdrd03._.js:1945
[   66145ms] [ERROR] ./src/app/hero-carousel.tsx:67:7
Expression expected
  65 |     <ul className="hero-joy-strip" aria-label="Made with care">
  66 |       {["Made from scratch", "A little extra love", "Never just a cak...
> 67 |     </>
     |       ^
  68 |   );
  69 | }
  70 |

Parsing ecmascript source code failed

Import trace:
  Server Component:
    ./src/app/hero-carousel.tsx
    ./src/app/page.tsx @ http://localhost:3000/_next/static/chunks/node_modules_next_dist_1gdrd03._.js:1945
[   66210ms] [ERROR] ./src/app/hero-carousel.tsx:67:7
Expression expected
  65 |     <ul className="hero-joy-strip" aria-label="Made with care">
  66 |       {["Made from scratch", "A little extra love", "Never just a cak...
> 67 |     </>
     |       ^
  68 |   );
  69 | }
  70 |

Parsing ecmascript source code failed

Import trace:
  Server Component:
    ./src/app/hero-carousel.tsx
    ./src/app/page.tsx @ http://localhost:3000/_next/static/chunks/node_modules_next_dist_1gdrd03._.js:1945
[   66264ms] [ERROR] ./src/app/hero-carousel.tsx:67:7
Expression expected
  65 |     <ul className="hero-joy-strip" aria-label="Made with care">
  66 |       {["Made from scratch", "A little extra love", "Never just a cak...
> 67 |     </>
     |       ^
  68 |   );
  69 | }
  70 |

Parsing ecmascript source code failed

Import trace:
  Server Component:
    ./src/app/hero-carousel.tsx
    ./src/app/page.tsx @ http://localhost:3000/_next/static/chunks/node_modules_next_dist_1gdrd03._.js:1945
[   66325ms] [ERROR] ./src/app/hero-carousel.tsx:67:7
Expression expected
  65 |     <ul className="hero-joy-strip" aria-label="Made with care">
  66 |       {["Made from scratch", "A little extra love", "Never just a cak...
> 67 |     </>
     |       ^
  68 |   );
  69 | }
  70 |

Parsing ecmascript source code failed

Import trace:
  Server Component:
    ./src/app/hero-carousel.tsx
    ./src/app/page.tsx @ http://localhost:3000/_next/static/chunks/node_modules_next_dist_1gdrd03._.js:1945
[   66377ms] [ERROR] ./src/app/hero-carousel.tsx:67:7
Expression expected
  65 |     <ul className="hero-joy-strip" aria-label="Made with care">
  66 |       {["Made from scratch", "A little extra love", "Never just a cak...
> 67 |     </>
     |       ^
  68 |   );
  69 | }
  70 |

Parsing ecmascript source code failed

Import trace:
  Server Component:
    ./src/app/hero-carousel.tsx
    ./src/app/page.tsx @ http://localhost:3000/_next/static/chunks/node_modules_next_dist_1gdrd03._.js:1945
[   66427ms] [ERROR] ./src/app/hero-carousel.tsx:67:7
Expression expected
  65 |     <ul className="hero-joy-strip" aria-label="Made with care">
  66 |       {["Made from scratch", "A little extra love", "Never just a cak...
> 67 |     </>
     |       ^
  68 |   );
  69 | }
  70 |

Parsing ecmascript source code failed

Import trace:
  Server Component:
    ./src/app/hero-carousel.tsx
    ./src/app/page.tsx @ http://localhost:3000/_next/static/chunks/node_modules_next_dist_1gdrd03._.js:1945
[   66482ms] [ERROR] ./src/app/hero-carousel.tsx:67:7
Expression expected
  65 |     <ul className="hero-joy-strip" aria-label="Made with care">
  66 |       {["Made from scratch", "A little extra love", "Never just a cak...
> 67 |     </>
     |       ^
  68 |   );
  69 | }
  70 |

Parsing ecmascript source code failed

Import trace:
  Server Component:
    ./src/app/hero-carousel.tsx
    ./src/app/page.tsx @ http://localhost:3000/_next/static/chunks/node_modules_next_dist_1gdrd03._.js:1945
[   66531ms] [ERROR] ./src/app/hero-carousel.tsx:67:7
Expression expected
  65 |     <ul className="hero-joy-strip" aria-label="Made with care">
  66 |       {["Made from scratch", "A little extra love", "Never just a cak...
> 67 |     </>
     |       ^
  68 |   );
  69 | }
  70 |

Parsing ecmascript source code failed

Import trace:
  Server Component:
    ./src/app/hero-carousel.tsx
    ./src/app/page.tsx @ http://localhost:3000/_next/static/chunks/node_modules_next_dist_1gdrd03._.js:1945
[   66582ms] [ERROR] ./src/app/hero-carousel.tsx:67:7
Expression expected
  65 |     <ul className="hero-joy-strip" aria-label="Made with care">
  66 |       {["Made from scratch", "A little extra love", "Never just a cak...
> 67 |     </>
     |       ^
  68 |   );
  69 | }
  70 |

Parsing ecmascript source code failed

Import trace:
  Server Component:
    ./src/app/hero-carousel.tsx
    ./src/app/page.tsx @ http://localhost:3000/_next/static/chunks/node_modules_next_dist_1gdrd03._.js:1945
[   66644ms] [ERROR] ./src/app/hero-carousel.tsx:67:7
Expression expected
  65 |     <ul className="hero-joy-strip" aria-label="Made with care">
  66 |       {["Made from scratch", "A little extra love", "Never just a cak...
> 67 |     </>
     |       ^
  68 |   );
  69 | }
  70 |

Parsing ecmascript source code failed

Import trace:
  Server Component:
    ./src/app/hero-carousel.tsx
    ./src/app/page.tsx @ http://localhost:3000/_next/static/chunks/node_modules_next_dist_1gdrd03._.js:1945
[   66693ms] [ERROR] ./src/app/hero-carousel.tsx:67:7
Expression expected
  65 |     <ul className="hero-joy-strip" aria-label="Made with care">
  66 |       {["Made from scratch", "A little extra love", "Never just a cak...
> 67 |     </>
     |       ^
  68 |   );
  69 | }
  70 |

Parsing ecmascript source code failed

Import trace:
  Server Component:
    ./src/app/hero-carousel.tsx
    ./src/app/page.tsx @ http://localhost:3000/_next/static/chunks/node_modules_next_dist_1gdrd03._.js:1945
[   66744ms] [ERROR] ./src/app/hero-carousel.tsx:67:7
Expression expected
  65 |     <ul className="hero-joy-strip" aria-label="Made with care">
  66 |       {["Made from scratch", "A little extra love", "Never just a cak...
> 67 |     </>
     |       ^
  68 |   );
  69 | }
  70 |

Parsing ecmascript source code failed

Import trace:
  Server Component:
    ./src/app/hero-carousel.tsx
    ./src/app/page.tsx @ http://localhost:3000/_next/static/chunks/node_modules_next_dist_1gdrd03._.js:1945
[   66809ms] [ERROR] ./src/app/hero-carousel.tsx:67:7
Expression expected
  65 |     <ul className="hero-joy-strip" aria-label="Made with care">
  66 |       {["Made from scratch", "A little extra love", "Never just a cak...
> 67 |     </>
     |       ^
  68 |   );
  69 | }
  70 |

Parsing ecmascript source code failed

Import trace:
  Server Component:
    ./src/app/hero-carousel.tsx
    ./src/app/page.tsx @ http://localhost:3000/_next/static/chunks/node_modules_next_dist_1gdrd03._.js:1945
[   66860ms] [ERROR] ./src/app/hero-carousel.tsx:67:7
Expression expected
  65 |     <ul className="hero-joy-strip" aria-label="Made with care">
  66 |       {["Made from scratch", "A little extra love", "Never just a cak...
> 67 |     </>
     |       ^
  68 |   );
  69 | }
  70 |

Parsing ecmascript source code failed

Import trace:
  Server Component:
    ./src/app/hero-carousel.tsx
    ./src/app/page.tsx @ http://localhost:3000/_next/static/chunks/node_modules_next_dist_1gdrd03._.js:1945
[   66926ms] [ERROR] ./src/app/hero-carousel.tsx:67:7
Expression expected
  65 |     <ul className="hero-joy-strip" aria-label="Made with care">
  66 |       {["Made from scratch", "A little extra love", "Never just a cak...
> 67 |     </>
     |       ^
  68 |   );
  69 | }
  70 |

Parsing ecmascript source code failed

Import trace:
  Server Component:
    ./src/app/hero-carousel.tsx
    ./src/app/page.tsx @ http://localhost:3000/_next/static/chunks/node_modules_next_dist_1gdrd03._.js:1945
[   66977ms] [ERROR] ./src/app/hero-carousel.tsx:67:7
Expression expected
  65 |     <ul className="hero-joy-strip" aria-label="Made with care">
  66 |       {["Made from scratch", "A little extra love", "Never just a cak...
> 67 |     </>
     |       ^
  68 |   );
  69 | }
  70 |

Parsing ecmascript source code failed

Import trace:
  Server Component:
    ./src/app/hero-carousel.tsx
    ./src/app/page.tsx @ http://localhost:3000/_next/static/chunks/node_modules_next_dist_1gdrd03._.js:1945
[   67026ms] [ERROR] ./src/app/hero-carousel.tsx:67:7
Expression expected
  65 |     <ul className="hero-joy-strip" aria-label="Made with care">
  66 |       {["Made from scratch", "A little extra love", "Never just a cak...
> 67 |     </>
     |       ^
  68 |   );
  69 | }
  70 |

Parsing ecmascript source code failed

Import trace:
  Server Component:
    ./src/app/hero-carousel.tsx
    ./src/app/page.tsx @ http://localhost:3000/_next/static/chunks/node_modules_next_dist_1gdrd03._.js:1945
[   67077ms] [ERROR] ./src/app/hero-carousel.tsx:67:7
Expression expected
  65 |     <ul className="hero-joy-strip" aria-label="Made with care">
  66 |       {["Made from scratch", "A little extra love", "Never just a cak...
> 67 |     </>
     |       ^
  68 |   );
  69 | }
  70 |

Parsing ecmascript source code failed

Import trace:
  Server Component:
    ./src/app/hero-carousel.tsx
    ./src/app/page.tsx @ http://localhost:3000/_next/static/chunks/node_modules_next_dist_1gdrd03._.js:1945
[   67143ms] [ERROR] ./src/app/hero-carousel.tsx:67:7
Expression expected
  65 |     <ul className="hero-joy-strip" aria-label="Made with care">
  66 |       {["Made from scratch", "A little extra love", "Never just a cak...
> 67 |     </>
     |       ^
  68 |   );
  69 | }
  70 |

Parsing ecmascript source code failed

Import trace:
  Server Component:
    ./src/app/hero-carousel.tsx
    ./src/app/page.tsx @ http://localhost:3000/_next/static/chunks/node_modules_next_dist_1gdrd03._.js:1945
[   67210ms] [ERROR] ./src/app/hero-carousel.tsx:67:7
Expression expected
  65 |     <ul className="hero-joy-strip" aria-label="Made with care">
  66 |       {["Made from scratch", "A little extra love", "Never just a cak...
> 67 |     </>
     |       ^
  68 |   );
  69 | }
  70 |

Parsing ecmascript source code failed

Import trace:
  Server Component:
    ./src/app/hero-carousel.tsx
    ./src/app/page.tsx @ http://localhost:3000/_next/static/chunks/node_modules_next_dist_1gdrd03._.js:1945
[   67276ms] [ERROR] ./src/app/hero-carousel.tsx:67:7
Expression expected
  65 |     <ul className="hero-joy-strip" aria-label="Made with care">
  66 |       {["Made from scratch", "A little extra love", "Never just a cak...
> 67 |     </>
     |       ^
  68 |   );
  69 | }
  70 |

Parsing ecmascript source code failed

Import trace:
  Server Component:
    ./src/app/hero-carousel.tsx
    ./src/app/page.tsx @ http://localhost:3000/_next/static/chunks/node_modules_next_dist_1gdrd03._.js:1945
[   67326ms] [ERROR] ./src/app/hero-carousel.tsx:67:7
Expression expected
  65 |     <ul className="hero-joy-strip" aria-label="Made with care">
  66 |       {["Made from scratch", "A little extra love", "Never just a cak...
> 67 |     </>
     |       ^
  68 |   );
  69 | }
  70 |

Parsing ecmascript source code failed

Import trace:
  Server Component:
    ./src/app/hero-carousel.tsx
    ./src/app/page.tsx @ http://localhost:3000/_next/static/chunks/node_modules_next_dist_1gdrd03._.js:1945
[   67388ms] [ERROR] ./src/app/hero-carousel.tsx:67:7
Expression expected
  65 |     <ul className="hero-joy-strip" aria-label="Made with care">
  66 |       {["Made from scratch", "A little extra love", "Never just a cak...
> 67 |     </>
     |       ^
  68 |   );
  69 | }
  70 |

Parsing ecmascript source code failed

Import trace:
  Server Component:
    ./src/app/hero-carousel.tsx
    ./src/app/page.tsx @ http://localhost:3000/_next/static/chunks/node_modules_next_dist_1gdrd03._.js:1945
[   67443ms] [ERROR] ./src/app/hero-carousel.tsx:67:7
Expression expected
  65 |     <ul className="hero-joy-strip" aria-label="Made with care">
  66 |       {["Made from scratch", "A little extra love", "Never just a cak...
> 67 |     </>
     |       ^
  68 |   );
  69 | }
  70 |

Parsing ecmascript source code failed

Import trace:
  Server Component:
    ./src/app/hero-carousel.tsx
    ./src/app/page.tsx @ http://localhost:3000/_next/static/chunks/node_modules_next_dist_1gdrd03._.js:1945
[   67510ms] [ERROR] ./src/app/hero-carousel.tsx:67:7
Expression expected
  65 |     <ul className="hero-joy-strip" aria-label="Made with care">
  66 |       {["Made from scratch", "A little extra love", "Never just a cak...
> 67 |     </>
     |       ^
  68 |   );
  69 | }
  70 |

Parsing ecmascript source code failed

Import trace:
  Server Component:
    ./src/app/hero-carousel.tsx
    ./src/app/page.tsx @ http://localhost:3000/_next/static/chunks/node_modules_next_dist_1gdrd03._.js:1945
[   67562ms] [ERROR] ./src/app/hero-carousel.tsx:67:7
Expression expected
  65 |     <ul className="hero-joy-strip" aria-label="Made with care">
  66 |       {["Made from scratch", "A little extra love", "Never just a cak...
> 67 |     </>
     |       ^
  68 |   );
  69 | }
  70 |

Parsing ecmascript source code failed

Import trace:
  Server Component:
    ./src/app/hero-carousel.tsx
    ./src/app/page.tsx @ http://localhost:3000/_next/static/chunks/node_modules_next_dist_1gdrd03._.js:1945
[   67624ms] [ERROR] ./src/app/hero-carousel.tsx:67:7
Expression expected
  65 |     <ul className="hero-joy-strip" aria-label="Made with care">
  66 |       {["Made from scratch", "A little extra love", "Never just a cak...
> 67 |     </>
     |       ^
  68 |   );
  69 | }
  70 |

Parsing ecmascript source code failed

Import trace:
  Server Component:
    ./src/app/hero-carousel.tsx
    ./src/app/page.tsx @ http://localhost:3000/_next/static/chunks/node_modules_next_dist_1gdrd03._.js:1945
[   67677ms] [ERROR] ./src/app/hero-carousel.tsx:67:7
Expression expected
  65 |     <ul className="hero-joy-strip" aria-label="Made with care">
  66 |       {["Made from scratch", "A little extra love", "Never just a cak...
> 67 |     </>
     |       ^
  68 |   );
  69 | }
  70 |

Parsing ecmascript source code failed

Import trace:
  Server Component:
    ./src/app/hero-carousel.tsx
    ./src/app/page.tsx @ http://localhost:3000/_next/static/chunks/node_modules_next_dist_1gdrd03._.js:1945
[   67728ms] [ERROR] ./src/app/hero-carousel.tsx:67:7
Expression expected
  65 |     <ul className="hero-joy-strip" aria-label="Made with care">
  66 |       {["Made from scratch", "A little extra love", "Never just a cak...
> 67 |     </>
     |       ^
  68 |   );
  69 | }
  70 |

Parsing ecmascript source code failed

Import trace:
  Server Component:
    ./src/app/hero-carousel.tsx
    ./src/app/page.tsx @ http://localhost:3000/_next/static/chunks/node_modules_next_dist_1gdrd03._.js:1945
[   67778ms] [ERROR] ./src/app/hero-carousel.tsx:67:7
Expression expected
  65 |     <ul className="hero-joy-strip" aria-label="Made with care">
  66 |       {["Made from scratch", "A little extra love", "Never just a cak...
> 67 |     </>
     |       ^
  68 |   );
  69 | }
  70 |

Parsing ecmascript source code failed

Import trace:
  Server Component:
    ./src/app/hero-carousel.tsx
    ./src/app/page.tsx @ http://localhost:3000/_next/static/chunks/node_modules_next_dist_1gdrd03._.js:1945
[   67825ms] [ERROR] ./src/app/hero-carousel.tsx:67:7
Expression expected
  65 |     <ul className="hero-joy-strip" aria-label="Made with care">
  66 |       {["Made from scratch", "A little extra love", "Never just a cak...
> 67 |     </>
     |       ^
  68 |   );
  69 | }
  70 |

Parsing ecmascript source code failed

Import trace:
  Server Component:
    ./src/app/hero-carousel.tsx
    ./src/app/page.tsx @ http://localhost:3000/_next/static/chunks/node_modules_next_dist_1gdrd03._.js:1945
[   67878ms] [ERROR] ./src/app/hero-carousel.tsx:67:7
Expression expected
  65 |     <ul className="hero-joy-strip" aria-label="Made with care">
  66 |       {["Made from scratch", "A little extra love", "Never just a cak...
> 67 |     </>
     |       ^
  68 |   );
  69 | }
  70 |

Parsing ecmascript source code failed

Import trace:
  Server Component:
    ./src/app/hero-carousel.tsx
    ./src/app/page.tsx @ http://localhost:3000/_next/static/chunks/node_modules_next_dist_1gdrd03._.js:1945
[   67926ms] [ERROR] ./src/app/hero-carousel.tsx:67:7
Expression expected
  65 |     <ul className="hero-joy-strip" aria-label="Made with care">
  66 |       {["Made from scratch", "A little extra love", "Never just a cak...
> 67 |     </>
     |       ^
  68 |   );
  69 | }
  70 |

Parsing ecmascript source code failed

Import trace:
  Server Component:
    ./src/app/hero-carousel.tsx
    ./src/app/page.tsx @ http://localhost:3000/_next/static/chunks/node_modules_next_dist_1gdrd03._.js:1945
[   67978ms] [ERROR] ./src/app/hero-carousel.tsx:67:7
Expression expected
  65 |     <ul className="hero-joy-strip" aria-label="Made with care">
  66 |       {["Made from scratch", "A little extra love", "Never just a cak...
> 67 |     </>
     |       ^
  68 |   );
  69 | }
  70 |

Parsing ecmascript source code failed

Import trace:
  Server Component:
    ./src/app/hero-carousel.tsx
    ./src/app/page.tsx @ http://localhost:3000/_next/static/chunks/node_modules_next_dist_1gdrd03._.js:1945
[   68043ms] [ERROR] ./src/app/hero-carousel.tsx:67:7
Expression expected
  65 |     <ul className="hero-joy-strip" aria-label="Made with care">
  66 |       {["Made from scratch", "A little extra love", "Never just a cak...
> 67 |     </>
     |       ^
  68 |   );
  69 | }
  70 |

Parsing ecmascript source code failed

Import trace:
  Server Component:
    ./src/app/hero-carousel.tsx
    ./src/app/page.tsx @ http://localhost:3000/_next/static/chunks/node_modules_next_dist_1gdrd03._.js:1945
[   68095ms] [ERROR] ./src/app/hero-carousel.tsx:67:7
Expression expected
  65 |     <ul className="hero-joy-strip" aria-label="Made with care">
  66 |       {["Made from scratch", "A little extra love", "Never just a cak...
> 67 |     </>
     |       ^
  68 |   );
  69 | }
  70 |

Parsing ecmascript source code failed

Import trace:
  Server Component:
    ./src/app/hero-carousel.tsx
    ./src/app/page.tsx @ http://localhost:3000/_next/static/chunks/node_modules_next_dist_1gdrd03._.js:1945
[   68137ms] [ERROR] ./src/app/hero-carousel.tsx:67:7
Expression expected
  65 |     <ul className="hero-joy-strip" aria-label="Made with care">
  66 |       {["Made from scratch", "A little extra love", "Never just a cak...
> 67 |     </>
     |       ^
  68 |   );
  69 | }
  70 |

Parsing ecmascript source code failed

Import trace:
  Server Component:
    ./src/app/hero-carousel.tsx
    ./src/app/page.tsx @ http://localhost:3000/_next/static/chunks/node_modules_next_dist_1gdrd03._.js:1945
[   68178ms] [ERROR] ./src/app/hero-carousel.tsx:67:7
Expression expected
  65 |     <ul className="hero-joy-strip" aria-label="Made with care">
  66 |       {["Made from scratch", "A little extra love", "Never just a cak...
> 67 |     </>
     |       ^
  68 |   );
  69 | }
  70 |

Parsing ecmascript source code failed

Import trace:
  Server Component:
    ./src/app/hero-carousel.tsx
    ./src/app/page.tsx @ http://localhost:3000/_next/static/chunks/node_modules_next_dist_1gdrd03._.js:1945
[   68242ms] [ERROR] ./src/app/hero-carousel.tsx:67:7
Expression expected
  65 |     <ul className="hero-joy-strip" aria-label="Made with care">
  66 |       {["Made from scratch", "A little extra love", "Never just a cak...
> 67 |     </>
     |       ^
  68 |   );
  69 | }
  70 |

Parsing ecmascript source code failed

Import trace:
  Server Component:
    ./src/app/hero-carousel.tsx
    ./src/app/page.tsx @ http://localhost:3000/_next/static/chunks/node_modules_next_dist_1gdrd03._.js:1945
[   68294ms] [ERROR] ./src/app/hero-carousel.tsx:67:7
Expression expected
  65 |     <ul className="hero-joy-strip" aria-label="Made with care">
  66 |       {["Made from scratch", "A little extra love", "Never just a cak...
> 67 |     </>
     |       ^
  68 |   );
  69 | }
  70 |

Parsing ecmascript source code failed

Import trace:
  Server Component:
    ./src/app/hero-carousel.tsx
    ./src/app/page.tsx @ http://localhost:3000/_next/static/chunks/node_modules_next_dist_1gdrd03._.js:1945
[   68355ms] [ERROR] ./src/app/hero-carousel.tsx:67:7
Expression expected
  65 |     <ul className="hero-joy-strip" aria-label="Made with care">
  66 |       {["Made from scratch", "A little extra love", "Never just a cak...
> 67 |     </>
     |       ^
  68 |   );
  69 | }
  70 |

Parsing ecmascript source code failed

Import trace:
  Server Component:
    ./src/app/hero-carousel.tsx
    ./src/app/page.tsx @ http://localhost:3000/_next/static/chunks/node_modules_next_dist_1gdrd03._.js:1945
[   68408ms] [ERROR] ./src/app/hero-carousel.tsx:67:7
Expression expected
  65 |     <ul className="hero-joy-strip" aria-label="Made with care">
  66 |       {["Made from scratch", "A little extra love", "Never just a cak...
> 67 |     </>
     |       ^
  68 |   );
  69 | }
  70 |

Parsing ecmascript source code failed

Import trace:
  Server Component:
    ./src/app/hero-carousel.tsx
    ./src/app/page.tsx @ http://localhost:3000/_next/static/chunks/node_modules_next_dist_1gdrd03._.js:1945
[   68472ms] [ERROR] ./src/app/hero-carousel.tsx:67:7
Expression expected
  65 |     <ul className="hero-joy-strip" aria-label="Made with care">
  66 |       {["Made from scratch", "A little extra love", "Never just a cak...
> 67 |     </>
     |       ^
  68 |   );
  69 | }
  70 |

Parsing ecmascript source code failed

Import trace:
  Server Component:
    ./src/app/hero-carousel.tsx
    ./src/app/page.tsx @ http://localhost:3000/_next/static/chunks/node_modules_next_dist_1gdrd03._.js:1945
[   68527ms] [ERROR] ./src/app/hero-carousel.tsx:67:7
Expression expected
  65 |     <ul className="hero-joy-strip" aria-label="Made with care">
  66 |       {["Made from scratch", "A little extra love", "Never just a cak...
> 67 |     </>
     |       ^
  68 |   );
  69 | }
  70 |

Parsing ecmascript source code failed

Import trace:
  Server Component:
    ./src/app/hero-carousel.tsx
    ./src/app/page.tsx @ http://localhost:3000/_next/static/chunks/node_modules_next_dist_1gdrd03._.js:1945
[   68575ms] [ERROR] ./src/app/hero-carousel.tsx:67:7
Expression expected
  65 |     <ul className="hero-joy-strip" aria-label="Made with care">
  66 |       {["Made from scratch", "A little extra love", "Never just a cak...
> 67 |     </>
     |       ^
  68 |   );
  69 | }
  70 |

Parsing ecmascript source code failed

Import trace:
  Server Component:
    ./src/app/hero-carousel.tsx
    ./src/app/page.tsx @ http://localhost:3000/_next/static/chunks/node_modules_next_dist_1gdrd03._.js:1945
[   68638ms] [ERROR] ./src/app/hero-carousel.tsx:67:7
Expression expected
  65 |     <ul className="hero-joy-strip" aria-label="Made with care">
  66 |       {["Made from scratch", "A little extra love", "Never just a cak...
> 67 |     </>
     |       ^
  68 |   );
  69 | }
  70 |

Parsing ecmascript source code failed

Import trace:
  Server Component:
    ./src/app/hero-carousel.tsx
    ./src/app/page.tsx @ http://localhost:3000/_next/static/chunks/node_modules_next_dist_1gdrd03._.js:1945
[   68692ms] [ERROR] ./src/app/hero-carousel.tsx:67:7
Expression expected
  65 |     <ul className="hero-joy-strip" aria-label="Made with care">
  66 |       {["Made from scratch", "A little extra love", "Never just a cak...
> 67 |     </>
     |       ^
  68 |   );
  69 | }
  70 |

Parsing ecmascript source code failed

Import trace:
  Server Component:
    ./src/app/hero-carousel.tsx
    ./src/app/page.tsx @ http://localhost:3000/_next/static/chunks/node_modules_next_dist_1gdrd03._.js:1945
[   68742ms] [ERROR] ./src/app/hero-carousel.tsx:67:7
Expression expected
  65 |     <ul className="hero-joy-strip" aria-label="Made with care">
  66 |       {["Made from scratch", "A little extra love", "Never just a cak...
> 67 |     </>
     |       ^
  68 |   );
  69 | }
  70 |

Parsing ecmascript source code failed

Import trace:
  Server Component:
    ./src/app/hero-carousel.tsx
    ./src/app/page.tsx @ http://localhost:3000/_next/static/chunks/node_modules_next_dist_1gdrd03._.js:1945
[   68793ms] [ERROR] ./src/app/hero-carousel.tsx:67:7
Expression expected
  65 |     <ul className="hero-joy-strip" aria-label="Made with care">
  66 |       {["Made from scratch", "A little extra love", "Never just a cak...
> 67 |     </>
     |       ^
  68 |   );
  69 | }
  70 |

Parsing ecmascript source code failed

Import trace:
  Server Component:
    ./src/app/hero-carousel.tsx
    ./src/app/page.tsx @ http://localhost:3000/_next/static/chunks/node_modules_next_dist_1gdrd03._.js:1945
[   68843ms] [ERROR] ./src/app/hero-carousel.tsx:67:7
Expression expected
  65 |     <ul className="hero-joy-strip" aria-label="Made with care">
  66 |       {["Made from scratch", "A little extra love", "Never just a cak...
> 67 |     </>
     |       ^
  68 |   );
  69 | }
  70 |

Parsing ecmascript source code failed

Import trace:
  Server Component:
    ./src/app/hero-carousel.tsx
    ./src/app/page.tsx @ http://localhost:3000/_next/static/chunks/node_modules_next_dist_1gdrd03._.js:1945
[   68895ms] [ERROR] ./src/app/hero-carousel.tsx:67:7
Expression expected
  65 |     <ul className="hero-joy-strip" aria-label="Made with care">
  66 |       {["Made from scratch", "A little extra love", "Never just a cak...
> 67 |     </>
     |       ^
  68 |   );
  69 | }
  70 |

Parsing ecmascript source code failed

Import trace:
  Server Component:
    ./src/app/hero-carousel.tsx
    ./src/app/page.tsx @ http://localhost:3000/_next/static/chunks/node_modules_next_dist_1gdrd03._.js:1945
[   68952ms] [ERROR] ./src/app/hero-carousel.tsx:67:7
Expression expected
  65 |     <ul className="hero-joy-strip" aria-label="Made with care">
  66 |       {["Made from scratch", "A little extra love", "Never just a cak...
> 67 |     </>
     |       ^
  68 |   );
  69 | }
  70 |

Parsing ecmascript source code failed

Import trace:
  Server Component:
    ./src/app/hero-carousel.tsx
    ./src/app/page.tsx @ http://localhost:3000/_next/static/chunks/node_modules_next_dist_1gdrd03._.js:1945
[   68994ms] [ERROR] ./src/app/hero-carousel.tsx:67:7
Expression expected
  65 |     <ul className="hero-joy-strip" aria-label="Made with care">
  66 |       {["Made from scratch", "A little extra love", "Never just a cak...
> 67 |     </>
     |       ^
  68 |   );
  69 | }
  70 |

Parsing ecmascript source code failed

Import trace:
  Server Component:
    ./src/app/hero-carousel.tsx
    ./src/app/page.tsx @ http://localhost:3000/_next/static/chunks/node_modules_next_dist_1gdrd03._.js:1945
[   69060ms] [ERROR] ./src/app/hero-carousel.tsx:67:7
Expression expected
  65 |     <ul className="hero-joy-strip" aria-label="Made with care">
  66 |       {["Made from scratch", "A little extra love", "Never just a cak...
> 67 |     </>
     |       ^
  68 |   );
  69 | }
  70 |

Parsing ecmascript source code failed

Import trace:
  Server Component:
    ./src/app/hero-carousel.tsx
    ./src/app/page.tsx @ http://localhost:3000/_next/static/chunks/node_modules_next_dist_1gdrd03._.js:1945
[   69127ms] [ERROR] ./src/app/hero-carousel.tsx:67:7
Expression expected
  65 |     <ul className="hero-joy-strip" aria-label="Made with care">
  66 |       {["Made from scratch", "A little extra love", "Never just a cak...
> 67 |     </>
     |       ^
  68 |   );
  69 | }
  70 |

Parsing ecmascript source code failed

Import trace:
  Server Component:
    ./src/app/hero-carousel.tsx
    ./src/app/page.tsx @ http://localhost:3000/_next/static/chunks/node_modules_next_dist_1gdrd03._.js:1945
[   69177ms] [ERROR] ./src/app/hero-carousel.tsx:67:7
Expression expected
  65 |     <ul className="hero-joy-strip" aria-label="Made with care">
  66 |       {["Made from scratch", "A little extra love", "Never just a cak...
> 67 |     </>
     |       ^
  68 |   );
  69 | }
  70 |

Parsing ecmascript source code failed

Import trace:
  Server Component:
    ./src/app/hero-carousel.tsx
    ./src/app/page.tsx @ http://localhost:3000/_next/static/chunks/node_modules_next_dist_1gdrd03._.js:1945
[   69215ms] [ERROR] ./src/app/hero-carousel.tsx:67:7
Expression expected
  65 |     <ul className="hero-joy-strip" aria-label="Made with care">
  66 |       {["Made from scratch", "A little extra love", "Never just a cak...
> 67 |     </>
     |       ^
  68 |   );
  69 | }
  70 |

Parsing ecmascript source code failed

Import trace:
  Server Component:
    ./src/app/hero-carousel.tsx
    ./src/app/page.tsx @ http://localhost:3000/_next/static/chunks/node_modules_next_dist_1gdrd03._.js:1945
[   69276ms] [ERROR] ./src/app/hero-carousel.tsx:67:7
Expression expected
  65 |     <ul className="hero-joy-strip" aria-label="Made with care">
  66 |       {["Made from scratch", "A little extra love", "Never just a cak...
> 67 |     </>
     |       ^
  68 |   );
  69 | }
  70 |

Parsing ecmascript source code failed

Import trace:
  Server Component:
    ./src/app/hero-carousel.tsx
    ./src/app/page.tsx @ http://localhost:3000/_next/static/chunks/node_modules_next_dist_1gdrd03._.js:1945
[   69341ms] [ERROR] ./src/app/hero-carousel.tsx:67:7
Expression expected
  65 |     <ul className="hero-joy-strip" aria-label="Made with care">
  66 |       {["Made from scratch", "A little extra love", "Never just a cak...
> 67 |     </>
     |       ^
  68 |   );
  69 | }
  70 |

Parsing ecmascript source code failed

Import trace:
  Server Component:
    ./src/app/hero-carousel.tsx
    ./src/app/page.tsx @ http://localhost:3000/_next/static/chunks/node_modules_next_dist_1gdrd03._.js:1945
[   69390ms] [ERROR] ./src/app/hero-carousel.tsx:67:7
Expression expected
  65 |     <ul className="hero-joy-strip" aria-label="Made with care">
  66 |       {["Made from scratch", "A little extra love", "Never just a cak...
> 67 |     </>
     |       ^
  68 |   );
  69 | }
  70 |

Parsing ecmascript source code failed

Import trace:
  Server Component:
    ./src/app/hero-carousel.tsx
    ./src/app/page.tsx @ http://localhost:3000/_next/static/chunks/node_modules_next_dist_1gdrd03._.js:1945
[   69439ms] [ERROR] ./src/app/hero-carousel.tsx:67:7
Expression expected
  65 |     <ul className="hero-joy-strip" aria-label="Made with care">
  66 |       {["Made from scratch", "A little extra love", "Never just a cak...
> 67 |     </>
     |       ^
  68 |   );
  69 | }
  70 |

Parsing ecmascript source code failed

Import trace:
  Server Component:
    ./src/app/hero-carousel.tsx
    ./src/app/page.tsx @ http://localhost:3000/_next/static/chunks/node_modules_next_dist_1gdrd03._.js:1945
[   69477ms] [ERROR] ./src/app/hero-carousel.tsx:67:7
Expression expected
  65 |     <ul className="hero-joy-strip" aria-label="Made with care">
  66 |       {["Made from scratch", "A little extra love", "Never just a cak...
> 67 |     </>
     |       ^
  68 |   );
  69 | }
  70 |

Parsing ecmascript source code failed

Import trace:
  Server Component:
    ./src/app/hero-carousel.tsx
    ./src/app/page.tsx @ http://localhost:3000/_next/static/chunks/node_modules_next_dist_1gdrd03._.js:1945
[   69526ms] [ERROR] ./src/app/hero-carousel.tsx:67:7
Expression expected
  65 |     <ul className="hero-joy-strip" aria-label="Made with care">
  66 |       {["Made from scratch", "A little extra love", "Never just a cak...
> 67 |     </>
     |       ^
  68 |   );
  69 | }
  70 |

Parsing ecmascript source code failed

Import trace:
  Server Component:
    ./src/app/hero-carousel.tsx
    ./src/app/page.tsx @ http://localhost:3000/_next/static/chunks/node_modules_next_dist_1gdrd03._.js:1945
[   69578ms] [ERROR] ./src/app/hero-carousel.tsx:67:7
Expression expected
  65 |     <ul className="hero-joy-strip" aria-label="Made with care">
  66 |       {["Made from scratch", "A little extra love", "Never just a cak...
> 67 |     </>
     |       ^
  68 |   );
  69 | }
  70 |

Parsing ecmascript source code failed

Import trace:
  Server Component:
    ./src/app/hero-carousel.tsx
    ./src/app/page.tsx @ http://localhost:3000/_next/static/chunks/node_modules_next_dist_1gdrd03._.js:1945
[   69629ms] [ERROR] ./src/app/hero-carousel.tsx:67:7
Expression expected
  65 |     <ul className="hero-joy-strip" aria-label="Made with care">
  66 |       {["Made from scratch", "A little extra love", "Never just a cak...
> 67 |     </>
     |       ^
  68 |   );
  69 | }
  70 |

Parsing ecmascript source code failed

Import trace:
  Server Component:
    ./src/app/hero-carousel.tsx
    ./src/app/page.tsx @ http://localhost:3000/_next/static/chunks/node_modules_next_dist_1gdrd03._.js:1945
[   69685ms] [ERROR] ./src/app/hero-carousel.tsx:67:7
Expression expected
  65 |     <ul className="hero-joy-strip" aria-label="Made with care">
  66 |       {["Made from scratch", "A little extra love", "Never just a cak...
> 67 |     </>
     |       ^
  68 |   );
  69 | }
  70 |

Parsing ecmascript source code failed

Import trace:
  Server Component:
    ./src/app/hero-carousel.tsx
    ./src/app/page.tsx @ http://localhost:3000/_next/static/chunks/node_modules_next_dist_1gdrd03._.js:1945
[   69743ms] [ERROR] ./src/app/hero-carousel.tsx:67:7
Expression expected
  65 |     <ul className="hero-joy-strip" aria-label="Made with care">
  66 |       {["Made from scratch", "A little extra love", "Never just a cak...
> 67 |     </>
     |       ^
  68 |   );
  69 | }
  70 |

Parsing ecmascript source code failed

Import trace:
  Server Component:
    ./src/app/hero-carousel.tsx
    ./src/app/page.tsx @ http://localhost:3000/_next/static/chunks/node_modules_next_dist_1gdrd03._.js:1945
[   69798ms] [ERROR] ./src/app/hero-carousel.tsx:67:7
Expression expected
  65 |     <ul className="hero-joy-strip" aria-label="Made with care">
  66 |       {["Made from scratch", "A little extra love", "Never just a cak...
> 67 |     </>
     |       ^
  68 |   );
  69 | }
  70 |

Parsing ecmascript source code failed

Import trace:
  Server Component:
    ./src/app/hero-carousel.tsx
    ./src/app/page.tsx @ http://localhost:3000/_next/static/chunks/node_modules_next_dist_1gdrd03._.js:1945
[   69860ms] [ERROR] ./src/app/hero-carousel.tsx:67:7
Expression expected
  65 |     <ul className="hero-joy-strip" aria-label="Made with care">
  66 |       {["Made from scratch", "A little extra love", "Never just a cak...
> 67 |     </>
     |       ^
  68 |   );
  69 | }
  70 |

Parsing ecmascript source code failed

Import trace:
  Server Component:
    ./src/app/hero-carousel.tsx
    ./src/app/page.tsx @ http://localhost:3000/_next/static/chunks/node_modules_next_dist_1gdrd03._.js:1945
[   69914ms] [ERROR] ./src/app/hero-carousel.tsx:67:7
Expression expected
  65 |     <ul className="hero-joy-strip" aria-label="Made with care">
  66 |       {["Made from scratch", "A little extra love", "Never just a cak...
> 67 |     </>
     |       ^
  68 |   );
  69 | }
  70 |

Parsing ecmascript source code failed

Import trace:
  Server Component:
    ./src/app/hero-carousel.tsx
    ./src/app/page.tsx @ http://localhost:3000/_next/static/chunks/node_modules_next_dist_1gdrd03._.js:1945
[   69968ms] [ERROR] ./src/app/hero-carousel.tsx:67:7
Expression expected
  65 |     <ul className="hero-joy-strip" aria-label="Made with care">
  66 |       {["Made from scratch", "A little extra love", "Never just a cak...
> 67 |     </>
     |       ^
  68 |   );
  69 | }
  70 |

Parsing ecmascript source code failed

Import trace:
  Server Component:
    ./src/app/hero-carousel.tsx
    ./src/app/page.tsx @ http://localhost:3000/_next/static/chunks/node_modules_next_dist_1gdrd03._.js:1945
[   70031ms] [ERROR] ./src/app/hero-carousel.tsx:67:7
Expression expected
  65 |     <ul className="hero-joy-strip" aria-label="Made with care">
  66 |       {["Made from scratch", "A little extra love", "Never just a cak...
> 67 |     </>
     |       ^
  68 |   );
  69 | }
  70 |

Parsing ecmascript source code failed

Import trace:
  Server Component:
    ./src/app/hero-carousel.tsx
    ./src/app/page.tsx @ http://localhost:3000/_next/static/chunks/node_modules_next_dist_1gdrd03._.js:1945
[   70092ms] [ERROR] ./src/app/hero-carousel.tsx:67:7
Expression expected
  65 |     <ul className="hero-joy-strip" aria-label="Made with care">
  66 |       {["Made from scratch", "A little extra love", "Never just a cak...
> 67 |     </>
     |       ^
  68 |   );
  69 | }
  70 |

Parsing ecmascript source code failed

Import trace:
  Server Component:
    ./src/app/hero-carousel.tsx
    ./src/app/page.tsx @ http://localhost:3000/_next/static/chunks/node_modules_next_dist_1gdrd03._.js:1945
[   70144ms] [ERROR] ./src/app/hero-carousel.tsx:67:7
Expression expected
  65 |     <ul className="hero-joy-strip" aria-label="Made with care">
  66 |       {["Made from scratch", "A little extra love", "Never just a cak...
> 67 |     </>
     |       ^
  68 |   );
  69 | }
  70 |

Parsing ecmascript source code failed

Import trace:
  Server Component:
    ./src/app/hero-carousel.tsx
    ./src/app/page.tsx @ http://localhost:3000/_next/static/chunks/node_modules_next_dist_1gdrd03._.js:1945
[   70210ms] [ERROR] ./src/app/hero-carousel.tsx:67:7
Expression expected
  65 |     <ul className="hero-joy-strip" aria-label="Made with care">
  66 |       {["Made from scratch", "A little extra love", "Never just a cak...
> 67 |     </>
     |       ^
  68 |   );
  69 | }
  70 |

Parsing ecmascript source code failed

Import trace:
  Server Component:
    ./src/app/hero-carousel.tsx
    ./src/app/page.tsx @ http://localhost:3000/_next/static/chunks/node_modules_next_dist_1gdrd03._.js:1945
[   70262ms] [ERROR] ./src/app/hero-carousel.tsx:67:7
Expression expected
  65 |     <ul className="hero-joy-strip" aria-label="Made with care">
  66 |       {["Made from scratch", "A little extra love", "Never just a cak...
> 67 |     </>
     |       ^
  68 |   );
  69 | }
  70 |

Parsing ecmascript source code failed

Import trace:
  Server Component:
    ./src/app/hero-carousel.tsx
    ./src/app/page.tsx @ http://localhost:3000/_next/static/chunks/node_modules_next_dist_1gdrd03._.js:1945
[   70313ms] [ERROR] ./src/app/hero-carousel.tsx:67:7
Expression expected
  65 |     <ul className="hero-joy-strip" aria-label="Made with care">
  66 |       {["Made from scratch", "A little extra love", "Never just a cak...
> 67 |     </>
     |       ^
  68 |   );
  69 | }
  70 |

Parsing ecmascript source code failed

Import trace:
  Server Component:
    ./src/app/hero-carousel.tsx
    ./src/app/page.tsx @ http://localhost:3000/_next/static/chunks/node_modules_next_dist_1gdrd03._.js:1945
[   70377ms] [ERROR] ./src/app/hero-carousel.tsx:67:7
Expression expected
  65 |     <ul className="hero-joy-strip" aria-label="Made with care">
  66 |       {["Made from scratch", "A little extra love", "Never just a cak...
> 67 |     </>
     |       ^
  68 |   );
  69 | }
  70 |

Parsing ecmascript source code failed

Import trace:
  Server Component:
    ./src/app/hero-carousel.tsx
    ./src/app/page.tsx @ http://localhost:3000/_next/static/chunks/node_modules_next_dist_1gdrd03._.js:1945
[   70432ms] [ERROR] ./src/app/hero-carousel.tsx:67:7
Expression expected
  65 |     <ul className="hero-joy-strip" aria-label="Made with care">
  66 |       {["Made from scratch", "A little extra love", "Never just a cak...
> 67 |     </>
     |       ^
  68 |   );
  69 | }
  70 |

Parsing ecmascript source code failed

Import trace:
  Server Component:
    ./src/app/hero-carousel.tsx
    ./src/app/page.tsx @ http://localhost:3000/_next/static/chunks/node_modules_next_dist_1gdrd03._.js:1945
[   70479ms] [ERROR] ./src/app/hero-carousel.tsx:67:7
Expression expected
  65 |     <ul className="hero-joy-strip" aria-label="Made with care">
  66 |       {["Made from scratch", "A little extra love", "Never just a cak...
> 67 |     </>
     |       ^
  68 |   );
  69 | }
  70 |

Parsing ecmascript source code failed

Import trace:
  Server Component:
    ./src/app/hero-carousel.tsx
    ./src/app/page.tsx @ http://localhost:3000/_next/static/chunks/node_modules_next_dist_1gdrd03._.js:1945
[   70543ms] [ERROR] ./src/app/hero-carousel.tsx:67:7
Expression expected
  65 |     <ul className="hero-joy-strip" aria-label="Made with care">
  66 |       {["Made from scratch", "A little extra love", "Never just a cak...
> 67 |     </>
     |       ^
  68 |   );
  69 | }
  70 |

Parsing ecmascript source code failed

Import trace:
  Server Component:
    ./src/app/hero-carousel.tsx
    ./src/app/page.tsx @ http://localhost:3000/_next/static/chunks/node_modules_next_dist_1gdrd03._.js:1945
[   70611ms] [ERROR] ./src/app/hero-carousel.tsx:67:7
Expression expected
  65 |     <ul className="hero-joy-strip" aria-label="Made with care">
  66 |       {["Made from scratch", "A little extra love", "Never just a cak...
> 67 |     </>
     |       ^
  68 |   );
  69 | }
  70 |

Parsing ecmascript source code failed

Import trace:
  Server Component:
    ./src/app/hero-carousel.tsx
    ./src/app/page.tsx @ http://localhost:3000/_next/static/chunks/node_modules_next_dist_1gdrd03._.js:1945
[   70675ms] [ERROR] ./src/app/hero-carousel.tsx:67:7
Expression expected
  65 |     <ul className="hero-joy-strip" aria-label="Made with care">
  66 |       {["Made from scratch", "A little extra love", "Never just a cak...
> 67 |     </>
     |       ^
  68 |   );
  69 | }
  70 |

Parsing ecmascript source code failed

Import trace:
  Server Component:
    ./src/app/hero-carousel.tsx
    ./src/app/page.tsx @ http://localhost:3000/_next/static/chunks/node_modules_next_dist_1gdrd03._.js:1945
[   70727ms] [ERROR] ./src/app/hero-carousel.tsx:67:7
Expression expected
  65 |     <ul className="hero-joy-strip" aria-label="Made with care">
  66 |       {["Made from scratch", "A little extra love", "Never just a cak...
> 67 |     </>
     |       ^
  68 |   );
  69 | }
  70 |

Parsing ecmascript source code failed

Import trace:
  Server Component:
    ./src/app/hero-carousel.tsx
    ./src/app/page.tsx @ http://localhost:3000/_next/static/chunks/node_modules_next_dist_1gdrd03._.js:1945
[   70780ms] [ERROR] ./src/app/hero-carousel.tsx:67:7
Expression expected
  65 |     <ul className="hero-joy-strip" aria-label="Made with care">
  66 |       {["Made from scratch", "A little extra love", "Never just a cak...
> 67 |     </>
     |       ^
  68 |   );
  69 | }
  70 |

Parsing ecmascript source code failed

Import trace:
  Server Component:
    ./src/app/hero-carousel.tsx
    ./src/app/page.tsx @ http://localhost:3000/_next/static/chunks/node_modules_next_dist_1gdrd03._.js:1945
[   70841ms] [ERROR] ./src/app/hero-carousel.tsx:67:7
Expression expected
  65 |     <ul className="hero-joy-strip" aria-label="Made with care">
  66 |       {["Made from scratch", "A little extra love", "Never just a cak...
> 67 |     </>
     |       ^
  68 |   );
  69 | }
  70 |

Parsing ecmascript source code failed

Import trace:
  Server Component:
    ./src/app/hero-carousel.tsx
    ./src/app/page.tsx @ http://localhost:3000/_next/static/chunks/node_modules_next_dist_1gdrd03._.js:1945
[   70894ms] [ERROR] ./src/app/hero-carousel.tsx:67:7
Expression expected
  65 |     <ul className="hero-joy-strip" aria-label="Made with care">
  66 |       {["Made from scratch", "A little extra love", "Never just a cak...
> 67 |     </>
     |       ^
  68 |   );
  69 | }
  70 |

Parsing ecmascript source code failed

Import trace:
  Server Component:
    ./src/app/hero-carousel.tsx
    ./src/app/page.tsx @ http://localhost:3000/_next/static/chunks/node_modules_next_dist_1gdrd03._.js:1945
[   70960ms] [ERROR] ./src/app/hero-carousel.tsx:67:7
Expression expected
  65 |     <ul className="hero-joy-strip" aria-label="Made with care">
  66 |       {["Made from scratch", "A little extra love", "Never just a cak...
> 67 |     </>
     |       ^
  68 |   );
  69 | }
  70 |

Parsing ecmascript source code failed

Import trace:
  Server Component:
    ./src/app/hero-carousel.tsx
    ./src/app/page.tsx @ http://localhost:3000/_next/static/chunks/node_modules_next_dist_1gdrd03._.js:1945
[   71027ms] [ERROR] ./src/app/hero-carousel.tsx:67:7
Expression expected
  65 |     <ul className="hero-joy-strip" aria-label="Made with care">
  66 |       {["Made from scratch", "A little extra love", "Never just a cak...
> 67 |     </>
     |       ^
  68 |   );
  69 | }
  70 |

Parsing ecmascript source code failed

Import trace:
  Server Component:
    ./src/app/hero-carousel.tsx
    ./src/app/page.tsx @ http://localhost:3000/_next/static/chunks/node_modules_next_dist_1gdrd03._.js:1945
[   71090ms] [ERROR] ./src/app/hero-carousel.tsx:67:7
Expression expected
  65 |     <ul className="hero-joy-strip" aria-label="Made with care">
  66 |       {["Made from scratch", "A little extra love", "Never just a cak...
> 67 |     </>
     |       ^
  68 |   );
  69 | }
  70 |

Parsing ecmascript source code failed

Import trace:
  Server Component:
    ./src/app/hero-carousel.tsx
    ./src/app/page.tsx @ http://localhost:3000/_next/static/chunks/node_modules_next_dist_1gdrd03._.js:1945
[   71143ms] [ERROR] ./src/app/hero-carousel.tsx:67:7
Expression expected
  65 |     <ul className="hero-joy-strip" aria-label="Made with care">
  66 |       {["Made from scratch", "A little extra love", "Never just a cak...
> 67 |     </>
     |       ^
  68 |   );
  69 | }
  70 |

Parsing ecmascript source code failed

Import trace:
  Server Component:
    ./src/app/hero-carousel.tsx
    ./src/app/page.tsx @ http://localhost:3000/_next/static/chunks/node_modules_next_dist_1gdrd03._.js:1945
[   71210ms] [ERROR] ./src/app/hero-carousel.tsx:67:7
Expression expected
  65 |     <ul className="hero-joy-strip" aria-label="Made with care">
  66 |       {["Made from scratch", "A little extra love", "Never just a cak...
> 67 |     </>
     |       ^
  68 |   );
  69 | }
  70 |

Parsing ecmascript source code failed

Import trace:
  Server Component:
    ./src/app/hero-carousel.tsx
    ./src/app/page.tsx @ http://localhost:3000/_next/static/chunks/node_modules_next_dist_1gdrd03._.js:1945
[   71276ms] [ERROR] ./src/app/hero-carousel.tsx:67:7
Expression expected
  65 |     <ul className="hero-joy-strip" aria-label="Made with care">
  66 |       {["Made from scratch", "A little extra love", "Never just a cak...
> 67 |     </>
     |       ^
  68 |   );
  69 | }
  70 |

Parsing ecmascript source code failed

Import trace:
  Server Component:
    ./src/app/hero-carousel.tsx
    ./src/app/page.tsx @ http://localhost:3000/_next/static/chunks/node_modules_next_dist_1gdrd03._.js:1945
[   71339ms] [ERROR] ./src/app/hero-carousel.tsx:67:7
Expression expected
  65 |     <ul className="hero-joy-strip" aria-label="Made with care">
  66 |       {["Made from scratch", "A little extra love", "Never just a cak...
> 67 |     </>
     |       ^
  68 |   );
  69 | }
  70 |

Parsing ecmascript source code failed

Import trace:
  Server Component:
    ./src/app/hero-carousel.tsx
    ./src/app/page.tsx @ http://localhost:3000/_next/static/chunks/node_modules_next_dist_1gdrd03._.js:1945
[   71401ms] [ERROR] ./src/app/hero-carousel.tsx:67:7
Expression expected
  65 |     <ul className="hero-joy-strip" aria-label="Made with care">
  66 |       {["Made from scratch", "A little extra love", "Never just a cak...
> 67 |     </>
     |       ^
  68 |   );
  69 | }
  70 |

Parsing ecmascript source code failed

Import trace:
  Server Component:
    ./src/app/hero-carousel.tsx
    ./src/app/page.tsx @ http://localhost:3000/_next/static/chunks/node_modules_next_dist_1gdrd03._.js:1945
[   71526ms] [LOG] [Fast Refresh] rebuilding @ http://localhost:3000/_next/static/chunks/node_modules_next_dist_1gdrd03._.js:1226
[   72172ms] [ERROR] ./src/app/hero-carousel.tsx:67:7
Expression expected
  65 |     <ul className="hero-joy-strip" aria-label="Made with care">
  66 |       {["Made from scratch", "A little extra love", "Never just a cak...
> 67 |     </>
     |       ^
  68 |   );
  69 | }
  70 |

Parsing ecmascript source code failed

Import trace:
  Server Component:
    ./src/app/hero-carousel.tsx
    ./src/app/page.tsx @ http://localhost:3000/_next/static/chunks/node_modules_next_dist_1gdrd03._.js:1945
[   72227ms] [ERROR] ./src/app/hero-carousel.tsx:67:7
Expression expected
  65 |     <ul className="hero-joy-strip" aria-label="Made with care">
  66 |       {["Made from scratch", "A little extra love", "Never just a cak...
> 67 |     </>
     |       ^
  68 |   );
  69 | }
  70 |

Parsing ecmascript source code failed

Import trace:
  Server Component:
    ./src/app/hero-carousel.tsx
    ./src/app/page.tsx @ http://localhost:3000/_next/static/chunks/node_modules_next_dist_1gdrd03._.js:1945
[   72292ms] [ERROR] ./src/app/hero-carousel.tsx:67:7
Expression expected
  65 |     <ul className="hero-joy-strip" aria-label="Made with care">
  66 |       {["Made from scratch", "A little extra love", "Never just a cak...
> 67 |     </>
     |       ^
  68 |   );
  69 | }
  70 |

Parsing ecmascript source code failed

Import trace:
  Server Component:
    ./src/app/hero-carousel.tsx
    ./src/app/page.tsx @ http://localhost:3000/_next/static/chunks/node_modules_next_dist_1gdrd03._.js:1945
[   72356ms] [ERROR] ./src/app/hero-carousel.tsx:67:7
Expression expected
  65 |     <ul className="hero-joy-strip" aria-label="Made with care">
  66 |       {["Made from scratch", "A little extra love", "Never just a cak...
> 67 |     </>
     |       ^
  68 |   );
  69 | }
  70 |

Parsing ecmascript source code failed

Import trace:
  Server Component:
    ./src/app/hero-carousel.tsx
    ./src/app/page.tsx @ http://localhost:3000/_next/static/chunks/node_modules_next_dist_1gdrd03._.js:1945
[   72409ms] [ERROR] ./src/app/hero-carousel.tsx:67:7
Expression expected
  65 |     <ul className="hero-joy-strip" aria-label="Made with care">
  66 |       {["Made from scratch", "A little extra love", "Never just a cak...
> 67 |     </>
     |       ^
  68 |   );
  69 | }
  70 |

Parsing ecmascript source code failed

Import trace:
  Server Component:
    ./src/app/hero-carousel.tsx
    ./src/app/page.tsx @ http://localhost:3000/_next/static/chunks/node_modules_next_dist_1gdrd03._.js:1945
[   72476ms] [ERROR] ./src/app/hero-carousel.tsx:67:7
Expression expected
  65 |     <ul className="hero-joy-strip" aria-label="Made with care">
  66 |       {["Made from scratch", "A little extra love", "Never just a cak...
> 67 |     </>
     |       ^
  68 |   );
  69 | }
  70 |

Parsing ecmascript source code failed

Import trace:
  Server Component:
    ./src/app/hero-carousel.tsx
    ./src/app/page.tsx @ http://localhost:3000/_next/static/chunks/node_modules_next_dist_1gdrd03._.js:1945
[   72529ms] [ERROR] ./src/app/hero-carousel.tsx:67:7
Expression expected
  65 |     <ul className="hero-joy-strip" aria-label="Made with care">
  66 |       {["Made from scratch", "A little extra love", "Never just a cak...
> 67 |     </>
     |       ^
  68 |   );
  69 | }
  70 |

Parsing ecmascript source code failed

Import trace:
  Server Component:
    ./src/app/hero-carousel.tsx
    ./src/app/page.tsx @ http://localhost:3000/_next/static/chunks/node_modules_next_dist_1gdrd03._.js:1945
[   72590ms] [ERROR] ./src/app/hero-carousel.tsx:67:7
Expression expected
  65 |     <ul className="hero-joy-strip" aria-label="Made with care">
  66 |       {["Made from scratch", "A little extra love", "Never just a cak...
> 67 |     </>
     |       ^
  68 |   );
  69 | }
  70 |

Parsing ecmascript source code failed

Import trace:
  Server Component:
    ./src/app/hero-carousel.tsx
    ./src/app/page.tsx @ http://localhost:3000/_next/static/chunks/node_modules_next_dist_1gdrd03._.js:1945
[   72644ms] [ERROR] ./src/app/hero-carousel.tsx:67:7
Expression expected
  65 |     <ul className="hero-joy-strip" aria-label="Made with care">
  66 |       {["Made from scratch", "A little extra love", "Never just a cak...
> 67 |     </>
     |       ^
  68 |   );
  69 | }
  70 |

Parsing ecmascript source code failed

Import trace:
  Server Component:
    ./src/app/hero-carousel.tsx
    ./src/app/page.tsx @ http://localhost:3000/_next/static/chunks/node_modules_next_dist_1gdrd03._.js:1945
[   72707ms] [ERROR] ./src/app/hero-carousel.tsx:67:7
Expression expected
  65 |     <ul className="hero-joy-strip" aria-label="Made with care">
  66 |       {["Made from scratch", "A little extra love", "Never just a cak...
> 67 |     </>
     |       ^
  68 |   );
  69 | }
  70 |

Parsing ecmascript source code failed

Import trace:
  Server Component:
    ./src/app/hero-carousel.tsx
    ./src/app/page.tsx @ http://localhost:3000/_next/static/chunks/node_modules_next_dist_1gdrd03._.js:1945
[   72775ms] [ERROR] ./src/app/hero-carousel.tsx:67:7
Expression expected
  65 |     <ul className="hero-joy-strip" aria-label="Made with care">
  66 |       {["Made from scratch", "A little extra love", "Never just a cak...
> 67 |     </>
     |       ^
  68 |   );
  69 | }
  70 |

Parsing ecmascript source code failed

Import trace:
  Server Component:
    ./src/app/hero-carousel.tsx
    ./src/app/page.tsx @ http://localhost:3000/_next/static/chunks/node_modules_next_dist_1gdrd03._.js:1945
[   72836ms] [ERROR] ./src/app/hero-carousel.tsx:67:7
Expression expected
  65 |     <ul className="hero-joy-strip" aria-label="Made with care">
  66 |       {["Made from scratch", "A little extra love", "Never just a cak...
> 67 |     </>
     |       ^
  68 |   );
  69 | }
  70 |

Parsing ecmascript source code failed

Import trace:
  Server Component:
    ./src/app/hero-carousel.tsx
    ./src/app/page.tsx @ http://localhost:3000/_next/static/chunks/node_modules_next_dist_1gdrd03._.js:1945
[   72880ms] [ERROR] ./src/app/hero-carousel.tsx:67:7
Expression expected
  65 |     <ul className="hero-joy-strip" aria-label="Made with care">
  66 |       {["Made from scratch", "A little extra love", "Never just a cak...
> 67 |     </>
     |       ^
  68 |   );
  69 | }
  70 |

Parsing ecmascript source code failed

Import trace:
  Server Component:
    ./src/app/hero-carousel.tsx
    ./src/app/page.tsx @ http://localhost:3000/_next/static/chunks/node_modules_next_dist_1gdrd03._.js:1945
[   72944ms] [ERROR] ./src/app/hero-carousel.tsx:67:7
Expression expected
  65 |     <ul className="hero-joy-strip" aria-label="Made with care">
  66 |       {["Made from scratch", "A little extra love", "Never just a cak...
> 67 |     </>
     |       ^
  68 |   );
  69 | }
  70 |

Parsing ecmascript source code failed

Import trace:
  Server Component:
    ./src/app/hero-carousel.tsx
    ./src/app/page.tsx @ http://localhost:3000/_next/static/chunks/node_modules_next_dist_1gdrd03._.js:1945
[   73012ms] [ERROR] ./src/app/hero-carousel.tsx:67:7
Expression expected
  65 |     <ul className="hero-joy-strip" aria-label="Made with care">
  66 |       {["Made from scratch", "A little extra love", "Never just a cak...
> 67 |     </>
     |       ^
  68 |   );
  69 | }
  70 |

Parsing ecmascript source code failed

Import trace:
  Server Component:
    ./src/app/hero-carousel.tsx
    ./src/app/page.tsx @ http://localhost:3000/_next/static/chunks/node_modules_next_dist_1gdrd03._.js:1945
[   73062ms] [ERROR] ./src/app/hero-carousel.tsx:67:7
Expression expected
  65 |     <ul className="hero-joy-strip" aria-label="Made with care">
  66 |       {["Made from scratch", "A little extra love", "Never just a cak...
> 67 |     </>
     |       ^
  68 |   );
  69 | }
  70 |

Parsing ecmascript source code failed

Import trace:
  Server Component:
    ./src/app/hero-carousel.tsx
    ./src/app/page.tsx @ http://localhost:3000/_next/static/chunks/node_modules_next_dist_1gdrd03._.js:1945
[   73110ms] [ERROR] ./src/app/hero-carousel.tsx:67:7
Expression expected
  65 |     <ul className="hero-joy-strip" aria-label="Made with care">
  66 |       {["Made from scratch", "A little extra love", "Never just a cak...
> 67 |     </>
     |       ^
  68 |   );
  69 | }
  70 |

Parsing ecmascript source code failed

Import trace:
  Server Component:
    ./src/app/hero-carousel.tsx
    ./src/app/page.tsx @ http://localhost:3000/_next/static/chunks/node_modules_next_dist_1gdrd03._.js:1945
[   73163ms] [ERROR] ./src/app/hero-carousel.tsx:67:7
Expression expected
  65 |     <ul className="hero-joy-strip" aria-label="Made with care">
  66 |       {["Made from scratch", "A little extra love", "Never just a cak...
> 67 |     </>
     |       ^
  68 |   );
  69 | }
  70 |

Parsing ecmascript source code failed

Import trace:
  Server Component:
    ./src/app/hero-carousel.tsx
    ./src/app/page.tsx @ http://localhost:3000/_next/static/chunks/node_modules_next_dist_1gdrd03._.js:1945
[   73227ms] [ERROR] ./src/app/hero-carousel.tsx:67:7
Expression expected
  65 |     <ul className="hero-joy-strip" aria-label="Made with care">
  66 |       {["Made from scratch", "A little extra love", "Never just a cak...
> 67 |     </>
     |       ^
  68 |   );
  69 | }
  70 |

Parsing ecmascript source code failed

Import trace:
  Server Component:
    ./src/app/hero-carousel.tsx
    ./src/app/page.tsx @ http://localhost:3000/_next/static/chunks/node_modules_next_dist_1gdrd03._.js:1945
[   73277ms] [ERROR] ./src/app/hero-carousel.tsx:67:7
Expression expected
  65 |     <ul className="hero-joy-strip" aria-label="Made with care">
  66 |       {["Made from scratch", "A little extra love", "Never just a cak...
> 67 |     </>
     |       ^
  68 |   );
  69 | }
  70 |

Parsing ecmascript source code failed

Import trace:
  Server Component:
    ./src/app/hero-carousel.tsx
    ./src/app/page.tsx @ http://localhost:3000/_next/static/chunks/node_modules_next_dist_1gdrd03._.js:1945
[   73340ms] [ERROR] ./src/app/hero-carousel.tsx:67:7
Expression expected
  65 |     <ul className="hero-joy-strip" aria-label="Made with care">
  66 |       {["Made from scratch", "A little extra love", "Never just a cak...
> 67 |     </>
     |       ^
  68 |   );
  69 | }
  70 |

Parsing ecmascript source code failed

Import trace:
  Server Component:
    ./src/app/hero-carousel.tsx
    ./src/app/page.tsx @ http://localhost:3000/_next/static/chunks/node_modules_next_dist_1gdrd03._.js:1945
[   73394ms] [ERROR] ./src/app/hero-carousel.tsx:67:7
Expression expected
  65 |     <ul className="hero-joy-strip" aria-label="Made with care">
  66 |       {["Made from scratch", "A little extra love", "Never just a cak...
> 67 |     </>
     |       ^
  68 |   );
  69 | }
  70 |

Parsing ecmascript source code failed

Import trace:
  Server Component:
    ./src/app/hero-carousel.tsx
    ./src/app/page.tsx @ http://localhost:3000/_next/static/chunks/node_modules_next_dist_1gdrd03._.js:1945
[   73461ms] [ERROR] ./src/app/hero-carousel.tsx:67:7
Expression expected
  65 |     <ul className="hero-joy-strip" aria-label="Made with care">
  66 |       {["Made from scratch", "A little extra love", "Never just a cak...
> 67 |     </>
     |       ^
  68 |   );
  69 | }
  70 |

Parsing ecmascript source code failed

Import trace:
  Server Component:
    ./src/app/hero-carousel.tsx
    ./src/app/page.tsx @ http://localhost:3000/_next/static/chunks/node_modules_next_dist_1gdrd03._.js:1945
[   73528ms] [ERROR] ./src/app/hero-carousel.tsx:67:7
Expression expected
  65 |     <ul className="hero-joy-strip" aria-label="Made with care">
  66 |       {["Made from scratch", "A little extra love", "Never just a cak...
> 67 |     </>
     |       ^
  68 |   );
  69 | }
  70 |

Parsing ecmascript source code failed

Import trace:
  Server Component:
    ./src/app/hero-carousel.tsx
    ./src/app/page.tsx @ http://localhost:3000/_next/static/chunks/node_modules_next_dist_1gdrd03._.js:1945
[   73594ms] [ERROR] ./src/app/hero-carousel.tsx:67:7
Expression expected
  65 |     <ul className="hero-joy-strip" aria-label="Made with care">
  66 |       {["Made from scratch", "A little extra love", "Never just a cak...
> 67 |     </>
     |       ^
  68 |   );
  69 | }
  70 |

Parsing ecmascript source code failed

Import trace:
  Server Component:
    ./src/app/hero-carousel.tsx
    ./src/app/page.tsx @ http://localhost:3000/_next/static/chunks/node_modules_next_dist_1gdrd03._.js:1945
[   73644ms] [ERROR] ./src/app/hero-carousel.tsx:67:7
Expression expected
  65 |     <ul className="hero-joy-strip" aria-label="Made with care">
  66 |       {["Made from scratch", "A little extra love", "Never just a cak...
> 67 |     </>
     |       ^
  68 |   );
  69 | }
  70 |

Parsing ecmascript source code failed

Import trace:
  Server Component:
    ./src/app/hero-carousel.tsx
    ./src/app/page.tsx @ http://localhost:3000/_next/static/chunks/node_modules_next_dist_1gdrd03._.js:1945
[   73695ms] [ERROR] ./src/app/hero-carousel.tsx:67:7
Expression expected
  65 |     <ul className="hero-joy-strip" aria-label="Made with care">
  66 |       {["Made from scratch", "A little extra love", "Never just a cak...
> 67 |     </>
     |       ^
  68 |   );
  69 | }
  70 |

Parsing ecmascript source code failed

Import trace:
  Server Component:
    ./src/app/hero-carousel.tsx
    ./src/app/page.tsx @ http://localhost:3000/_next/static/chunks/node_modules_next_dist_1gdrd03._.js:1945
[   73758ms] [ERROR] ./src/app/hero-carousel.tsx:67:7
Expression expected
  65 |     <ul className="hero-joy-strip" aria-label="Made with care">
  66 |       {["Made from scratch", "A little extra love", "Never just a cak...
> 67 |     </>
     |       ^
  68 |   );
  69 | }
  70 |

Parsing ecmascript source code failed

Import trace:
  Server Component:
    ./src/app/hero-carousel.tsx
    ./src/app/page.tsx @ http://localhost:3000/_next/static/chunks/node_modules_next_dist_1gdrd03._.js:1945
[   73824ms] [ERROR] ./src/app/hero-carousel.tsx:67:7
Expression expected
  65 |     <ul className="hero-joy-strip" aria-label="Made with care">
  66 |       {["Made from scratch", "A little extra love", "Never just a cak...
> 67 |     </>
     |       ^
  68 |   );
  69 | }
  70 |

Parsing ecmascript source code failed

Import trace:
  Server Component:
    ./src/app/hero-carousel.tsx
    ./src/app/page.tsx @ http://localhost:3000/_next/static/chunks/node_modules_next_dist_1gdrd03._.js:1945
[   73876ms] [ERROR] ./src/app/hero-carousel.tsx:67:7
Expression expected
  65 |     <ul className="hero-joy-strip" aria-label="Made with care">
  66 |       {["Made from scratch", "A little extra love", "Never just a cak...
> 67 |     </>
     |       ^
  68 |   );
  69 | }
  70 |

Parsing ecmascript source code failed

Import trace:
  Server Component:
    ./src/app/hero-carousel.tsx
    ./src/app/page.tsx @ http://localhost:3000/_next/static/chunks/node_modules_next_dist_1gdrd03._.js:1945
[   73931ms] [ERROR] ./src/app/hero-carousel.tsx:67:7
Expression expected
  65 |     <ul className="hero-joy-strip" aria-label="Made with care">
  66 |       {["Made from scratch", "A little extra love", "Never just a cak...
> 67 |     </>
     |       ^
  68 |   );
  69 | }
  70 |

Parsing ecmascript source code failed

Import trace:
  Server Component:
    ./src/app/hero-carousel.tsx
    ./src/app/page.tsx @ http://localhost:3000/_next/static/chunks/node_modules_next_dist_1gdrd03._.js:1945
[   73993ms] [ERROR] ./src/app/hero-carousel.tsx:67:7
Expression expected
  65 |     <ul className="hero-joy-strip" aria-label="Made with care">
  66 |       {["Made from scratch", "A little extra love", "Never just a cak...
> 67 |     </>
     |       ^
  68 |   );
  69 | }
  70 |

Parsing ecmascript source code failed

Import trace:
  Server Component:
    ./src/app/hero-carousel.tsx
    ./src/app/page.tsx @ http://localhost:3000/_next/static/chunks/node_modules_next_dist_1gdrd03._.js:1945
[   74044ms] [ERROR] ./src/app/hero-carousel.tsx:67:7
Expression expected
  65 |     <ul className="hero-joy-strip" aria-label="Made with care">
  66 |       {["Made from scratch", "A little extra love", "Never just a cak...
> 67 |     </>
     |       ^
  68 |   );
  69 | }
  70 |

Parsing ecmascript source code failed

Import trace:
  Server Component:
    ./src/app/hero-carousel.tsx
    ./src/app/page.tsx @ http://localhost:3000/_next/static/chunks/node_modules_next_dist_1gdrd03._.js:1945
[   74094ms] [ERROR] ./src/app/hero-carousel.tsx:67:7
Expression expected
  65 |     <ul className="hero-joy-strip" aria-label="Made with care">
  66 |       {["Made from scratch", "A little extra love", "Never just a cak...
> 67 |     </>
     |       ^
  68 |   );
  69 | }
  70 |

Parsing ecmascript source code failed

Import trace:
  Server Component:
    ./src/app/hero-carousel.tsx
    ./src/app/page.tsx @ http://localhost:3000/_next/static/chunks/node_modules_next_dist_1gdrd03._.js:1945
[   74144ms] [ERROR] ./src/app/hero-carousel.tsx:67:7
Expression expected
  65 |     <ul className="hero-joy-strip" aria-label="Made with care">
  66 |       {["Made from scratch", "A little extra love", "Never just a cak...
> 67 |     </>
     |       ^
  68 |   );
  69 | }
  70 |

Parsing ecmascript source code failed

Import trace:
  Server Component:
    ./src/app/hero-carousel.tsx
    ./src/app/page.tsx @ http://localhost:3000/_next/static/chunks/node_modules_next_dist_1gdrd03._.js:1945
[   74195ms] [ERROR] ./src/app/hero-carousel.tsx:67:7
Expression expected
  65 |     <ul className="hero-joy-strip" aria-label="Made with care">
  66 |       {["Made from scratch", "A little extra love", "Never just a cak...
> 67 |     </>
     |       ^
  68 |   );
  69 | }
  70 |

Parsing ecmascript source code failed

Import trace:
  Server Component:
    ./src/app/hero-carousel.tsx
    ./src/app/page.tsx @ http://localhost:3000/_next/static/chunks/node_modules_next_dist_1gdrd03._.js:1945
[   74256ms] [ERROR] ./src/app/hero-carousel.tsx:67:7
Expression expected
  65 |     <ul className="hero-joy-strip" aria-label="Made with care">
  66 |       {["Made from scratch", "A little extra love", "Never just a cak...
> 67 |     </>
     |       ^
  68 |   );
  69 | }
  70 |

Parsing ecmascript source code failed

Import trace:
  Server Component:
    ./src/app/hero-carousel.tsx
    ./src/app/page.tsx @ http://localhost:3000/_next/static/chunks/node_modules_next_dist_1gdrd03._.js:1945
[   74297ms] [ERROR] ./src/app/hero-carousel.tsx:67:7
Expression expected
  65 |     <ul className="hero-joy-strip" aria-label="Made with care">
  66 |       {["Made from scratch", "A little extra love", "Never just a cak...
> 67 |     </>
     |       ^
  68 |   );
  69 | }
  70 |

Parsing ecmascript source code failed

Import trace:
  Server Component:
    ./src/app/hero-carousel.tsx
    ./src/app/page.tsx @ http://localhost:3000/_next/static/chunks/node_modules_next_dist_1gdrd03._.js:1945
[   74345ms] [ERROR] ./src/app/hero-carousel.tsx:67:7
Expression expected
  65 |     <ul className="hero-joy-strip" aria-label="Made with care">
  66 |       {["Made from scratch", "A little extra love", "Never just a cak...
> 67 |     </>
     |       ^
  68 |   );
  69 | }
  70 |

Parsing ecmascript source code failed

Import trace:
  Server Component:
    ./src/app/hero-carousel.tsx
    ./src/app/page.tsx @ http://localhost:3000/_next/static/chunks/node_modules_next_dist_1gdrd03._.js:1945
[   74411ms] [ERROR] ./src/app/hero-carousel.tsx:67:7
Expression expected
  65 |     <ul className="hero-joy-strip" aria-label="Made with care">
  66 |       {["Made from scratch", "A little extra love", "Never just a cak...
> 67 |     </>
     |       ^
  68 |   );
  69 | }
  70 |

Parsing ecmascript source code failed

Import trace:
  Server Component:
    ./src/app/hero-carousel.tsx
    ./src/app/page.tsx @ http://localhost:3000/_next/static/chunks/node_modules_next_dist_1gdrd03._.js:1945
[   74462ms] [ERROR] ./src/app/hero-carousel.tsx:67:7
Expression expected
  65 |     <ul className="hero-joy-strip" aria-label="Made with care">
  66 |       {["Made from scratch", "A little extra love", "Never just a cak...
> 67 |     </>
     |       ^
  68 |   );
  69 | }
  70 |

Parsing ecmascript source code failed

Import trace:
  Server Component:
    ./src/app/hero-carousel.tsx
    ./src/app/page.tsx @ http://localhost:3000/_next/static/chunks/node_modules_next_dist_1gdrd03._.js:1945
[   74526ms] [ERROR] ./src/app/hero-carousel.tsx:67:7
Expression expected
  65 |     <ul className="hero-joy-strip" aria-label="Made with care">
  66 |       {["Made from scratch", "A little extra love", "Never just a cak...
> 67 |     </>
     |       ^
  68 |   );
  69 | }
  70 |

Parsing ecmascript source code failed

Import trace:
  Server Component:
    ./src/app/hero-carousel.tsx
    ./src/app/page.tsx @ http://localhost:3000/_next/static/chunks/node_modules_next_dist_1gdrd03._.js:1945
[   74594ms] [ERROR] ./src/app/hero-carousel.tsx:67:7
Expression expected
  65 |     <ul className="hero-joy-strip" aria-label="Made with care">
  66 |       {["Made from scratch", "A little extra love", "Never just a cak...
> 67 |     </>
     |       ^
  68 |   );
  69 | }
  70 |

Parsing ecmascript source code failed

Import trace:
  Server Component:
    ./src/app/hero-carousel.tsx
    ./src/app/page.tsx @ http://localhost:3000/_next/static/chunks/node_modules_next_dist_1gdrd03._.js:1945
[   74644ms] [ERROR] ./src/app/hero-carousel.tsx:67:7
Expression expected
  65 |     <ul className="hero-joy-strip" aria-label="Made with care">
  66 |       {["Made from scratch", "A little extra love", "Never just a cak...
> 67 |     </>
     |       ^
  68 |   );
  69 | }
  70 |

Parsing ecmascript source code failed

Import trace:
  Server Component:
    ./src/app/hero-carousel.tsx
    ./src/app/page.tsx @ http://localhost:3000/_next/static/chunks/node_modules_next_dist_1gdrd03._.js:1945
[   74696ms] [ERROR] ./src/app/hero-carousel.tsx:67:7
Expression expected
  65 |     <ul className="hero-joy-strip" aria-label="Made with care">
  66 |       {["Made from scratch", "A little extra love", "Never just a cak...
> 67 |     </>
     |       ^
  68 |   );
  69 | }
  70 |

Parsing ecmascript source code failed

Import trace:
  Server Component:
    ./src/app/hero-carousel.tsx
    ./src/app/page.tsx @ http://localhost:3000/_next/static/chunks/node_modules_next_dist_1gdrd03._.js:1945
[   74757ms] [ERROR] ./src/app/hero-carousel.tsx:67:7
Expression expected
  65 |     <ul className="hero-joy-strip" aria-label="Made with care">
  66 |       {["Made from scratch", "A little extra love", "Never just a cak...
> 67 |     </>
     |       ^
  68 |   );
  69 | }
  70 |

Parsing ecmascript source code failed

Import trace:
  Server Component:
    ./src/app/hero-carousel.tsx
    ./src/app/page.tsx @ http://localhost:3000/_next/static/chunks/node_modules_next_dist_1gdrd03._.js:1945
[   74795ms] [ERROR] ./src/app/hero-carousel.tsx:67:7
Expression expected
  65 |     <ul className="hero-joy-strip" aria-label="Made with care">
  66 |       {["Made from scratch", "A little extra love", "Never just a cak...
> 67 |     </>
     |       ^
  68 |   );
  69 | }
  70 |

Parsing ecmascript source code failed

Import trace:
  Server Component:
    ./src/app/hero-carousel.tsx
    ./src/app/page.tsx @ http://localhost:3000/_next/static/chunks/node_modules_next_dist_1gdrd03._.js:1945
[   74857ms] [ERROR] ./src/app/hero-carousel.tsx:67:7
Expression expected
  65 |     <ul className="hero-joy-strip" aria-label="Made with care">
  66 |       {["Made from scratch", "A little extra love", "Never just a cak...
> 67 |     </>
     |       ^
  68 |   );
  69 | }
  70 |

Parsing ecmascript source code failed

Import trace:
  Server Component:
    ./src/app/hero-carousel.tsx
    ./src/app/page.tsx @ http://localhost:3000/_next/static/chunks/node_modules_next_dist_1gdrd03._.js:1945
[   74910ms] [ERROR] ./src/app/hero-carousel.tsx:67:7
Expression expected
  65 |     <ul className="hero-joy-strip" aria-label="Made with care">
  66 |       {["Made from scratch", "A little extra love", "Never just a cak...
> 67 |     </>
     |       ^
  68 |   );
  69 | }
  70 |

Parsing ecmascript source code failed

Import trace:
  Server Component:
    ./src/app/hero-carousel.tsx
    ./src/app/page.tsx @ http://localhost:3000/_next/static/chunks/node_modules_next_dist_1gdrd03._.js:1945
[   74977ms] [ERROR] ./src/app/hero-carousel.tsx:67:7
Expression expected
  65 |     <ul className="hero-joy-strip" aria-label="Made with care">
  66 |       {["Made from scratch", "A little extra love", "Never just a cak...
> 67 |     </>
     |       ^
  68 |   );
  69 | }
  70 |

Parsing ecmascript source code failed

Import trace:
  Server Component:
    ./src/app/hero-carousel.tsx
    ./src/app/page.tsx @ http://localhost:3000/_next/static/chunks/node_modules_next_dist_1gdrd03._.js:1945
[   75043ms] [ERROR] ./src/app/hero-carousel.tsx:67:7
Expression expected
  65 |     <ul className="hero-joy-strip" aria-label="Made with care">
  66 |       {["Made from scratch", "A little extra love", "Never just a cak...
> 67 |     </>
     |       ^
  68 |   );
  69 | }
  70 |

Parsing ecmascript source code failed

Import trace:
  Server Component:
    ./src/app/hero-carousel.tsx
    ./src/app/page.tsx @ http://localhost:3000/_next/static/chunks/node_modules_next_dist_1gdrd03._.js:1945
[   75097ms] [ERROR] ./src/app/hero-carousel.tsx:67:7
Expression expected
  65 |     <ul className="hero-joy-strip" aria-label="Made with care">
  66 |       {["Made from scratch", "A little extra love", "Never just a cak...
> 67 |     </>
     |       ^
  68 |   );
  69 | }
  70 |

Parsing ecmascript source code failed

Import trace:
  Server Component:
    ./src/app/hero-carousel.tsx
    ./src/app/page.tsx @ http://localhost:3000/_next/static/chunks/node_modules_next_dist_1gdrd03._.js:1945
[   75151ms] [ERROR] ./src/app/hero-carousel.tsx:67:7
Expression expected
  65 |     <ul className="hero-joy-strip" aria-label="Made with care">
  66 |       {["Made from scratch", "A little extra love", "Never just a cak...
> 67 |     </>
     |       ^
  68 |   );
  69 | }
  70 |

Parsing ecmascript source code failed

Import trace:
  Server Component:
    ./src/app/hero-carousel.tsx
    ./src/app/page.tsx @ http://localhost:3000/_next/static/chunks/node_modules_next_dist_1gdrd03._.js:1945
[   75212ms] [ERROR] ./src/app/hero-carousel.tsx:67:7
Expression expected
  65 |     <ul className="hero-joy-strip" aria-label="Made with care">
  66 |       {["Made from scratch", "A little extra love", "Never just a cak...
> 67 |     </>
     |       ^
  68 |   );
  69 | }
  70 |

Parsing ecmascript source code failed

Import trace:
  Server Component:
    ./src/app/hero-carousel.tsx
    ./src/app/page.tsx @ http://localhost:3000/_next/static/chunks/node_modules_next_dist_1gdrd03._.js:1945
[   75277ms] [ERROR] ./src/app/hero-carousel.tsx:67:7
Expression expected
  65 |     <ul className="hero-joy-strip" aria-label="Made with care">
  66 |       {["Made from scratch", "A little extra love", "Never just a cak...
> 67 |     </>
     |       ^
  68 |   );
  69 | }
  70 |

Parsing ecmascript source code failed

Import trace:
  Server Component:
    ./src/app/hero-carousel.tsx
    ./src/app/page.tsx @ http://localhost:3000/_next/static/chunks/node_modules_next_dist_1gdrd03._.js:1945
[   75326ms] [ERROR] ./src/app/hero-carousel.tsx:67:7
Expression expected
  65 |     <ul className="hero-joy-strip" aria-label="Made with care">
  66 |       {["Made from scratch", "A little extra love", "Never just a cak...
> 67 |     </>
     |       ^
  68 |   );
  69 | }
  70 |

Parsing ecmascript source code failed

Import trace:
  Server Component:
    ./src/app/hero-carousel.tsx
    ./src/app/page.tsx @ http://localhost:3000/_next/static/chunks/node_modules_next_dist_1gdrd03._.js:1945
[   75391ms] [ERROR] ./src/app/hero-carousel.tsx:67:7
Expression expected
  65 |     <ul className="hero-joy-strip" aria-label="Made with care">
  66 |       {["Made from scratch", "A little extra love", "Never just a cak...
> 67 |     </>
     |       ^
  68 |   );
  69 | }
  70 |

Parsing ecmascript source code failed

Import trace:
  Server Component:
    ./src/app/hero-carousel.tsx
    ./src/app/page.tsx @ http://localhost:3000/_next/static/chunks/node_modules_next_dist_1gdrd03._.js:1945
[   75441ms] [ERROR] ./src/app/hero-carousel.tsx:67:7
Expression expected
  65 |     <ul className="hero-joy-strip" aria-label="Made with care">
  66 |       {["Made from scratch", "A little extra love", "Never just a cak...
> 67 |     </>
     |       ^
  68 |   );
  69 | }
  70 |

Parsing ecmascript source code failed

Import trace:
  Server Component:
    ./src/app/hero-carousel.tsx
    ./src/app/page.tsx @ http://localhost:3000/_next/static/chunks/node_modules_next_dist_1gdrd03._.js:1945
[   75507ms] [ERROR] ./src/app/hero-carousel.tsx:67:7
Expression expected
  65 |     <ul className="hero-joy-strip" aria-label="Made with care">
  66 |       {["Made from scratch", "A little extra love", "Never just a cak...
> 67 |     </>
     |       ^
  68 |   );
  69 | }
  70 |

Parsing ecmascript source code failed

Import trace:
  Server Component:
    ./src/app/hero-carousel.tsx
    ./src/app/page.tsx @ http://localhost:3000/_next/static/chunks/node_modules_next_dist_1gdrd03._.js:1945
[   75576ms] [ERROR] ./src/app/hero-carousel.tsx:67:7
Expression expected
  65 |     <ul className="hero-joy-strip" aria-label="Made with care">
  66 |       {["Made from scratch", "A little extra love", "Never just a cak...
> 67 |     </>
     |       ^
  68 |   );
  69 | }
  70 |

Parsing ecmascript source code failed

Import trace:
  Server Component:
    ./src/app/hero-carousel.tsx
    ./src/app/page.tsx @ http://localhost:3000/_next/static/chunks/node_modules_next_dist_1gdrd03._.js:1945
[   75627ms] [ERROR] ./src/app/hero-carousel.tsx:67:7
Expression expected
  65 |     <ul className="hero-joy-strip" aria-label="Made with care">
  66 |       {["Made from scratch", "A little extra love", "Never just a cak...
> 67 |     </>
     |       ^
  68 |   );
  69 | }
  70 |

Parsing ecmascript source code failed

Import trace:
  Server Component:
    ./src/app/hero-carousel.tsx
    ./src/app/page.tsx @ http://localhost:3000/_next/static/chunks/node_modules_next_dist_1gdrd03._.js:1945
[   75692ms] [ERROR] ./src/app/hero-carousel.tsx:67:7
Expression expected
  65 |     <ul className="hero-joy-strip" aria-label="Made with care">
  66 |       {["Made from scratch", "A little extra love", "Never just a cak...
> 67 |     </>
     |       ^
  68 |   );
  69 | }
  70 |

Parsing ecmascript source code failed

Import trace:
  Server Component:
    ./src/app/hero-carousel.tsx
    ./src/app/page.tsx @ http://localhost:3000/_next/static/chunks/node_modules_next_dist_1gdrd03._.js:1945
[   75755ms] [ERROR] ./src/app/hero-carousel.tsx:67:7
Expression expected
  65 |     <ul className="hero-joy-strip" aria-label="Made with care">
  66 |       {["Made from scratch", "A little extra love", "Never just a cak...
> 67 |     </>
     |       ^
  68 |   );
  69 | }
  70 |

Parsing ecmascript source code failed

Import trace:
  Server Component:
    ./src/app/hero-carousel.tsx
    ./src/app/page.tsx @ http://localhost:3000/_next/static/chunks/node_modules_next_dist_1gdrd03._.js:1945
[   75810ms] [ERROR] ./src/app/hero-carousel.tsx:67:7
Expression expected
  65 |     <ul className="hero-joy-strip" aria-label="Made with care">
  66 |       {["Made from scratch", "A little extra love", "Never just a cak...
> 67 |     </>
     |       ^
  68 |   );
  69 | }
  70 |

Parsing ecmascript source code failed

Import trace:
  Server Component:
    ./src/app/hero-carousel.tsx
    ./src/app/page.tsx @ http://localhost:3000/_next/static/chunks/node_modules_next_dist_1gdrd03._.js:1945
[   75876ms] [ERROR] ./src/app/hero-carousel.tsx:67:7
Expression expected
  65 |     <ul className="hero-joy-strip" aria-label="Made with care">
  66 |       {["Made from scratch", "A little extra love", "Never just a cak...
> 67 |     </>
     |       ^
  68 |   );
  69 | }
  70 |

Parsing ecmascript source code failed

Import trace:
  Server Component:
    ./src/app/hero-carousel.tsx
    ./src/app/page.tsx @ http://localhost:3000/_next/static/chunks/node_modules_next_dist_1gdrd03._.js:1945
[   75927ms] [ERROR] ./src/app/hero-carousel.tsx:67:7
Expression expected
  65 |     <ul className="hero-joy-strip" aria-label="Made with care">
  66 |       {["Made from scratch", "A little extra love", "Never just a cak...
> 67 |     </>
     |       ^
  68 |   );
  69 | }
  70 |

Parsing ecmascript source code failed

Import trace:
  Server Component:
    ./src/app/hero-carousel.tsx
    ./src/app/page.tsx @ http://localhost:3000/_next/static/chunks/node_modules_next_dist_1gdrd03._.js:1945
[   75977ms] [ERROR] ./src/app/hero-carousel.tsx:67:7
Expression expected
  65 |     <ul className="hero-joy-strip" aria-label="Made with care">
  66 |       {["Made from scratch", "A little extra love", "Never just a cak...
> 67 |     </>
     |       ^
  68 |   );
  69 | }
  70 |

Parsing ecmascript source code failed

Import trace:
  Server Component:
    ./src/app/hero-carousel.tsx
    ./src/app/page.tsx @ http://localhost:3000/_next/static/chunks/node_modules_next_dist_1gdrd03._.js:1945
[   76043ms] [ERROR] ./src/app/hero-carousel.tsx:67:7
Expression expected
  65 |     <ul className="hero-joy-strip" aria-label="Made with care">
  66 |       {["Made from scratch", "A little extra love", "Never just a cak...
> 67 |     </>
     |       ^
  68 |   );
  69 | }
  70 |

Parsing ecmascript source code failed

Import trace:
  Server Component:
    ./src/app/hero-carousel.tsx
    ./src/app/page.tsx @ http://localhost:3000/_next/static/chunks/node_modules_next_dist_1gdrd03._.js:1945
[   76107ms] [ERROR] ./src/app/hero-carousel.tsx:67:7
Expression expected
  65 |     <ul className="hero-joy-strip" aria-label="Made with care">
  66 |       {["Made from scratch", "A little extra love", "Never just a cak...
> 67 |     </>
     |       ^
  68 |   );
  69 | }
  70 |

Parsing ecmascript source code failed

Import trace:
  Server Component:
    ./src/app/hero-carousel.tsx
    ./src/app/page.tsx @ http://localhost:3000/_next/static/chunks/node_modules_next_dist_1gdrd03._.js:1945
[   76160ms] [ERROR] ./src/app/hero-carousel.tsx:67:7
Expression expected
  65 |     <ul className="hero-joy-strip" aria-label="Made with care">
  66 |       {["Made from scratch", "A little extra love", "Never just a cak...
> 67 |     </>
     |       ^
  68 |   );
  69 | }
  70 |

Parsing ecmascript source code failed

Import trace:
  Server Component:
    ./src/app/hero-carousel.tsx
    ./src/app/page.tsx @ http://localhost:3000/_next/static/chunks/node_modules_next_dist_1gdrd03._.js:1945
[   76225ms] [ERROR] ./src/app/hero-carousel.tsx:67:7
Expression expected
  65 |     <ul className="hero-joy-strip" aria-label="Made with care">
  66 |       {["Made from scratch", "A little extra love", "Never just a cak...
> 67 |     </>
     |       ^
  68 |   );
  69 | }
  70 |

Parsing ecmascript source code failed

Import trace:
  Server Component:
    ./src/app/hero-carousel.tsx
    ./src/app/page.tsx @ http://localhost:3000/_next/static/chunks/node_modules_next_dist_1gdrd03._.js:1945
[   76276ms] [ERROR] ./src/app/hero-carousel.tsx:67:7
Expression expected
  65 |     <ul className="hero-joy-strip" aria-label="Made with care">
  66 |       {["Made from scratch", "A little extra love", "Never just a cak...
> 67 |     </>
     |       ^
  68 |   );
  69 | }
  70 |

Parsing ecmascript source code failed

Import trace:
  Server Component:
    ./src/app/hero-carousel.tsx
    ./src/app/page.tsx @ http://localhost:3000/_next/static/chunks/node_modules_next_dist_1gdrd03._.js:1945
[   76343ms] [ERROR] ./src/app/hero-carousel.tsx:67:7
Expression expected
  65 |     <ul className="hero-joy-strip" aria-label="Made with care">
  66 |       {["Made from scratch", "A little extra love", "Never just a cak...
> 67 |     </>
     |       ^
  68 |   );
  69 | }
  70 |

Parsing ecmascript source code failed

Import trace:
  Server Component:
    ./src/app/hero-carousel.tsx
    ./src/app/page.tsx @ http://localhost:3000/_next/static/chunks/node_modules_next_dist_1gdrd03._.js:1945
[   76391ms] [ERROR] ./src/app/hero-carousel.tsx:67:7
Expression expected
  65 |     <ul className="hero-joy-strip" aria-label="Made with care">
  66 |       {["Made from scratch", "A little extra love", "Never just a cak...
> 67 |     </>
     |       ^
  68 |   );
  69 | }
  70 |

Parsing ecmascript source code failed

Import trace:
  Server Component:
    ./src/app/hero-carousel.tsx
    ./src/app/page.tsx @ http://localhost:3000/_next/static/chunks/node_modules_next_dist_1gdrd03._.js:1945
[   76442ms] [ERROR] ./src/app/hero-carousel.tsx:67:7
Expression expected
  65 |     <ul className="hero-joy-strip" aria-label="Made with care">
  66 |       {["Made from scratch", "A little extra love", "Never just a cak...
> 67 |     </>
     |       ^
  68 |   );
  69 | }
  70 |

Parsing ecmascript source code failed

Import trace:
  Server Component:
    ./src/app/hero-carousel.tsx
    ./src/app/page.tsx @ http://localhost:3000/_next/static/chunks/node_modules_next_dist_1gdrd03._.js:1945
[   76493ms] [ERROR] ./src/app/hero-carousel.tsx:67:7
Expression expected
  65 |     <ul className="hero-joy-strip" aria-label="Made with care">
  66 |       {["Made from scratch", "A little extra love", "Never just a cak...
> 67 |     </>
     |       ^
  68 |   );
  69 | }
  70 |

Parsing ecmascript source code failed

Import trace:
  Server Component:
    ./src/app/hero-carousel.tsx
    ./src/app/page.tsx @ http://localhost:3000/_next/static/chunks/node_modules_next_dist_1gdrd03._.js:1945
[   76546ms] [ERROR] ./src/app/hero-carousel.tsx:67:7
Expression expected
  65 |     <ul className="hero-joy-strip" aria-label="Made with care">
  66 |       {["Made from scratch", "A little extra love", "Never just a cak...
> 67 |     </>
     |       ^
  68 |   );
  69 | }
  70 |

Parsing ecmascript source code failed

Import trace:
  Server Component:
    ./src/app/hero-carousel.tsx
    ./src/app/page.tsx @ http://localhost:3000/_next/static/chunks/node_modules_next_dist_1gdrd03._.js:1945
[   76595ms] [ERROR] ./src/app/hero-carousel.tsx:67:7
Expression expected
  65 |     <ul className="hero-joy-strip" aria-label="Made with care">
  66 |       {["Made from scratch", "A little extra love", "Never just a cak...
> 67 |     </>
     |       ^
  68 |   );
  69 | }
  70 |

Parsing ecmascript source code failed

Import trace:
  Server Component:
    ./src/app/hero-carousel.tsx
    ./src/app/page.tsx @ http://localhost:3000/_next/static/chunks/node_modules_next_dist_1gdrd03._.js:1945
[   76647ms] [ERROR] ./src/app/hero-carousel.tsx:67:7
Expression expected
  65 |     <ul className="hero-joy-strip" aria-label="Made with care">
  66 |       {["Made from scratch", "A little extra love", "Never just a cak...
> 67 |     </>
     |       ^
  68 |   );
  69 | }
  70 |

Parsing ecmascript source code failed

Import trace:
  Server Component:
    ./src/app/hero-carousel.tsx
    ./src/app/page.tsx @ http://localhost:3000/_next/static/chunks/node_modules_next_dist_1gdrd03._.js:1945
[   76697ms] [ERROR] ./src/app/hero-carousel.tsx:67:7
Expression expected
  65 |     <ul className="hero-joy-strip" aria-label="Made with care">
  66 |       {["Made from scratch", "A little extra love", "Never just a cak...
> 67 |     </>
     |       ^
  68 |   );
  69 | }
  70 |

Parsing ecmascript source code failed

Import trace:
  Server Component:
    ./src/app/hero-carousel.tsx
    ./src/app/page.tsx @ http://localhost:3000/_next/static/chunks/node_modules_next_dist_1gdrd03._.js:1945
[   76749ms] [ERROR] ./src/app/hero-carousel.tsx:67:7
Expression expected
  65 |     <ul className="hero-joy-strip" aria-label="Made with care">
  66 |       {["Made from scratch", "A little extra love", "Never just a cak...
> 67 |     </>
     |       ^
  68 |   );
  69 | }
  70 |

Parsing ecmascript source code failed

Import trace:
  Server Component:
    ./src/app/hero-carousel.tsx
    ./src/app/page.tsx @ http://localhost:3000/_next/static/chunks/node_modules_next_dist_1gdrd03._.js:1945
[   76811ms] [ERROR] ./src/app/hero-carousel.tsx:67:7
Expression expected
  65 |     <ul className="hero-joy-strip" aria-label="Made with care">
  66 |       {["Made from scratch", "A little extra love", "Never just a cak...
> 67 |     </>
     |       ^
  68 |   );
  69 | }
  70 |

Parsing ecmascript source code failed

Import trace:
  Server Component:
    ./src/app/hero-carousel.tsx
    ./src/app/page.tsx @ http://localhost:3000/_next/static/chunks/node_modules_next_dist_1gdrd03._.js:1945
[   76875ms] [ERROR] ./src/app/hero-carousel.tsx:67:7
Expression expected
  65 |     <ul className="hero-joy-strip" aria-label="Made with care">
  66 |       {["Made from scratch", "A little extra love", "Never just a cak...
> 67 |     </>
     |       ^
  68 |   );
  69 | }
  70 |

Parsing ecmascript source code failed

Import trace:
  Server Component:
    ./src/app/hero-carousel.tsx
    ./src/app/page.tsx @ http://localhost:3000/_next/static/chunks/node_modules_next_dist_1gdrd03._.js:1945
[   76938ms] [ERROR] ./src/app/hero-carousel.tsx:67:7
Expression expected
  65 |     <ul className="hero-joy-strip" aria-label="Made with care">
  66 |       {["Made from scratch", "A little extra love", "Never just a cak...
> 67 |     </>
     |       ^
  68 |   );
  69 | }
  70 |

Parsing ecmascript source code failed

Import trace:
  Server Component:
    ./src/app/hero-carousel.tsx
    ./src/app/page.tsx @ http://localhost:3000/_next/static/chunks/node_modules_next_dist_1gdrd03._.js:1945
[   76992ms] [ERROR] ./src/app/hero-carousel.tsx:67:7
Expression expected
  65 |     <ul className="hero-joy-strip" aria-label="Made with care">
  66 |       {["Made from scratch", "A little extra love", "Never just a cak...
> 67 |     </>
     |       ^
  68 |   );
  69 | }
  70 |

Parsing ecmascript source code failed

Import trace:
  Server Component:
    ./src/app/hero-carousel.tsx
    ./src/app/page.tsx @ http://localhost:3000/_next/static/chunks/node_modules_next_dist_1gdrd03._.js:1945
[   77043ms] [ERROR] ./src/app/hero-carousel.tsx:67:7
Expression expected
  65 |     <ul className="hero-joy-strip" aria-label="Made with care">
  66 |       {["Made from scratch", "A little extra love", "Never just a cak...
> 67 |     </>
     |       ^
  68 |   );
  69 | }
  70 |

Parsing ecmascript source code failed

Import trace:
  Server Component:
    ./src/app/hero-carousel.tsx
    ./src/app/page.tsx @ http://localhost:3000/_next/static/chunks/node_modules_next_dist_1gdrd03._.js:1945
[   77110ms] [ERROR] ./src/app/hero-carousel.tsx:67:7
Expression expected
  65 |     <ul className="hero-joy-strip" aria-label="Made with care">
  66 |       {["Made from scratch", "A little extra love", "Never just a cak...
> 67 |     </>
     |       ^
  68 |   );
  69 | }
  70 |

Parsing ecmascript source code failed

Import trace:
  Server Component:
    ./src/app/hero-carousel.tsx
    ./src/app/page.tsx @ http://localhost:3000/_next/static/chunks/node_modules_next_dist_1gdrd03._.js:1945
[   77176ms] [ERROR] ./src/app/hero-carousel.tsx:67:7
Expression expected
  65 |     <ul className="hero-joy-strip" aria-label="Made with care">
  66 |       {["Made from scratch", "A little extra love", "Never just a cak...
> 67 |     </>
     |       ^
  68 |   );
  69 | }
  70 |

Parsing ecmascript source code failed

Import trace:
  Server Component:
    ./src/app/hero-carousel.tsx
    ./src/app/page.tsx @ http://localhost:3000/_next/static/chunks/node_modules_next_dist_1gdrd03._.js:1945
[   77229ms] [ERROR] ./src/app/hero-carousel.tsx:67:7
Expression expected
  65 |     <ul className="hero-joy-strip" aria-label="Made with care">
  66 |       {["Made from scratch", "A little extra love", "Never just a cak...
> 67 |     </>
     |       ^
  68 |   );
  69 | }
  70 |

Parsing ecmascript source code failed

Import trace:
  Server Component:
    ./src/app/hero-carousel.tsx
    ./src/app/page.tsx @ http://localhost:3000/_next/static/chunks/node_modules_next_dist_1gdrd03._.js:1945
[   77293ms] [ERROR] ./src/app/hero-carousel.tsx:67:7
Expression expected
  65 |     <ul className="hero-joy-strip" aria-label="Made with care">
  66 |       {["Made from scratch", "A little extra love", "Never just a cak...
> 67 |     </>
     |       ^
  68 |   );
  69 | }
  70 |

Parsing ecmascript source code failed

Import trace:
  Server Component:
    ./src/app/hero-carousel.tsx
    ./src/app/page.tsx @ http://localhost:3000/_next/static/chunks/node_modules_next_dist_1gdrd03._.js:1945
[   77378ms] [ERROR] ./src/app/hero-carousel.tsx:67:7
Expression expected
  65 |     <ul className="hero-joy-strip" aria-label="Made with care">
  66 |       {["Made from scratch", "A little extra love", "Never just a cak...
> 67 |     </>
     |       ^
  68 |   );
  69 | }
  70 |

Parsing ecmascript source code failed

Import trace:
  Server Component:
    ./src/app/hero-carousel.tsx
    ./src/app/page.tsx @ http://localhost:3000/_next/static/chunks/node_modules_next_dist_1gdrd03._.js:1945
[   77441ms] [ERROR] ./src/app/hero-carousel.tsx:67:7
Expression expected
  65 |     <ul className="hero-joy-strip" aria-label="Made with care">
  66 |       {["Made from scratch", "A little extra love", "Never just a cak...
> 67 |     </>
     |       ^
  68 |   );
  69 | }
  70 |

Parsing ecmascript source code failed

Import trace:
  Server Component:
    ./src/app/hero-carousel.tsx
    ./src/app/page.tsx @ http://localhost:3000/_next/static/chunks/node_modules_next_dist_1gdrd03._.js:1945
[   77492ms] [ERROR] ./src/app/hero-carousel.tsx:67:7
Expression expected
  65 |     <ul className="hero-joy-strip" aria-label="Made with care">
  66 |       {["Made from scratch", "A little extra love", "Never just a cak...
> 67 |     </>
     |       ^
  68 |   );
  69 | }
  70 |

Parsing ecmascript source code failed

Import trace:
  Server Component:
    ./src/app/hero-carousel.tsx
    ./src/app/page.tsx @ http://localhost:3000/_next/static/chunks/node_modules_next_dist_1gdrd03._.js:1945
[   77545ms] [ERROR] ./src/app/hero-carousel.tsx:67:7
Expression expected
  65 |     <ul className="hero-joy-strip" aria-label="Made with care">
  66 |       {["Made from scratch", "A little extra love", "Never just a cak...
> 67 |     </>
     |       ^
  68 |   );
  69 | }
  70 |

Parsing ecmascript source code failed

Import trace:
  Server Component:
    ./src/app/hero-carousel.tsx
    ./src/app/page.tsx @ http://localhost:3000/_next/static/chunks/node_modules_next_dist_1gdrd03._.js:1945
[   77607ms] [ERROR] ./src/app/hero-carousel.tsx:67:7
Expression expected
  65 |     <ul className="hero-joy-strip" aria-label="Made with care">
  66 |       {["Made from scratch", "A little extra love", "Never just a cak...
> 67 |     </>
     |       ^
  68 |   );
  69 | }
  70 |

Parsing ecmascript source code failed

Import trace:
  Server Component:
    ./src/app/hero-carousel.tsx
    ./src/app/page.tsx @ http://localhost:3000/_next/static/chunks/node_modules_next_dist_1gdrd03._.js:1945
[   77645ms] [ERROR] ./src/app/hero-carousel.tsx:67:7
Expression expected
  65 |     <ul className="hero-joy-strip" aria-label="Made with care">
  66 |       {["Made from scratch", "A little extra love", "Never just a cak...
> 67 |     </>
     |       ^
  68 |   );
  69 | }
  70 |

Parsing ecmascript source code failed

Import trace:
  Server Component:
    ./src/app/hero-carousel.tsx
    ./src/app/page.tsx @ http://localhost:3000/_next/static/chunks/node_modules_next_dist_1gdrd03._.js:1945
[   77709ms] [ERROR] ./src/app/hero-carousel.tsx:67:7
Expression expected
  65 |     <ul className="hero-joy-strip" aria-label="Made with care">
  66 |       {["Made from scratch", "A little extra love", "Never just a cak...
> 67 |     </>
     |       ^
  68 |   );
  69 | }
  70 |

Parsing ecmascript source code failed

Import trace:
  Server Component:
    ./src/app/hero-carousel.tsx
    ./src/app/page.tsx @ http://localhost:3000/_next/static/chunks/node_modules_next_dist_1gdrd03._.js:1945
[   77759ms] [ERROR] ./src/app/hero-carousel.tsx:67:7
Expression expected
  65 |     <ul className="hero-joy-strip" aria-label="Made with care">
  66 |       {["Made from scratch", "A little extra love", "Never just a cak...
> 67 |     </>
     |       ^
  68 |   );
  69 | }
  70 |

Parsing ecmascript source code failed

Import trace:
  Server Component:
    ./src/app/hero-carousel.tsx
    ./src/app/page.tsx @ http://localhost:3000/_next/static/chunks/node_modules_next_dist_1gdrd03._.js:1945
[   77822ms] [ERROR] ./src/app/hero-carousel.tsx:67:7
Expression expected
  65 |     <ul className="hero-joy-strip" aria-label="Made with care">
  66 |       {["Made from scratch", "A little extra love", "Never just a cak...
> 67 |     </>
     |       ^
  68 |   );
  69 | }
  70 |

Parsing ecmascript source code failed

Import trace:
  Server Component:
    ./src/app/hero-carousel.tsx
    ./src/app/page.tsx @ http://localhost:3000/_next/static/chunks/node_modules_next_dist_1gdrd03._.js:1945
[   77876ms] [ERROR] ./src/app/hero-carousel.tsx:67:7
Expression expected
  65 |     <ul className="hero-joy-strip" aria-label="Made with care">
  66 |       {["Made from scratch", "A little extra love", "Never just a cak...
> 67 |     </>
     |       ^
  68 |   );
  69 | }
  70 |

Parsing ecmascript source code failed

Import trace:
  Server Component:
    ./src/app/hero-carousel.tsx
    ./src/app/page.tsx @ http://localhost:3000/_next/static/chunks/node_modules_next_dist_1gdrd03._.js:1945
[   77927ms] [ERROR] ./src/app/hero-carousel.tsx:67:7
Expression expected
  65 |     <ul className="hero-joy-strip" aria-label="Made with care">
  66 |       {["Made from scratch", "A little extra love", "Never just a cak...
> 67 |     </>
     |       ^
  68 |   );
  69 | }
  70 |

Parsing ecmascript source code failed

Import trace:
  Server Component:
    ./src/app/hero-carousel.tsx
    ./src/app/page.tsx @ http://localhost:3000/_next/static/chunks/node_modules_next_dist_1gdrd03._.js:1945
[   77977ms] [ERROR] ./src/app/hero-carousel.tsx:67:7
Expression expected
  65 |     <ul className="hero-joy-strip" aria-label="Made with care">
  66 |       {["Made from scratch", "A little extra love", "Never just a cak...
> 67 |     </>
     |       ^
  68 |   );
  69 | }
  70 |

Parsing ecmascript source code failed

Import trace:
  Server Component:
    ./src/app/hero-carousel.tsx
    ./src/app/page.tsx @ http://localhost:3000/_next/static/chunks/node_modules_next_dist_1gdrd03._.js:1945
[   78042ms] [ERROR] ./src/app/hero-carousel.tsx:67:7
Expression expected
  65 |     <ul className="hero-joy-strip" aria-label="Made with care">
  66 |       {["Made from scratch", "A little extra love", "Never just a cak...
> 67 |     </>
     |       ^
  68 |   );
  69 | }
  70 |

Parsing ecmascript source code failed

Import trace:
  Server Component:
    ./src/app/hero-carousel.tsx
    ./src/app/page.tsx @ http://localhost:3000/_next/static/chunks/node_modules_next_dist_1gdrd03._.js:1945
[   78108ms] [ERROR] ./src/app/hero-carousel.tsx:67:7
Expression expected
  65 |     <ul className="hero-joy-strip" aria-label="Made with care">
  66 |       {["Made from scratch", "A little extra love", "Never just a cak...
> 67 |     </>
     |       ^
  68 |   );
  69 | }
  70 |

Parsing ecmascript source code failed

Import trace:
  Server Component:
    ./src/app/hero-carousel.tsx
    ./src/app/page.tsx @ http://localhost:3000/_next/static/chunks/node_modules_next_dist_1gdrd03._.js:1945
[   78159ms] [ERROR] ./src/app/hero-carousel.tsx:67:7
Expression expected
  65 |     <ul className="hero-joy-strip" aria-label="Made with care">
  66 |       {["Made from scratch", "A little extra love", "Never just a cak...
> 67 |     </>
     |       ^
  68 |   );
  69 | }
  70 |

Parsing ecmascript source code failed

Import trace:
  Server Component:
    ./src/app/hero-carousel.tsx
    ./src/app/page.tsx @ http://localhost:3000/_next/static/chunks/node_modules_next_dist_1gdrd03._.js:1945
[   78210ms] [ERROR] ./src/app/hero-carousel.tsx:67:7
Expression expected
  65 |     <ul className="hero-joy-strip" aria-label="Made with care">
  66 |       {["Made from scratch", "A little extra love", "Never just a cak...
> 67 |     </>
     |       ^
  68 |   );
  69 | }
  70 |

Parsing ecmascript source code failed

Import trace:
  Server Component:
    ./src/app/hero-carousel.tsx
    ./src/app/page.tsx @ http://localhost:3000/_next/static/chunks/node_modules_next_dist_1gdrd03._.js:1945
[   78261ms] [ERROR] ./src/app/hero-carousel.tsx:67:7
Expression expected
  65 |     <ul className="hero-joy-strip" aria-label="Made with care">
  66 |       {["Made from scratch", "A little extra love", "Never just a cak...
> 67 |     </>
     |       ^
  68 |   );
  69 | }
  70 |

Parsing ecmascript source code failed

Import trace:
  Server Component:
    ./src/app/hero-carousel.tsx
    ./src/app/page.tsx @ http://localhost:3000/_next/static/chunks/node_modules_next_dist_1gdrd03._.js:1945
[   78321ms] [ERROR] ./src/app/hero-carousel.tsx:67:7
Expression expected
  65 |     <ul className="hero-joy-strip" aria-label="Made with care">
  66 |       {["Made from scratch", "A little extra love", "Never just a cak...
> 67 |     </>
     |       ^
  68 |   );
  69 | }
  70 |

Parsing ecmascript source code failed

Import trace:
  Server Component:
    ./src/app/hero-carousel.tsx
    ./src/app/page.tsx @ http://localhost:3000/_next/static/chunks/node_modules_next_dist_1gdrd03._.js:1945
[   78374ms] [ERROR] ./src/app/hero-carousel.tsx:67:7
Expression expected
  65 |     <ul className="hero-joy-strip" aria-label="Made with care">
  66 |       {["Made from scratch", "A little extra love", "Never just a cak...
> 67 |     </>
     |       ^
  68 |   );
  69 | }
  70 |

Parsing ecmascript source code failed

Import trace:
  Server Component:
    ./src/app/hero-carousel.tsx
    ./src/app/page.tsx @ http://localhost:3000/_next/static/chunks/node_modules_next_dist_1gdrd03._.js:1945
[   78427ms] [ERROR] ./src/app/hero-carousel.tsx:67:7
Expression expected
  65 |     <ul className="hero-joy-strip" aria-label="Made with care">
  66 |       {["Made from scratch", "A little extra love", "Never just a cak...
> 67 |     </>
     |       ^
  68 |   );
  69 | }
  70 |

Parsing ecmascript source code failed

Import trace:
  Server Component:
    ./src/app/hero-carousel.tsx
    ./src/app/page.tsx @ http://localhost:3000/_next/static/chunks/node_modules_next_dist_1gdrd03._.js:1945
[   78491ms] [ERROR] ./src/app/hero-carousel.tsx:67:7
Expression expected
  65 |     <ul className="hero-joy-strip" aria-label="Made with care">
  66 |       {["Made from scratch", "A little extra love", "Never just a cak...
> 67 |     </>
     |       ^
  68 |   );
  69 | }
  70 |

Parsing ecmascript source code failed

Import trace:
  Server Component:
    ./src/app/hero-carousel.tsx
    ./src/app/page.tsx @ http://localhost:3000/_next/static/chunks/node_modules_next_dist_1gdrd03._.js:1945
[   78543ms] [ERROR] ./src/app/hero-carousel.tsx:67:7
Expression expected
  65 |     <ul className="hero-joy-strip" aria-label="Made with care">
  66 |       {["Made from scratch", "A little extra love", "Never just a cak...
> 67 |     </>
     |       ^
  68 |   );
  69 | }
  70 |

Parsing ecmascript source code failed

Import trace:
  Server Component:
    ./src/app/hero-carousel.tsx
    ./src/app/page.tsx @ http://localhost:3000/_next/static/chunks/node_modules_next_dist_1gdrd03._.js:1945
[   78594ms] [ERROR] ./src/app/hero-carousel.tsx:67:7
Expression expected
  65 |     <ul className="hero-joy-strip" aria-label="Made with care">
  66 |       {["Made from scratch", "A little extra love", "Never just a cak...
> 67 |     </>
     |       ^
  68 |   );
  69 | }
  70 |

Parsing ecmascript source code failed

Import trace:
  Server Component:
    ./src/app/hero-carousel.tsx
    ./src/app/page.tsx @ http://localhost:3000/_next/static/chunks/node_modules_next_dist_1gdrd03._.js:1945
[   78658ms] [ERROR] ./src/app/hero-carousel.tsx:67:7
Expression expected
  65 |     <ul className="hero-joy-strip" aria-label="Made with care">
  66 |       {["Made from scratch", "A little extra love", "Never just a cak...
> 67 |     </>
     |       ^
  68 |   );
  69 | }
  70 |

Parsing ecmascript source code failed

Import trace:
  Server Component:
    ./src/app/hero-carousel.tsx
    ./src/app/page.tsx @ http://localhost:3000/_next/static/chunks/node_modules_next_dist_1gdrd03._.js:1945
[   78725ms] [ERROR] ./src/app/hero-carousel.tsx:67:7
Expression expected
  65 |     <ul className="hero-joy-strip" aria-label="Made with care">
  66 |       {["Made from scratch", "A little extra love", "Never just a cak...
> 67 |     </>
     |       ^
  68 |   );
  69 | }
  70 |

Parsing ecmascript source code failed

Import trace:
  Server Component:
    ./src/app/hero-carousel.tsx
    ./src/app/page.tsx @ http://localhost:3000/_next/static/chunks/node_modules_next_dist_1gdrd03._.js:1945
[   78776ms] [ERROR] ./src/app/hero-carousel.tsx:67:7
Expression expected
  65 |     <ul className="hero-joy-strip" aria-label="Made with care">
  66 |       {["Made from scratch", "A little extra love", "Never just a cak...
> 67 |     </>
     |       ^
  68 |   );
  69 | }
  70 |

Parsing ecmascript source code failed

Import trace:
  Server Component:
    ./src/app/hero-carousel.tsx
    ./src/app/page.tsx @ http://localhost:3000/_next/static/chunks/node_modules_next_dist_1gdrd03._.js:1945
[   78826ms] [ERROR] ./src/app/hero-carousel.tsx:67:7
Expression expected
  65 |     <ul className="hero-joy-strip" aria-label="Made with care">
  66 |       {["Made from scratch", "A little extra love", "Never just a cak...
> 67 |     </>
     |       ^
  68 |   );
  69 | }
  70 |

Parsing ecmascript source code failed

Import trace:
  Server Component:
    ./src/app/hero-carousel.tsx
    ./src/app/page.tsx @ http://localhost:3000/_next/static/chunks/node_modules_next_dist_1gdrd03._.js:1945
[   78876ms] [ERROR] ./src/app/hero-carousel.tsx:67:7
Expression expected
  65 |     <ul className="hero-joy-strip" aria-label="Made with care">
  66 |       {["Made from scratch", "A little extra love", "Never just a cak...
> 67 |     </>
     |       ^
  68 |   );
  69 | }
  70 |

Parsing ecmascript source code failed

Import trace:
  Server Component:
    ./src/app/hero-carousel.tsx
    ./src/app/page.tsx @ http://localhost:3000/_next/static/chunks/node_modules_next_dist_1gdrd03._.js:1945
[   78931ms] [ERROR] ./src/app/hero-carousel.tsx:67:7
Expression expected
  65 |     <ul className="hero-joy-strip" aria-label="Made with care">
  66 |       {["Made from scratch", "A little extra love", "Never just a cak...
> 67 |     </>
     |       ^
  68 |   );
  69 | }
  70 |

Parsing ecmascript source code failed

Import trace:
  Server Component:
    ./src/app/hero-carousel.tsx
    ./src/app/page.tsx @ http://localhost:3000/_next/static/chunks/node_modules_next_dist_1gdrd03._.js:1945
[   78977ms] [ERROR] ./src/app/hero-carousel.tsx:67:7
Expression expected
  65 |     <ul className="hero-joy-strip" aria-label="Made with care">
  66 |       {["Made from scratch", "A little extra love", "Never just a cak...
> 67 |     </>
     |       ^
  68 |   );
  69 | }
  70 |

Parsing ecmascript source code failed

Import trace:
  Server Component:
    ./src/app/hero-carousel.tsx
    ./src/app/page.tsx @ http://localhost:3000/_next/static/chunks/node_modules_next_dist_1gdrd03._.js:1945
[   79026ms] [ERROR] ./src/app/hero-carousel.tsx:67:7
Expression expected
  65 |     <ul className="hero-joy-strip" aria-label="Made with care">
  66 |       {["Made from scratch", "A little extra love", "Never just a cak...
> 67 |     </>
     |       ^
  68 |   );
  69 | }
  70 |

Parsing ecmascript source code failed

Import trace:
  Server Component:
    ./src/app/hero-carousel.tsx
    ./src/app/page.tsx @ http://localhost:3000/_next/static/chunks/node_modules_next_dist_1gdrd03._.js:1945
[   79093ms] [ERROR] ./src/app/hero-carousel.tsx:67:7
Expression expected
  65 |     <ul className="hero-joy-strip" aria-label="Made with care">
  66 |       {["Made from scratch", "A little extra love", "Never just a cak...
> 67 |     </>
     |       ^
  68 |   );
  69 | }
  70 |

Parsing ecmascript source code failed

Import trace:
  Server Component:
    ./src/app/hero-carousel.tsx
    ./src/app/page.tsx @ http://localhost:3000/_next/static/chunks/node_modules_next_dist_1gdrd03._.js:1945
[   79159ms] [ERROR] ./src/app/hero-carousel.tsx:67:7
Expression expected
  65 |     <ul className="hero-joy-strip" aria-label="Made with care">
  66 |       {["Made from scratch", "A little extra love", "Never just a cak...
> 67 |     </>
     |       ^
  68 |   );
  69 | }
  70 |

Parsing ecmascript source code failed

Import trace:
  Server Component:
    ./src/app/hero-carousel.tsx
    ./src/app/page.tsx @ http://localhost:3000/_next/static/chunks/node_modules_next_dist_1gdrd03._.js:1945
[   79210ms] [ERROR] ./src/app/hero-carousel.tsx:67:7
Expression expected
  65 |     <ul className="hero-joy-strip" aria-label="Made with care">
  66 |       {["Made from scratch", "A little extra love", "Never just a cak...
> 67 |     </>
     |       ^
  68 |   );
  69 | }
  70 |

Parsing ecmascript source code failed

Import trace:
  Server Component:
    ./src/app/hero-carousel.tsx
    ./src/app/page.tsx @ http://localhost:3000/_next/static/chunks/node_modules_next_dist_1gdrd03._.js:1945
[   79275ms] [ERROR] ./src/app/hero-carousel.tsx:67:7
Expression expected
  65 |     <ul className="hero-joy-strip" aria-label="Made with care">
  66 |       {["Made from scratch", "A little extra love", "Never just a cak...
> 67 |     </>
     |       ^
  68 |   );
  69 | }
  70 |

Parsing ecmascript source code failed

Import trace:
  Server Component:
    ./src/app/hero-carousel.tsx
    ./src/app/page.tsx @ http://localhost:3000/_next/static/chunks/node_modules_next_dist_1gdrd03._.js:1945
[   79343ms] [ERROR] ./src/app/hero-carousel.tsx:67:7
Expression expected
  65 |     <ul className="hero-joy-strip" aria-label="Made with care">
  66 |       {["Made from scratch", "A little extra love", "Never just a cak...
> 67 |     </>
     |       ^
  68 |   );
  69 | }
  70 |

Parsing ecmascript source code failed

Import trace:
  Server Component:
    ./src/app/hero-carousel.tsx
    ./src/app/page.tsx @ http://localhost:3000/_next/static/chunks/node_modules_next_dist_1gdrd03._.js:1945
[   79410ms] [ERROR] ./src/app/hero-carousel.tsx:67:7
Expression expected
  65 |     <ul className="hero-joy-strip" aria-label="Made with care">
  66 |       {["Made from scratch", "A little extra love", "Never just a cak...
> 67 |     </>
     |       ^
  68 |   );
  69 | }
  70 |

Parsing ecmascript source code failed

Import trace:
  Server Component:
    ./src/app/hero-carousel.tsx
    ./src/app/page.tsx @ http://localhost:3000/_next/static/chunks/node_modules_next_dist_1gdrd03._.js:1945
[   79459ms] [ERROR] ./src/app/hero-carousel.tsx:67:7
Expression expected
  65 |     <ul className="hero-joy-strip" aria-label="Made with care">
  66 |       {["Made from scratch", "A little extra love", "Never just a cak...
> 67 |     </>
     |       ^
  68 |   );
  69 | }
  70 |

Parsing ecmascript source code failed

Import trace:
  Server Component:
    ./src/app/hero-carousel.tsx
    ./src/app/page.tsx @ http://localhost:3000/_next/static/chunks/node_modules_next_dist_1gdrd03._.js:1945
[   79510ms] [ERROR] ./src/app/hero-carousel.tsx:67:7
Expression expected
  65 |     <ul className="hero-joy-strip" aria-label="Made with care">
  66 |       {["Made from scratch", "A little extra love", "Never just a cak...
> 67 |     </>
     |       ^
  68 |   );
  69 | }
  70 |

Parsing ecmascript source code failed

Import trace:
  Server Component:
    ./src/app/hero-carousel.tsx
    ./src/app/page.tsx @ http://localhost:3000/_next/static/chunks/node_modules_next_dist_1gdrd03._.js:1945
[   79572ms] [ERROR] ./src/app/hero-carousel.tsx:67:7
Expression expected
  65 |     <ul className="hero-joy-strip" aria-label="Made with care">
  66 |       {["Made from scratch", "A little extra love", "Never just a cak...
> 67 |     </>
     |       ^
  68 |   );
  69 | }
  70 |

Parsing ecmascript source code failed

Import trace:
  Server Component:
    ./src/app/hero-carousel.tsx
    ./src/app/page.tsx @ http://localhost:3000/_next/static/chunks/node_modules_next_dist_1gdrd03._.js:1945
[   79610ms] [ERROR] ./src/app/hero-carousel.tsx:67:7
Expression expected
  65 |     <ul className="hero-joy-strip" aria-label="Made with care">
  66 |       {["Made from scratch", "A little extra love", "Never just a cak...
> 67 |     </>
     |       ^
  68 |   );
  69 | }
  70 |

Parsing ecmascript source code failed

Import trace:
  Server Component:
    ./src/app/hero-carousel.tsx
    ./src/app/page.tsx @ http://localhost:3000/_next/static/chunks/node_modules_next_dist_1gdrd03._.js:1945
[   79676ms] [ERROR] ./src/app/hero-carousel.tsx:67:7
Expression expected
  65 |     <ul className="hero-joy-strip" aria-label="Made with care">
  66 |       {["Made from scratch", "A little extra love", "Never just a cak...
> 67 |     </>
     |       ^
  68 |   );
  69 | }
  70 |

Parsing ecmascript source code failed

Import trace:
  Server Component:
    ./src/app/hero-carousel.tsx
    ./src/app/page.tsx @ http://localhost:3000/_next/static/chunks/node_modules_next_dist_1gdrd03._.js:1945
[   79726ms] [ERROR] ./src/app/hero-carousel.tsx:67:7
Expression expected
  65 |     <ul className="hero-joy-strip" aria-label="Made with care">
  66 |       {["Made from scratch", "A little extra love", "Never just a cak...
> 67 |     </>
     |       ^
  68 |   );
  69 | }
  70 |

Parsing ecmascript source code failed

Import trace:
  Server Component:
    ./src/app/hero-carousel.tsx
    ./src/app/page.tsx @ http://localhost:3000/_next/static/chunks/node_modules_next_dist_1gdrd03._.js:1945
[   79777ms] [ERROR] ./src/app/hero-carousel.tsx:67:7
Expression expected
  65 |     <ul className="hero-joy-strip" aria-label="Made with care">
  66 |       {["Made from scratch", "A little extra love", "Never just a cak...
> 67 |     </>
     |       ^
  68 |   );
  69 | }
  70 |

Parsing ecmascript source code failed

Import trace:
  Server Component:
    ./src/app/hero-carousel.tsx
    ./src/app/page.tsx @ http://localhost:3000/_next/static/chunks/node_modules_next_dist_1gdrd03._.js:1945
[   79843ms] [ERROR] ./src/app/hero-carousel.tsx:67:7
Expression expected
  65 |     <ul className="hero-joy-strip" aria-label="Made with care">
  66 |       {["Made from scratch", "A little extra love", "Never just a cak...
> 67 |     </>
     |       ^
  68 |   );
  69 | }
  70 |

Parsing ecmascript source code failed

Import trace:
  Server Component:
    ./src/app/hero-carousel.tsx
    ./src/app/page.tsx @ http://localhost:3000/_next/static/chunks/node_modules_next_dist_1gdrd03._.js:1945
[   79894ms] [ERROR] ./src/app/hero-carousel.tsx:67:7
Expression expected
  65 |     <ul className="hero-joy-strip" aria-label="Made with care">
  66 |       {["Made from scratch", "A little extra love", "Never just a cak...
> 67 |     </>
     |       ^
  68 |   );
  69 | }
  70 |

Parsing ecmascript source code failed

Import trace:
  Server Component:
    ./src/app/hero-carousel.tsx
    ./src/app/page.tsx @ http://localhost:3000/_next/static/chunks/node_modules_next_dist_1gdrd03._.js:1945
[   79956ms] [ERROR] ./src/app/hero-carousel.tsx:67:7
Expression expected
  65 |     <ul className="hero-joy-strip" aria-label="Made with care">
  66 |       {["Made from scratch", "A little extra love", "Never just a cak...
> 67 |     </>
     |       ^
  68 |   );
  69 | }
  70 |

Parsing ecmascript source code failed

Import trace:
  Server Component:
    ./src/app/hero-carousel.tsx
    ./src/app/page.tsx @ http://localhost:3000/_next/static/chunks/node_modules_next_dist_1gdrd03._.js:1945
[   80010ms] [ERROR] ./src/app/hero-carousel.tsx:67:7
Expression expected
  65 |     <ul className="hero-joy-strip" aria-label="Made with care">
  66 |       {["Made from scratch", "A little extra love", "Never just a cak...
> 67 |     </>
     |       ^
  68 |   );
  69 | }
  70 |

Parsing ecmascript source code failed

Import trace:
  Server Component:
    ./src/app/hero-carousel.tsx
    ./src/app/page.tsx @ http://localhost:3000/_next/static/chunks/node_modules_next_dist_1gdrd03._.js:1945
[   80060ms] [ERROR] ./src/app/hero-carousel.tsx:67:7
Expression expected
  65 |     <ul className="hero-joy-strip" aria-label="Made with care">
  66 |       {["Made from scratch", "A little extra love", "Never just a cak...
> 67 |     </>
     |       ^
  68 |   );
  69 | }
  70 |

Parsing ecmascript source code failed

Import trace:
  Server Component:
    ./src/app/hero-carousel.tsx
    ./src/app/page.tsx @ http://localhost:3000/_next/static/chunks/node_modules_next_dist_1gdrd03._.js:1945
[   80107ms] [ERROR] ./src/app/hero-carousel.tsx:67:7
Expression expected
  65 |     <ul className="hero-joy-strip" aria-label="Made with care">
  66 |       {["Made from scratch", "A little extra love", "Never just a cak...
> 67 |     </>
     |       ^
  68 |   );
  69 | }
  70 |

Parsing ecmascript source code failed

Import trace:
  Server Component:
    ./src/app/hero-carousel.tsx
    ./src/app/page.tsx @ http://localhost:3000/_next/static/chunks/node_modules_next_dist_1gdrd03._.js:1945
[   80159ms] [ERROR] ./src/app/hero-carousel.tsx:67:7
Expression expected
  65 |     <ul className="hero-joy-strip" aria-label="Made with care">
  66 |       {["Made from scratch", "A little extra love", "Never just a cak...
> 67 |     </>
     |       ^
  68 |   );
  69 | }
  70 |

Parsing ecmascript source code failed

Import trace:
  Server Component:
    ./src/app/hero-carousel.tsx
    ./src/app/page.tsx @ http://localhost:3000/_next/static/chunks/node_modules_next_dist_1gdrd03._.js:1945
[   80211ms] [ERROR] ./src/app/hero-carousel.tsx:67:7
Expression expected
  65 |     <ul className="hero-joy-strip" aria-label="Made with care">
  66 |       {["Made from scratch", "A little extra love", "Never just a cak...
> 67 |     </>
     |       ^
  68 |   );
  69 | }
  70 |

Parsing ecmascript source code failed

Import trace:
  Server Component:
    ./src/app/hero-carousel.tsx
    ./src/app/page.tsx @ http://localhost:3000/_next/static/chunks/node_modules_next_dist_1gdrd03._.js:1945
[   80276ms] [ERROR] ./src/app/hero-carousel.tsx:67:7
Expression expected
  65 |     <ul className="hero-joy-strip" aria-label="Made with care">
  66 |       {["Made from scratch", "A little extra love", "Never just a cak...
> 67 |     </>
     |       ^
  68 |   );
  69 | }
  70 |

Parsing ecmascript source code failed

Import trace:
  Server Component:
    ./src/app/hero-carousel.tsx
    ./src/app/page.tsx @ http://localhost:3000/_next/static/chunks/node_modules_next_dist_1gdrd03._.js:1945
[   80326ms] [ERROR] ./src/app/hero-carousel.tsx:67:7
Expression expected
  65 |     <ul className="hero-joy-strip" aria-label="Made with care">
  66 |       {["Made from scratch", "A little extra love", "Never just a cak...
> 67 |     </>
     |       ^
  68 |   );
  69 | }
  70 |

Parsing ecmascript source code failed

Import trace:
  Server Component:
    ./src/app/hero-carousel.tsx
    ./src/app/page.tsx @ http://localhost:3000/_next/static/chunks/node_modules_next_dist_1gdrd03._.js:1945
[   80377ms] [ERROR] ./src/app/hero-carousel.tsx:67:7
Expression expected
  65 |     <ul className="hero-joy-strip" aria-label="Made with care">
  66 |       {["Made from scratch", "A little extra love", "Never just a cak...
> 67 |     </>
     |       ^
  68 |   );
  69 | }
  70 |

Parsing ecmascript source code failed

Import trace:
  Server Component:
    ./src/app/hero-carousel.tsx
    ./src/app/page.tsx @ http://localhost:3000/_next/static/chunks/node_modules_next_dist_1gdrd03._.js:1945
[   80441ms] [ERROR] ./src/app/hero-carousel.tsx:67:7
Expression expected
  65 |     <ul className="hero-joy-strip" aria-label="Made with care">
  66 |       {["Made from scratch", "A little extra love", "Never just a cak...
> 67 |     </>
     |       ^
  68 |   );
  69 | }
  70 |

Parsing ecmascript source code failed

Import trace:
  Server Component:
    ./src/app/hero-carousel.tsx
    ./src/app/page.tsx @ http://localhost:3000/_next/static/chunks/node_modules_next_dist_1gdrd03._.js:1945
[   80492ms] [ERROR] ./src/app/hero-carousel.tsx:67:7
Expression expected
  65 |     <ul className="hero-joy-strip" aria-label="Made with care">
  66 |       {["Made from scratch", "A little extra love", "Never just a cak...
> 67 |     </>
     |       ^
  68 |   );
  69 | }
  70 |

Parsing ecmascript source code failed

Import trace:
  Server Component:
    ./src/app/hero-carousel.tsx
    ./src/app/page.tsx @ http://localhost:3000/_next/static/chunks/node_modules_next_dist_1gdrd03._.js:1945
[   80543ms] [ERROR] ./src/app/hero-carousel.tsx:67:7
Expression expected
  65 |     <ul className="hero-joy-strip" aria-label="Made with care">
  66 |       {["Made from scratch", "A little extra love", "Never just a cak...
> 67 |     </>
     |       ^
  68 |   );
  69 | }
  70 |

Parsing ecmascript source code failed

Import trace:
  Server Component:
    ./src/app/hero-carousel.tsx
    ./src/app/page.tsx @ http://localhost:3000/_next/static/chunks/node_modules_next_dist_1gdrd03._.js:1945
[   80595ms] [ERROR] ./src/app/hero-carousel.tsx:67:7
Expression expected
  65 |     <ul className="hero-joy-strip" aria-label="Made with care">
  66 |       {["Made from scratch", "A little extra love", "Never just a cak...
> 67 |     </>
     |       ^
  68 |   );
  69 | }
  70 |

Parsing ecmascript source code failed

Import trace:
  Server Component:
    ./src/app/hero-carousel.tsx
    ./src/app/page.tsx @ http://localhost:3000/_next/static/chunks/node_modules_next_dist_1gdrd03._.js:1945
[   80647ms] [ERROR] ./src/app/hero-carousel.tsx:67:7
Expression expected
  65 |     <ul className="hero-joy-strip" aria-label="Made with care">
  66 |       {["Made from scratch", "A little extra love", "Never just a cak...
> 67 |     </>
     |       ^
  68 |   );
  69 | }
  70 |

Parsing ecmascript source code failed

Import trace:
  Server Component:
    ./src/app/hero-carousel.tsx
    ./src/app/page.tsx @ http://localhost:3000/_next/static/chunks/node_modules_next_dist_1gdrd03._.js:1945
[   80709ms] [ERROR] ./src/app/hero-carousel.tsx:67:7
Expression expected
  65 |     <ul className="hero-joy-strip" aria-label="Made with care">
  66 |       {["Made from scratch", "A little extra love", "Never just a cak...
> 67 |     </>
     |       ^
  68 |   );
  69 | }
  70 |

Parsing ecmascript source code failed

Import trace:
  Server Component:
    ./src/app/hero-carousel.tsx
    ./src/app/page.tsx @ http://localhost:3000/_next/static/chunks/node_modules_next_dist_1gdrd03._.js:1945
[   80760ms] [ERROR] ./src/app/hero-carousel.tsx:67:7
Expression expected
  65 |     <ul className="hero-joy-strip" aria-label="Made with care">
  66 |       {["Made from scratch", "A little extra love", "Never just a cak...
> 67 |     </>
     |       ^
  68 |   );
  69 | }
  70 |

Parsing ecmascript source code failed

Import trace:
  Server Component:
    ./src/app/hero-carousel.tsx
    ./src/app/page.tsx @ http://localhost:3000/_next/static/chunks/node_modules_next_dist_1gdrd03._.js:1945
[   80826ms] [ERROR] ./src/app/hero-carousel.tsx:67:7
Expression expected
  65 |     <ul className="hero-joy-strip" aria-label="Made with care">
  66 |       {["Made from scratch", "A little extra love", "Never just a cak...
> 67 |     </>
     |       ^
  68 |   );
  69 | }
  70 |

Parsing ecmascript source code failed

Import trace:
  Server Component:
    ./src/app/hero-carousel.tsx
    ./src/app/page.tsx @ http://localhost:3000/_next/static/chunks/node_modules_next_dist_1gdrd03._.js:1945
[   80876ms] [ERROR] ./src/app/hero-carousel.tsx:67:7
Expression expected
  65 |     <ul className="hero-joy-strip" aria-label="Made with care">
  66 |       {["Made from scratch", "A little extra love", "Never just a cak...
> 67 |     </>
     |       ^
  68 |   );
  69 | }
  70 |

Parsing ecmascript source code failed

Import trace:
  Server Component:
    ./src/app/hero-carousel.tsx
    ./src/app/page.tsx @ http://localhost:3000/_next/static/chunks/node_modules_next_dist_1gdrd03._.js:1945
[   80926ms] [ERROR] ./src/app/hero-carousel.tsx:67:7
Expression expected
  65 |     <ul className="hero-joy-strip" aria-label="Made with care">
  66 |       {["Made from scratch", "A little extra love", "Never just a cak...
> 67 |     </>
     |       ^
  68 |   );
  69 | }
  70 |

Parsing ecmascript source code failed

Import trace:
  Server Component:
    ./src/app/hero-carousel.tsx
    ./src/app/page.tsx @ http://localhost:3000/_next/static/chunks/node_modules_next_dist_1gdrd03._.js:1945
[   80978ms] [ERROR] ./src/app/hero-carousel.tsx:67:7
Expression expected
  65 |     <ul className="hero-joy-strip" aria-label="Made with care">
  66 |       {["Made from scratch", "A little extra love", "Never just a cak...
> 67 |     </>
     |       ^
  68 |   );
  69 | }
  70 |

Parsing ecmascript source code failed

Import trace:
  Server Component:
    ./src/app/hero-carousel.tsx
    ./src/app/page.tsx @ http://localhost:3000/_next/static/chunks/node_modules_next_dist_1gdrd03._.js:1945
[   81028ms] [ERROR] ./src/app/hero-carousel.tsx:67:7
Expression expected
  65 |     <ul className="hero-joy-strip" aria-label="Made with care">
  66 |       {["Made from scratch", "A little extra love", "Never just a cak...
> 67 |     </>
     |       ^
  68 |   );
  69 | }
  70 |

Parsing ecmascript source code failed

Import trace:
  Server Component:
    ./src/app/hero-carousel.tsx
    ./src/app/page.tsx @ http://localhost:3000/_next/static/chunks/node_modules_next_dist_1gdrd03._.js:1945
[   81078ms] [ERROR] ./src/app/hero-carousel.tsx:67:7
Expression expected
  65 |     <ul className="hero-joy-strip" aria-label="Made with care">
  66 |       {["Made from scratch", "A little extra love", "Never just a cak...
> 67 |     </>
     |       ^
  68 |   );
  69 | }
  70 |

Parsing ecmascript source code failed

Import trace:
  Server Component:
    ./src/app/hero-carousel.tsx
    ./src/app/page.tsx @ http://localhost:3000/_next/static/chunks/node_modules_next_dist_1gdrd03._.js:1945
[   81128ms] [ERROR] ./src/app/hero-carousel.tsx:67:7
Expression expected
  65 |     <ul className="hero-joy-strip" aria-label="Made with care">
  66 |       {["Made from scratch", "A little extra love", "Never just a cak...
> 67 |     </>
     |       ^
  68 |   );
  69 | }
  70 |

Parsing ecmascript source code failed

Import trace:
  Server Component:
    ./src/app/hero-carousel.tsx
    ./src/app/page.tsx @ http://localhost:3000/_next/static/chunks/node_modules_next_dist_1gdrd03._.js:1945
[   81177ms] [ERROR] ./src/app/hero-carousel.tsx:67:7
Expression expected
  65 |     <ul className="hero-joy-strip" aria-label="Made with care">
  66 |       {["Made from scratch", "A little extra love", "Never just a cak...
> 67 |     </>
     |       ^
  68 |   );
  69 | }
  70 |

Parsing ecmascript source code failed

Import trace:
  Server Component:
    ./src/app/hero-carousel.tsx
    ./src/app/page.tsx @ http://localhost:3000/_next/static/chunks/node_modules_next_dist_1gdrd03._.js:1945
[   81242ms] [ERROR] ./src/app/hero-carousel.tsx:67:7
Expression expected
  65 |     <ul className="hero-joy-strip" aria-label="Made with care">
  66 |       {["Made from scratch", "A little extra love", "Never just a cak...
> 67 |     </>
     |       ^
  68 |   );
  69 | }
  70 |

Parsing ecmascript source code failed

Import trace:
  Server Component:
    ./src/app/hero-carousel.tsx
    ./src/app/page.tsx @ http://localhost:3000/_next/static/chunks/node_modules_next_dist_1gdrd03._.js:1945
[   81310ms] [ERROR] ./src/app/hero-carousel.tsx:67:7
Expression expected
  65 |     <ul className="hero-joy-strip" aria-label="Made with care">
  66 |       {["Made from scratch", "A little extra love", "Never just a cak...
> 67 |     </>
     |       ^
  68 |   );
  69 | }
  70 |

Parsing ecmascript source code failed

Import trace:
  Server Component:
    ./src/app/hero-carousel.tsx
    ./src/app/page.tsx @ http://localhost:3000/_next/static/chunks/node_modules_next_dist_1gdrd03._.js:1945
[   81372ms] [ERROR] ./src/app/hero-carousel.tsx:67:7
Expression expected
  65 |     <ul className="hero-joy-strip" aria-label="Made with care">
  66 |       {["Made from scratch", "A little extra love", "Never just a cak...
> 67 |     </>
     |       ^
  68 |   );
  69 | }
  70 |

Parsing ecmascript source code failed

Import trace:
  Server Component:
    ./src/app/hero-carousel.tsx
    ./src/app/page.tsx @ http://localhost:3000/_next/static/chunks/node_modules_next_dist_1gdrd03._.js:1945
[   81428ms] [ERROR] ./src/app/hero-carousel.tsx:67:7
Expression expected
  65 |     <ul className="hero-joy-strip" aria-label="Made with care">
  66 |       {["Made from scratch", "A little extra love", "Never just a cak...
> 67 |     </>
     |       ^
  68 |   );
  69 | }
  70 |

Parsing ecmascript source code failed

Import trace:
  Server Component:
    ./src/app/hero-carousel.tsx
    ./src/app/page.tsx @ http://localhost:3000/_next/static/chunks/node_modules_next_dist_1gdrd03._.js:1945
[   81491ms] [ERROR] ./src/app/hero-carousel.tsx:67:7
Expression expected
  65 |     <ul className="hero-joy-strip" aria-label="Made with care">
  66 |       {["Made from scratch", "A little extra love", "Never just a cak...
> 67 |     </>
     |       ^
  68 |   );
  69 | }
  70 |

Parsing ecmascript source code failed

Import trace:
  Server Component:
    ./src/app/hero-carousel.tsx
    ./src/app/page.tsx @ http://localhost:3000/_next/static/chunks/node_modules_next_dist_1gdrd03._.js:1945
[   81543ms] [ERROR] ./src/app/hero-carousel.tsx:67:7
Expression expected
  65 |     <ul className="hero-joy-strip" aria-label="Made with care">
  66 |       {["Made from scratch", "A little extra love", "Never just a cak...
> 67 |     </>
     |       ^
  68 |   );
  69 | }
  70 |

Parsing ecmascript source code failed

Import trace:
  Server Component:
    ./src/app/hero-carousel.tsx
    ./src/app/page.tsx @ http://localhost:3000/_next/static/chunks/node_modules_next_dist_1gdrd03._.js:1945
[   81610ms] [ERROR] ./src/app/hero-carousel.tsx:67:7
Expression expected
  65 |     <ul className="hero-joy-strip" aria-label="Made with care">
  66 |       {["Made from scratch", "A little extra love", "Never just a cak...
> 67 |     </>
     |       ^
  68 |   );
  69 | }
  70 |

Parsing ecmascript source code failed

Import trace:
  Server Component:
    ./src/app/hero-carousel.tsx
    ./src/app/page.tsx @ http://localhost:3000/_next/static/chunks/node_modules_next_dist_1gdrd03._.js:1945
[   81660ms] [ERROR] ./src/app/hero-carousel.tsx:67:7
Expression expected
  65 |     <ul className="hero-joy-strip" aria-label="Made with care">
  66 |       {["Made from scratch", "A little extra love", "Never just a cak...
> 67 |     </>
     |       ^
  68 |   );
  69 | }
  70 |

Parsing ecmascript source code failed

Import trace:
  Server Component:
    ./src/app/hero-carousel.tsx
    ./src/app/page.tsx @ http://localhost:3000/_next/static/chunks/node_modules_next_dist_1gdrd03._.js:1945
[   81710ms] [ERROR] ./src/app/hero-carousel.tsx:67:7
Expression expected
  65 |     <ul className="hero-joy-strip" aria-label="Made with care">
  66 |       {["Made from scratch", "A little extra love", "Never just a cak...
> 67 |     </>
     |       ^
  68 |   );
  69 | }
  70 |

Parsing ecmascript source code failed

Import trace:
  Server Component:
    ./src/app/hero-carousel.tsx
    ./src/app/page.tsx @ http://localhost:3000/_next/static/chunks/node_modules_next_dist_1gdrd03._.js:1945
[   81760ms] [ERROR] ./src/app/hero-carousel.tsx:67:7
Expression expected
  65 |     <ul className="hero-joy-strip" aria-label="Made with care">
  66 |       {["Made from scratch", "A little extra love", "Never just a cak...
> 67 |     </>
     |       ^
  68 |   );
  69 | }
  70 |

Parsing ecmascript source code failed

Import trace:
  Server Component:
    ./src/app/hero-carousel.tsx
    ./src/app/page.tsx @ http://localhost:3000/_next/static/chunks/node_modules_next_dist_1gdrd03._.js:1945
[   81824ms] [ERROR] ./src/app/hero-carousel.tsx:67:7
Expression expected
  65 |     <ul className="hero-joy-strip" aria-label="Made with care">
  66 |       {["Made from scratch", "A little extra love", "Never just a cak...
> 67 |     </>
     |       ^
  68 |   );
  69 | }
  70 |

Parsing ecmascript source code failed

Import trace:
  Server Component:
    ./src/app/hero-carousel.tsx
    ./src/app/page.tsx @ http://localhost:3000/_next/static/chunks/node_modules_next_dist_1gdrd03._.js:1945
[   81876ms] [ERROR] ./src/app/hero-carousel.tsx:67:7
Expression expected
  65 |     <ul className="hero-joy-strip" aria-label="Made with care">
  66 |       {["Made from scratch", "A little extra love", "Never just a cak...
> 67 |     </>
     |       ^
  68 |   );
  69 | }
  70 |

Parsing ecmascript source code failed

Import trace:
  Server Component:
    ./src/app/hero-carousel.tsx
    ./src/app/page.tsx @ http://localhost:3000/_next/static/chunks/node_modules_next_dist_1gdrd03._.js:1945
[   81927ms] [ERROR] ./src/app/hero-carousel.tsx:67:7
Expression expected
  65 |     <ul className="hero-joy-strip" aria-label="Made with care">
  66 |       {["Made from scratch", "A little extra love", "Never just a cak...
> 67 |     </>
     |       ^
  68 |   );
  69 | }
  70 |

Parsing ecmascript source code failed

Import trace:
  Server Component:
    ./src/app/hero-carousel.tsx
    ./src/app/page.tsx @ http://localhost:3000/_next/static/chunks/node_modules_next_dist_1gdrd03._.js:1945
[   81976ms] [ERROR] ./src/app/hero-carousel.tsx:67:7
Expression expected
  65 |     <ul className="hero-joy-strip" aria-label="Made with care">
  66 |       {["Made from scratch", "A little extra love", "Never just a cak...
> 67 |     </>
     |       ^
  68 |   );
  69 | }
  70 |

Parsing ecmascript source code failed

Import trace:
  Server Component:
    ./src/app/hero-carousel.tsx
    ./src/app/page.tsx @ http://localhost:3000/_next/static/chunks/node_modules_next_dist_1gdrd03._.js:1945
[   82039ms] [ERROR] ./src/app/hero-carousel.tsx:67:7
Expression expected
  65 |     <ul className="hero-joy-strip" aria-label="Made with care">
  66 |       {["Made from scratch", "A little extra love", "Never just a cak...
> 67 |     </>
     |       ^
  68 |   );
  69 | }
  70 |

Parsing ecmascript source code failed

Import trace:
  Server Component:
    ./src/app/hero-carousel.tsx
    ./src/app/page.tsx @ http://localhost:3000/_next/static/chunks/node_modules_next_dist_1gdrd03._.js:1945
[   82092ms] [ERROR] ./src/app/hero-carousel.tsx:67:7
Expression expected
  65 |     <ul className="hero-joy-strip" aria-label="Made with care">
  66 |       {["Made from scratch", "A little extra love", "Never just a cak...
> 67 |     </>
     |       ^
  68 |   );
  69 | }
  70 |

Parsing ecmascript source code failed

Import trace:
  Server Component:
    ./src/app/hero-carousel.tsx
    ./src/app/page.tsx @ http://localhost:3000/_next/static/chunks/node_modules_next_dist_1gdrd03._.js:1945
[   82145ms] [ERROR] ./src/app/hero-carousel.tsx:67:7
Expression expected
  65 |     <ul className="hero-joy-strip" aria-label="Made with care">
  66 |       {["Made from scratch", "A little extra love", "Never just a cak...
> 67 |     </>
     |       ^
  68 |   );
  69 | }
  70 |

Parsing ecmascript source code failed

Import trace:
  Server Component:
    ./src/app/hero-carousel.tsx
    ./src/app/page.tsx @ http://localhost:3000/_next/static/chunks/node_modules_next_dist_1gdrd03._.js:1945
[   82194ms] [ERROR] ./src/app/hero-carousel.tsx:67:7
Expression expected
  65 |     <ul className="hero-joy-strip" aria-label="Made with care">
  66 |       {["Made from scratch", "A little extra love", "Never just a cak...
> 67 |     </>
     |       ^
  68 |   );
  69 | }
  70 |

Parsing ecmascript source code failed

Import trace:
  Server Component:
    ./src/app/hero-carousel.tsx
    ./src/app/page.tsx @ http://localhost:3000/_next/static/chunks/node_modules_next_dist_1gdrd03._.js:1945
[   82260ms] [ERROR] ./src/app/hero-carousel.tsx:67:7
Expression expected
  65 |     <ul className="hero-joy-strip" aria-label="Made with care">
  66 |       {["Made from scratch", "A little extra love", "Never just a cak...
> 67 |     </>
     |       ^
  68 |   );
  69 | }
  70 |

Parsing ecmascript source code failed

Import trace:
  Server Component:
    ./src/app/hero-carousel.tsx
    ./src/app/page.tsx @ http://localhost:3000/_next/static/chunks/node_modules_next_dist_1gdrd03._.js:1945
[   82311ms] [ERROR] ./src/app/hero-carousel.tsx:67:7
Expression expected
  65 |     <ul className="hero-joy-strip" aria-label="Made with care">
  66 |       {["Made from scratch", "A little extra love", "Never just a cak...
> 67 |     </>
     |       ^
  68 |   );
  69 | }
  70 |

Parsing ecmascript source code failed

Import trace:
  Server Component:
    ./src/app/hero-carousel.tsx
    ./src/app/page.tsx @ http://localhost:3000/_next/static/chunks/node_modules_next_dist_1gdrd03._.js:1945
[   82361ms] [ERROR] ./src/app/hero-carousel.tsx:67:7
Expression expected
  65 |     <ul className="hero-joy-strip" aria-label="Made with care">
  66 |       {["Made from scratch", "A little extra love", "Never just a cak...
> 67 |     </>
     |       ^
  68 |   );
  69 | }
  70 |

Parsing ecmascript source code failed

Import trace:
  Server Component:
    ./src/app/hero-carousel.tsx
    ./src/app/page.tsx @ http://localhost:3000/_next/static/chunks/node_modules_next_dist_1gdrd03._.js:1945
[   82412ms] [ERROR] ./src/app/hero-carousel.tsx:67:7
Expression expected
  65 |     <ul className="hero-joy-strip" aria-label="Made with care">
  66 |       {["Made from scratch", "A little extra love", "Never just a cak...
> 67 |     </>
     |       ^
  68 |   );
  69 | }
  70 |

Parsing ecmascript source code failed

Import trace:
  Server Component:
    ./src/app/hero-carousel.tsx
    ./src/app/page.tsx @ http://localhost:3000/_next/static/chunks/node_modules_next_dist_1gdrd03._.js:1945
[   82460ms] [ERROR] ./src/app/hero-carousel.tsx:67:7
Expression expected
  65 |     <ul className="hero-joy-strip" aria-label="Made with care">
  66 |       {["Made from scratch", "A little extra love", "Never just a cak...
> 67 |     </>
     |       ^
  68 |   );
  69 | }
  70 |

Parsing ecmascript source code failed

Import trace:
  Server Component:
    ./src/app/hero-carousel.tsx
    ./src/app/page.tsx @ http://localhost:3000/_next/static/chunks/node_modules_next_dist_1gdrd03._.js:1945
[   82510ms] [ERROR] ./src/app/hero-carousel.tsx:67:7
Expression expected
  65 |     <ul className="hero-joy-strip" aria-label="Made with care">
  66 |       {["Made from scratch", "A little extra love", "Never just a cak...
> 67 |     </>
     |       ^
  68 |   );
  69 | }
  70 |

Parsing ecmascript source code failed

Import trace:
  Server Component:
    ./src/app/hero-carousel.tsx
    ./src/app/page.tsx @ http://localhost:3000/_next/static/chunks/node_modules_next_dist_1gdrd03._.js:1945
[   82576ms] [ERROR] ./src/app/hero-carousel.tsx:67:7
Expression expected
  65 |     <ul className="hero-joy-strip" aria-label="Made with care">
  66 |       {["Made from scratch", "A little extra love", "Never just a cak...
> 67 |     </>
     |       ^
  68 |   );
  69 | }
  70 |

Parsing ecmascript source code failed

Import trace:
  Server Component:
    ./src/app/hero-carousel.tsx
    ./src/app/page.tsx @ http://localhost:3000/_next/static/chunks/node_modules_next_dist_1gdrd03._.js:1945
[   82627ms] [ERROR] ./src/app/hero-carousel.tsx:67:7
Expression expected
  65 |     <ul className="hero-joy-strip" aria-label="Made with care">
  66 |       {["Made from scratch", "A little extra love", "Never just a cak...
> 67 |     </>
     |       ^
  68 |   );
  69 | }
  70 |

Parsing ecmascript source code failed

Import trace:
  Server Component:
    ./src/app/hero-carousel.tsx
    ./src/app/page.tsx @ http://localhost:3000/_next/static/chunks/node_modules_next_dist_1gdrd03._.js:1945
[   82676ms] [ERROR] ./src/app/hero-carousel.tsx:67:7
Expression expected
  65 |     <ul className="hero-joy-strip" aria-label="Made with care">
  66 |       {["Made from scratch", "A little extra love", "Never just a cak...
> 67 |     </>
     |       ^
  68 |   );
  69 | }
  70 |

Parsing ecmascript source code failed

Import trace:
  Server Component:
    ./src/app/hero-carousel.tsx
    ./src/app/page.tsx @ http://localhost:3000/_next/static/chunks/node_modules_next_dist_1gdrd03._.js:1945
[   82726ms] [ERROR] ./src/app/hero-carousel.tsx:67:7
Expression expected
  65 |     <ul className="hero-joy-strip" aria-label="Made with care">
  66 |       {["Made from scratch", "A little extra love", "Never just a cak...
> 67 |     </>
     |       ^
  68 |   );
  69 | }
  70 |

Parsing ecmascript source code failed

Import trace:
  Server Component:
    ./src/app/hero-carousel.tsx
    ./src/app/page.tsx @ http://localhost:3000/_next/static/chunks/node_modules_next_dist_1gdrd03._.js:1945
[   82776ms] [ERROR] ./src/app/hero-carousel.tsx:67:7
Expression expected
  65 |     <ul className="hero-joy-strip" aria-label="Made with care">
  66 |       {["Made from scratch", "A little extra love", "Never just a cak...
> 67 |     </>
     |       ^
  68 |   );
  69 | }
  70 |

Parsing ecmascript source code failed

Import trace:
  Server Component:
    ./src/app/hero-carousel.tsx
    ./src/app/page.tsx @ http://localhost:3000/_next/static/chunks/node_modules_next_dist_1gdrd03._.js:1945
[   82843ms] [ERROR] ./src/app/hero-carousel.tsx:67:7
Expression expected
  65 |     <ul className="hero-joy-strip" aria-label="Made with care">
  66 |       {["Made from scratch", "A little extra love", "Never just a cak...
> 67 |     </>
     |       ^
  68 |   );
  69 | }
  70 |

Parsing ecmascript source code failed

Import trace:
  Server Component:
    ./src/app/hero-carousel.tsx
    ./src/app/page.tsx @ http://localhost:3000/_next/static/chunks/node_modules_next_dist_1gdrd03._.js:1945
[   82892ms] [ERROR] ./src/app/hero-carousel.tsx:67:7
Expression expected
  65 |     <ul className="hero-joy-strip" aria-label="Made with care">
  66 |       {["Made from scratch", "A little extra love", "Never just a cak...
> 67 |     </>
     |       ^
  68 |   );
  69 | }
  70 |

Parsing ecmascript source code failed

Import trace:
  Server Component:
    ./src/app/hero-carousel.tsx
    ./src/app/page.tsx @ http://localhost:3000/_next/static/chunks/node_modules_next_dist_1gdrd03._.js:1945
[   82944ms] [ERROR] ./src/app/hero-carousel.tsx:67:7
Expression expected
  65 |     <ul className="hero-joy-strip" aria-label="Made with care">
  66 |       {["Made from scratch", "A little extra love", "Never just a cak...
> 67 |     </>
     |       ^
  68 |   );
  69 | }
  70 |

Parsing ecmascript source code failed

Import trace:
  Server Component:
    ./src/app/hero-carousel.tsx
    ./src/app/page.tsx @ http://localhost:3000/_next/static/chunks/node_modules_next_dist_1gdrd03._.js:1945
[   83007ms] [ERROR] ./src/app/hero-carousel.tsx:67:7
Expression expected
  65 |     <ul className="hero-joy-strip" aria-label="Made with care">
  66 |       {["Made from scratch", "A little extra love", "Never just a cak...
> 67 |     </>
     |       ^
  68 |   );
  69 | }
  70 |

Parsing ecmascript source code failed

Import trace:
  Server Component:
    ./src/app/hero-carousel.tsx
    ./src/app/page.tsx @ http://localhost:3000/_next/static/chunks/node_modules_next_dist_1gdrd03._.js:1945
[   83058ms] [ERROR] ./src/app/hero-carousel.tsx:67:7
Expression expected
  65 |     <ul className="hero-joy-strip" aria-label="Made with care">
  66 |       {["Made from scratch", "A little extra love", "Never just a cak...
> 67 |     </>
     |       ^
  68 |   );
  69 | }
  70 |

Parsing ecmascript source code failed

Import trace:
  Server Component:
    ./src/app/hero-carousel.tsx
    ./src/app/page.tsx @ http://localhost:3000/_next/static/chunks/node_modules_next_dist_1gdrd03._.js:1945
[   83120ms] [ERROR] ./src/app/hero-carousel.tsx:67:7
Expression expected
  65 |     <ul className="hero-joy-strip" aria-label="Made with care">
  66 |       {["Made from scratch", "A little extra love", "Never just a cak...
> 67 |     </>
     |       ^
  68 |   );
  69 | }
  70 |

Parsing ecmascript source code failed

Import trace:
  Server Component:
    ./src/app/hero-carousel.tsx
    ./src/app/page.tsx @ http://localhost:3000/_next/static/chunks/node_modules_next_dist_1gdrd03._.js:1945
[   83181ms] [ERROR] ./src/app/hero-carousel.tsx:67:7
Expression expected
  65 |     <ul className="hero-joy-strip" aria-label="Made with care">
  66 |       {["Made from scratch", "A little extra love", "Never just a cak...
> 67 |     </>
     |       ^
  68 |   );
  69 | }
  70 |

Parsing ecmascript source code failed

Import trace:
  Server Component:
    ./src/app/hero-carousel.tsx
    ./src/app/page.tsx @ http://localhost:3000/_next/static/chunks/node_modules_next_dist_1gdrd03._.js:1945
[   83243ms] [ERROR] ./src/app/hero-carousel.tsx:67:7
Expression expected
  65 |     <ul className="hero-joy-strip" aria-label="Made with care">
  66 |       {["Made from scratch", "A little extra love", "Never just a cak...
> 67 |     </>
     |       ^
  68 |   );
  69 | }
  70 |

Parsing ecmascript source code failed

Import trace:
  Server Component:
    ./src/app/hero-carousel.tsx
    ./src/app/page.tsx @ http://localhost:3000/_next/static/chunks/node_modules_next_dist_1gdrd03._.js:1945
[   83310ms] [ERROR] ./src/app/hero-carousel.tsx:67:7
Expression expected
  65 |     <ul className="hero-joy-strip" aria-label="Made with care">
  66 |       {["Made from scratch", "A little extra love", "Never just a cak...
> 67 |     </>
     |       ^
  68 |   );
  69 | }
  70 |

Parsing ecmascript source code failed

Import trace:
  Server Component:
    ./src/app/hero-carousel.tsx
    ./src/app/page.tsx @ http://localhost:3000/_next/static/chunks/node_modules_next_dist_1gdrd03._.js:1945
[   83360ms] [ERROR] ./src/app/hero-carousel.tsx:67:7
Expression expected
  65 |     <ul className="hero-joy-strip" aria-label="Made with care">
  66 |       {["Made from scratch", "A little extra love", "Never just a cak...
> 67 |     </>
     |       ^
  68 |   );
  69 | }
  70 |

Parsing ecmascript source code failed

Import trace:
  Server Component:
    ./src/app/hero-carousel.tsx
    ./src/app/page.tsx @ http://localhost:3000/_next/static/chunks/node_modules_next_dist_1gdrd03._.js:1945
[   83409ms] [ERROR] ./src/app/hero-carousel.tsx:67:7
Expression expected
  65 |     <ul className="hero-joy-strip" aria-label="Made with care">
  66 |       {["Made from scratch", "A little extra love", "Never just a cak...
> 67 |     </>
     |       ^
  68 |   );
  69 | }
  70 |

Parsing ecmascript source code failed

Import trace:
  Server Component:
    ./src/app/hero-carousel.tsx
    ./src/app/page.tsx @ http://localhost:3000/_next/static/chunks/node_modules_next_dist_1gdrd03._.js:1945
[   83460ms] [ERROR] ./src/app/hero-carousel.tsx:67:7
Expression expected
  65 |     <ul className="hero-joy-strip" aria-label="Made with care">
  66 |       {["Made from scratch", "A little extra love", "Never just a cak...
> 67 |     </>
     |       ^
  68 |   );
  69 | }
  70 |

Parsing ecmascript source code failed

Import trace:
  Server Component:
    ./src/app/hero-carousel.tsx
    ./src/app/page.tsx @ http://localhost:3000/_next/static/chunks/node_modules_next_dist_1gdrd03._.js:1945
[   83527ms] [ERROR] ./src/app/hero-carousel.tsx:67:7
Expression expected
  65 |     <ul className="hero-joy-strip" aria-label="Made with care">
  66 |       {["Made from scratch", "A little extra love", "Never just a cak...
> 67 |     </>
     |       ^
  68 |   );
  69 | }
  70 |

Parsing ecmascript source code failed

Import trace:
  Server Component:
    ./src/app/hero-carousel.tsx
    ./src/app/page.tsx @ http://localhost:3000/_next/static/chunks/node_modules_next_dist_1gdrd03._.js:1945
[   83593ms] [ERROR] ./src/app/hero-carousel.tsx:67:7
Expression expected
  65 |     <ul className="hero-joy-strip" aria-label="Made with care">
  66 |       {["Made from scratch", "A little extra love", "Never just a cak...
> 67 |     </>
     |       ^
  68 |   );
  69 | }
  70 |

Parsing ecmascript source code failed

Import trace:
  Server Component:
    ./src/app/hero-carousel.tsx
    ./src/app/page.tsx @ http://localhost:3000/_next/static/chunks/node_modules_next_dist_1gdrd03._.js:1945
[   83643ms] [ERROR] ./src/app/hero-carousel.tsx:67:7
Expression expected
  65 |     <ul className="hero-joy-strip" aria-label="Made with care">
  66 |       {["Made from scratch", "A little extra love", "Never just a cak...
> 67 |     </>
     |       ^
  68 |   );
  69 | }
  70 |

Parsing ecmascript source code failed

Import trace:
  Server Component:
    ./src/app/hero-carousel.tsx
    ./src/app/page.tsx @ http://localhost:3000/_next/static/chunks/node_modules_next_dist_1gdrd03._.js:1945
[   83694ms] [ERROR] ./src/app/hero-carousel.tsx:67:7
Expression expected
  65 |     <ul className="hero-joy-strip" aria-label="Made with care">
  66 |       {["Made from scratch", "A little extra love", "Never just a cak...
> 67 |     </>
     |       ^
  68 |   );
  69 | }
  70 |

Parsing ecmascript source code failed

Import trace:
  Server Component:
    ./src/app/hero-carousel.tsx
    ./src/app/page.tsx @ http://localhost:3000/_next/static/chunks/node_modules_next_dist_1gdrd03._.js:1945
[   83758ms] [ERROR] ./src/app/hero-carousel.tsx:67:7
Expression expected
  65 |     <ul className="hero-joy-strip" aria-label="Made with care">
  66 |       {["Made from scratch", "A little extra love", "Never just a cak...
> 67 |     </>
     |       ^
  68 |   );
  69 | }
  70 |

Parsing ecmascript source code failed

Import trace:
  Server Component:
    ./src/app/hero-carousel.tsx
    ./src/app/page.tsx @ http://localhost:3000/_next/static/chunks/node_modules_next_dist_1gdrd03._.js:1945
[   83811ms] [ERROR] ./src/app/hero-carousel.tsx:67:7
Expression expected
  65 |     <ul className="hero-joy-strip" aria-label="Made with care">
  66 |       {["Made from scratch", "A little extra love", "Never just a cak...
> 67 |     </>
     |       ^
  68 |   );
  69 | }
  70 |

Parsing ecmascript source code failed

Import trace:
  Server Component:
    ./src/app/hero-carousel.tsx
    ./src/app/page.tsx @ http://localhost:3000/_next/static/chunks/node_modules_next_dist_1gdrd03._.js:1945
[   83861ms] [ERROR] ./src/app/hero-carousel.tsx:67:7
Expression expected
  65 |     <ul className="hero-joy-strip" aria-label="Made with care">
  66 |       {["Made from scratch", "A little extra love", "Never just a cak...
> 67 |     </>
     |       ^
  68 |   );
  69 | }
  70 |

Parsing ecmascript source code failed

Import trace:
  Server Component:
    ./src/app/hero-carousel.tsx
    ./src/app/page.tsx @ http://localhost:3000/_next/static/chunks/node_modules_next_dist_1gdrd03._.js:1945
[   83925ms] [ERROR] ./src/app/hero-carousel.tsx:67:7
Expression expected
  65 |     <ul className="hero-joy-strip" aria-label="Made with care">
  66 |       {["Made from scratch", "A little extra love", "Never just a cak...
> 67 |     </>
     |       ^
  68 |   );
  69 | }
  70 |

Parsing ecmascript source code failed

Import trace:
  Server Component:
    ./src/app/hero-carousel.tsx
    ./src/app/page.tsx @ http://localhost:3000/_next/static/chunks/node_modules_next_dist_1gdrd03._.js:1945
[   83993ms] [ERROR] ./src/app/hero-carousel.tsx:67:7
Expression expected
  65 |     <ul className="hero-joy-strip" aria-label="Made with care">
  66 |       {["Made from scratch", "A little extra love", "Never just a cak...
> 67 |     </>
     |       ^
  68 |   );
  69 | }
  70 |

Parsing ecmascript source code failed

Import trace:
  Server Component:
    ./src/app/hero-carousel.tsx
    ./src/app/page.tsx @ http://localhost:3000/_next/static/chunks/node_modules_next_dist_1gdrd03._.js:1945
[   84043ms] [ERROR] ./src/app/hero-carousel.tsx:67:7
Expression expected
  65 |     <ul className="hero-joy-strip" aria-label="Made with care">
  66 |       {["Made from scratch", "A little extra love", "Never just a cak...
> 67 |     </>
     |       ^
  68 |   );
  69 | }
  70 |

Parsing ecmascript source code failed

Import trace:
  Server Component:
    ./src/app/hero-carousel.tsx
    ./src/app/page.tsx @ http://localhost:3000/_next/static/chunks/node_modules_next_dist_1gdrd03._.js:1945
[   84093ms] [ERROR] ./src/app/hero-carousel.tsx:67:7
Expression expected
  65 |     <ul className="hero-joy-strip" aria-label="Made with care">
  66 |       {["Made from scratch", "A little extra love", "Never just a cak...
> 67 |     </>
     |       ^
  68 |   );
  69 | }
  70 |

Parsing ecmascript source code failed

Import trace:
  Server Component:
    ./src/app/hero-carousel.tsx
    ./src/app/page.tsx @ http://localhost:3000/_next/static/chunks/node_modules_next_dist_1gdrd03._.js:1945
[   84144ms] [ERROR] ./src/app/hero-carousel.tsx:67:7
Expression expected
  65 |     <ul className="hero-joy-strip" aria-label="Made with care">
  66 |       {["Made from scratch", "A little extra love", "Never just a cak...
> 67 |     </>
     |       ^
  68 |   );
  69 | }
  70 |

Parsing ecmascript source code failed

Import trace:
  Server Component:
    ./src/app/hero-carousel.tsx
    ./src/app/page.tsx @ http://localhost:3000/_next/static/chunks/node_modules_next_dist_1gdrd03._.js:1945
[   84210ms] [ERROR] ./src/app/hero-carousel.tsx:67:7
Expression expected
  65 |     <ul className="hero-joy-strip" aria-label="Made with care">
  66 |       {["Made from scratch", "A little extra love", "Never just a cak...
> 67 |     </>
     |       ^
  68 |   );
  69 | }
  70 |

Parsing ecmascript source code failed

Import trace:
  Server Component:
    ./src/app/hero-carousel.tsx
    ./src/app/page.tsx @ http://localhost:3000/_next/static/chunks/node_modules_next_dist_1gdrd03._.js:1945
[   84274ms] [ERROR] ./src/app/hero-carousel.tsx:67:7
Expression expected
  65 |     <ul className="hero-joy-strip" aria-label="Made with care">
  66 |       {["Made from scratch", "A little extra love", "Never just a cak...
> 67 |     </>
     |       ^
  68 |   );
  69 | }
  70 |

Parsing ecmascript source code failed

Import trace:
  Server Component:
    ./src/app/hero-carousel.tsx
    ./src/app/page.tsx @ http://localhost:3000/_next/static/chunks/node_modules_next_dist_1gdrd03._.js:1945
[   84325ms] [ERROR] ./src/app/hero-carousel.tsx:67:7
Expression expected
  65 |     <ul className="hero-joy-strip" aria-label="Made with care">
  66 |       {["Made from scratch", "A little extra love", "Never just a cak...
> 67 |     </>
     |       ^
  68 |   );
  69 | }
  70 |

Parsing ecmascript source code failed

Import trace:
  Server Component:
    ./src/app/hero-carousel.tsx
    ./src/app/page.tsx @ http://localhost:3000/_next/static/chunks/node_modules_next_dist_1gdrd03._.js:1945
[   84392ms] [ERROR] ./src/app/hero-carousel.tsx:67:7
Expression expected
  65 |     <ul className="hero-joy-strip" aria-label="Made with care">
  66 |       {["Made from scratch", "A little extra love", "Never just a cak...
> 67 |     </>
     |       ^
  68 |   );
  69 | }
  70 |

Parsing ecmascript source code failed

Import trace:
  Server Component:
    ./src/app/hero-carousel.tsx
    ./src/app/page.tsx @ http://localhost:3000/_next/static/chunks/node_modules_next_dist_1gdrd03._.js:1945
[   84453ms] [ERROR] ./src/app/hero-carousel.tsx:67:7
Expression expected
  65 |     <ul className="hero-joy-strip" aria-label="Made with care">
  66 |       {["Made from scratch", "A little extra love", "Never just a cak...
> 67 |     </>
     |       ^
  68 |   );
  69 | }
  70 |

Parsing ecmascript source code failed

Import trace:
  Server Component:
    ./src/app/hero-carousel.tsx
    ./src/app/page.tsx @ http://localhost:3000/_next/static/chunks/node_modules_next_dist_1gdrd03._.js:1945
[   84509ms] [ERROR] ./src/app/hero-carousel.tsx:67:7
Expression expected
  65 |     <ul className="hero-joy-strip" aria-label="Made with care">
  66 |       {["Made from scratch", "A little extra love", "Never just a cak...
> 67 |     </>
     |       ^
  68 |   );
  69 | }
  70 |

Parsing ecmascript source code failed

Import trace:
  Server Component:
    ./src/app/hero-carousel.tsx
    ./src/app/page.tsx @ http://localhost:3000/_next/static/chunks/node_modules_next_dist_1gdrd03._.js:1945
[   84560ms] [ERROR] ./src/app/hero-carousel.tsx:67:7
Expression expected
  65 |     <ul className="hero-joy-strip" aria-label="Made with care">
  66 |       {["Made from scratch", "A little extra love", "Never just a cak...
> 67 |     </>
     |       ^
  68 |   );
  69 | }
  70 |

Parsing ecmascript source code failed

Import trace:
  Server Component:
    ./src/app/hero-carousel.tsx
    ./src/app/page.tsx @ http://localhost:3000/_next/static/chunks/node_modules_next_dist_1gdrd03._.js:1945
[   84612ms] [ERROR] ./src/app/hero-carousel.tsx:67:7
Expression expected
  65 |     <ul className="hero-joy-strip" aria-label="Made with care">
  66 |       {["Made from scratch", "A little extra love", "Never just a cak...
> 67 |     </>
     |       ^
  68 |   );
  69 | }
  70 |

Parsing ecmascript source code failed

Import trace:
  Server Component:
    ./src/app/hero-carousel.tsx
    ./src/app/page.tsx @ http://localhost:3000/_next/static/chunks/node_modules_next_dist_1gdrd03._.js:1945
[   84662ms] [ERROR] ./src/app/hero-carousel.tsx:67:7
Expression expected
  65 |     <ul className="hero-joy-strip" aria-label="Made with care">
  66 |       {["Made from scratch", "A little extra love", "Never just a cak...
> 67 |     </>
     |       ^
  68 |   );
  69 | }
  70 |

Parsing ecmascript source code failed

Import trace:
  Server Component:
    ./src/app/hero-carousel.tsx
    ./src/app/page.tsx @ http://localhost:3000/_next/static/chunks/node_modules_next_dist_1gdrd03._.js:1945
[   84726ms] [ERROR] ./src/app/hero-carousel.tsx:67:7
Expression expected
  65 |     <ul className="hero-joy-strip" aria-label="Made with care">
  66 |       {["Made from scratch", "A little extra love", "Never just a cak...
> 67 |     </>
     |       ^
  68 |   );
  69 | }
  70 |

Parsing ecmascript source code failed

Import trace:
  Server Component:
    ./src/app/hero-carousel.tsx
    ./src/app/page.tsx @ http://localhost:3000/_next/static/chunks/node_modules_next_dist_1gdrd03._.js:1945
[   84793ms] [ERROR] ./src/app/hero-carousel.tsx:67:7
Expression expected
  65 |     <ul className="hero-joy-strip" aria-label="Made with care">
  66 |       {["Made from scratch", "A little extra love", "Never just a cak...
> 67 |     </>
     |       ^
  68 |   );
  69 | }
  70 |

Parsing ecmascript source code failed

Import trace:
  Server Component:
    ./src/app/hero-carousel.tsx
    ./src/app/page.tsx @ http://localhost:3000/_next/static/chunks/node_modules_next_dist_1gdrd03._.js:1945
[   84843ms] [ERROR] ./src/app/hero-carousel.tsx:67:7
Expression expected
  65 |     <ul className="hero-joy-strip" aria-label="Made with care">
  66 |       {["Made from scratch", "A little extra love", "Never just a cak...
> 67 |     </>
     |       ^
  68 |   );
  69 | }
  70 |

Parsing ecmascript source code failed

Import trace:
  Server Component:
    ./src/app/hero-carousel.tsx
    ./src/app/page.tsx @ http://localhost:3000/_next/static/chunks/node_modules_next_dist_1gdrd03._.js:1945
[   84893ms] [ERROR] ./src/app/hero-carousel.tsx:67:7
Expression expected
  65 |     <ul className="hero-joy-strip" aria-label="Made with care">
  66 |       {["Made from scratch", "A little extra love", "Never just a cak...
> 67 |     </>
     |       ^
  68 |   );
  69 | }
  70 |

Parsing ecmascript source code failed

Import trace:
  Server Component:
    ./src/app/hero-carousel.tsx
    ./src/app/page.tsx @ http://localhost:3000/_next/static/chunks/node_modules_next_dist_1gdrd03._.js:1945
[   84946ms] [ERROR] ./src/app/hero-carousel.tsx:67:7
Expression expected
  65 |     <ul className="hero-joy-strip" aria-label="Made with care">
  66 |       {["Made from scratch", "A little extra love", "Never just a cak...
> 67 |     </>
     |       ^
  68 |   );
  69 | }
  70 |

Parsing ecmascript source code failed

Import trace:
  Server Component:
    ./src/app/hero-carousel.tsx
    ./src/app/page.tsx @ http://localhost:3000/_next/static/chunks/node_modules_next_dist_1gdrd03._.js:1945
[   84999ms] [ERROR] ./src/app/hero-carousel.tsx:67:7
Expression expected
  65 |     <ul className="hero-joy-strip" aria-label="Made with care">
  66 |       {["Made from scratch", "A little extra love", "Never just a cak...
> 67 |     </>
     |       ^
  68 |   );
  69 | }
  70 |

Parsing ecmascript source code failed

Import trace:
  Server Component:
    ./src/app/hero-carousel.tsx
    ./src/app/page.tsx @ http://localhost:3000/_next/static/chunks/node_modules_next_dist_1gdrd03._.js:1945
[   85060ms] [ERROR] ./src/app/hero-carousel.tsx:67:7
Expression expected
  65 |     <ul className="hero-joy-strip" aria-label="Made with care">
  66 |       {["Made from scratch", "A little extra love", "Never just a cak...
> 67 |     </>
     |       ^
  68 |   );
  69 | }
  70 |

Parsing ecmascript source code failed

Import trace:
  Server Component:
    ./src/app/hero-carousel.tsx
    ./src/app/page.tsx @ http://localhost:3000/_next/static/chunks/node_modules_next_dist_1gdrd03._.js:1945
[   85125ms] [ERROR] ./src/app/hero-carousel.tsx:67:7
Expression expected
  65 |     <ul className="hero-joy-strip" aria-label="Made with care">
  66 |       {["Made from scratch", "A little extra love", "Never just a cak...
> 67 |     </>
     |       ^
  68 |   );
  69 | }
  70 |

Parsing ecmascript source code failed

Import trace:
  Server Component:
    ./src/app/hero-carousel.tsx
    ./src/app/page.tsx @ http://localhost:3000/_next/static/chunks/node_modules_next_dist_1gdrd03._.js:1945
[   85176ms] [ERROR] ./src/app/hero-carousel.tsx:67:7
Expression expected
  65 |     <ul className="hero-joy-strip" aria-label="Made with care">
  66 |       {["Made from scratch", "A little extra love", "Never just a cak...
> 67 |     </>
     |       ^
  68 |   );
  69 | }
  70 |

Parsing ecmascript source code failed

Import trace:
  Server Component:
    ./src/app/hero-carousel.tsx
    ./src/app/page.tsx @ http://localhost:3000/_next/static/chunks/node_modules_next_dist_1gdrd03._.js:1945
[   85226ms] [ERROR] ./src/app/hero-carousel.tsx:67:7
Expression expected
  65 |     <ul className="hero-joy-strip" aria-label="Made with care">
  66 |       {["Made from scratch", "A little extra love", "Never just a cak...
> 67 |     </>
     |       ^
  68 |   );
  69 | }
  70 |

Parsing ecmascript source code failed

Import trace:
  Server Component:
    ./src/app/hero-carousel.tsx
    ./src/app/page.tsx @ http://localhost:3000/_next/static/chunks/node_modules_next_dist_1gdrd03._.js:1945
[   85293ms] [ERROR] ./src/app/hero-carousel.tsx:67:7
Expression expected
  65 |     <ul className="hero-joy-strip" aria-label="Made with care">
  66 |       {["Made from scratch", "A little extra love", "Never just a cak...
> 67 |     </>
     |       ^
  68 |   );
  69 | }
  70 |

Parsing ecmascript source code failed

Import trace:
  Server Component:
    ./src/app/hero-carousel.tsx
    ./src/app/page.tsx @ http://localhost:3000/_next/static/chunks/node_modules_next_dist_1gdrd03._.js:1945
[   85343ms] [ERROR] ./src/app/hero-carousel.tsx:67:7
Expression expected
  65 |     <ul className="hero-joy-strip" aria-label="Made with care">
  66 |       {["Made from scratch", "A little extra love", "Never just a cak...
> 67 |     </>
     |       ^
  68 |   );
  69 | }
  70 |

Parsing ecmascript source code failed

Import trace:
  Server Component:
    ./src/app/hero-carousel.tsx
    ./src/app/page.tsx @ http://localhost:3000/_next/static/chunks/node_modules_next_dist_1gdrd03._.js:1945
[   85395ms] [ERROR] ./src/app/hero-carousel.tsx:67:7
Expression expected
  65 |     <ul className="hero-joy-strip" aria-label="Made with care">
  66 |       {["Made from scratch", "A little extra love", "Never just a cak...
> 67 |     </>
     |       ^
  68 |   );
  69 | }
  70 |

Parsing ecmascript source code failed

Import trace:
  Server Component:
    ./src/app/hero-carousel.tsx
    ./src/app/page.tsx @ http://localhost:3000/_next/static/chunks/node_modules_next_dist_1gdrd03._.js:1945
[   85459ms] [ERROR] ./src/app/hero-carousel.tsx:67:7
Expression expected
  65 |     <ul className="hero-joy-strip" aria-label="Made with care">
  66 |       {["Made from scratch", "A little extra love", "Never just a cak...
> 67 |     </>
     |       ^
  68 |   );
  69 | }
  70 |

Parsing ecmascript source code failed

Import trace:
  Server Component:
    ./src/app/hero-carousel.tsx
    ./src/app/page.tsx @ http://localhost:3000/_next/static/chunks/node_modules_next_dist_1gdrd03._.js:1945
[   85525ms] [ERROR] ./src/app/hero-carousel.tsx:67:7
Expression expected
  65 |     <ul className="hero-joy-strip" aria-label="Made with care">
  66 |       {["Made from scratch", "A little extra love", "Never just a cak...
> 67 |     </>
     |       ^
  68 |   );
  69 | }
  70 |

Parsing ecmascript source code failed

Import trace:
  Server Component:
    ./src/app/hero-carousel.tsx
    ./src/app/page.tsx @ http://localhost:3000/_next/static/chunks/node_modules_next_dist_1gdrd03._.js:1945
[   85575ms] [ERROR] ./src/app/hero-carousel.tsx:67:7
Expression expected
  65 |     <ul className="hero-joy-strip" aria-label="Made with care">
  66 |       {["Made from scratch", "A little extra love", "Never just a cak...
> 67 |     </>
     |       ^
  68 |   );
  69 | }
  70 |

Parsing ecmascript source code failed

Import trace:
  Server Component:
    ./src/app/hero-carousel.tsx
    ./src/app/page.tsx @ http://localhost:3000/_next/static/chunks/node_modules_next_dist_1gdrd03._.js:1945
[   85627ms] [ERROR] ./src/app/hero-carousel.tsx:67:7
Expression expected
  65 |     <ul className="hero-joy-strip" aria-label="Made with care">
  66 |       {["Made from scratch", "A little extra love", "Never just a cak...
> 67 |     </>
     |       ^
  68 |   );
  69 | }
  70 |

Parsing ecmascript source code failed

Import trace:
  Server Component:
    ./src/app/hero-carousel.tsx
    ./src/app/page.tsx @ http://localhost:3000/_next/static/chunks/node_modules_next_dist_1gdrd03._.js:1945
[   85678ms] [ERROR] ./src/app/hero-carousel.tsx:67:7
Expression expected
  65 |     <ul className="hero-joy-strip" aria-label="Made with care">
  66 |       {["Made from scratch", "A little extra love", "Never just a cak...
> 67 |     </>
     |       ^
  68 |   );
  69 | }
  70 |

Parsing ecmascript source code failed

Import trace:
  Server Component:
    ./src/app/hero-carousel.tsx
    ./src/app/page.tsx @ http://localhost:3000/_next/static/chunks/node_modules_next_dist_1gdrd03._.js:1945
[   85741ms] [ERROR] ./src/app/hero-carousel.tsx:67:7
Expression expected
  65 |     <ul className="hero-joy-strip" aria-label="Made with care">
  66 |       {["Made from scratch", "A little extra love", "Never just a cak...
> 67 |     </>
     |       ^
  68 |   );
  69 | }
  70 |

Parsing ecmascript source code failed

Import trace:
  Server Component:
    ./src/app/hero-carousel.tsx
    ./src/app/page.tsx @ http://localhost:3000/_next/static/chunks/node_modules_next_dist_1gdrd03._.js:1945
[   85793ms] [ERROR] ./src/app/hero-carousel.tsx:67:7
Expression expected
  65 |     <ul className="hero-joy-strip" aria-label="Made with care">
  66 |       {["Made from scratch", "A little extra love", "Never just a cak...
> 67 |     </>
     |       ^
  68 |   );
  69 | }
  70 |

Parsing ecmascript source code failed

Import trace:
  Server Component:
    ./src/app/hero-carousel.tsx
    ./src/app/page.tsx @ http://localhost:3000/_next/static/chunks/node_modules_next_dist_1gdrd03._.js:1945
[   85842ms] [ERROR] ./src/app/hero-carousel.tsx:67:7
Expression expected
  65 |     <ul className="hero-joy-strip" aria-label="Made with care">
  66 |       {["Made from scratch", "A little extra love", "Never just a cak...
> 67 |     </>
     |       ^
  68 |   );
  69 | }
  70 |

Parsing ecmascript source code failed

Import trace:
  Server Component:
    ./src/app/hero-carousel.tsx
    ./src/app/page.tsx @ http://localhost:3000/_next/static/chunks/node_modules_next_dist_1gdrd03._.js:1945
[   85892ms] [ERROR] ./src/app/hero-carousel.tsx:67:7
Expression expected
  65 |     <ul className="hero-joy-strip" aria-label="Made with care">
  66 |       {["Made from scratch", "A little extra love", "Never just a cak...
> 67 |     </>
     |       ^
  68 |   );
  69 | }
  70 |

Parsing ecmascript source code failed

Import trace:
  Server Component:
    ./src/app/hero-carousel.tsx
    ./src/app/page.tsx @ http://localhost:3000/_next/static/chunks/node_modules_next_dist_1gdrd03._.js:1945
[   85959ms] [ERROR] ./src/app/hero-carousel.tsx:67:7
Expression expected
  65 |     <ul className="hero-joy-strip" aria-label="Made with care">
  66 |       {["Made from scratch", "A little extra love", "Never just a cak...
> 67 |     </>
     |       ^
  68 |   );
  69 | }
  70 |

Parsing ecmascript source code failed

Import trace:
  Server Component:
    ./src/app/hero-carousel.tsx
    ./src/app/page.tsx @ http://localhost:3000/_next/static/chunks/node_modules_next_dist_1gdrd03._.js:1945
[   86009ms] [ERROR] ./src/app/hero-carousel.tsx:67:7
Expression expected
  65 |     <ul className="hero-joy-strip" aria-label="Made with care">
  66 |       {["Made from scratch", "A little extra love", "Never just a cak...
> 67 |     </>
     |       ^
  68 |   );
  69 | }
  70 |

Parsing ecmascript source code failed

Import trace:
  Server Component:
    ./src/app/hero-carousel.tsx
    ./src/app/page.tsx @ http://localhost:3000/_next/static/chunks/node_modules_next_dist_1gdrd03._.js:1945
[   86059ms] [ERROR] ./src/app/hero-carousel.tsx:67:7
Expression expected
  65 |     <ul className="hero-joy-strip" aria-label="Made with care">
  66 |       {["Made from scratch", "A little extra love", "Never just a cak...
> 67 |     </>
     |       ^
  68 |   );
  69 | }
  70 |

Parsing ecmascript source code failed

Import trace:
  Server Component:
    ./src/app/hero-carousel.tsx
    ./src/app/page.tsx @ http://localhost:3000/_next/static/chunks/node_modules_next_dist_1gdrd03._.js:1945
[   86124ms] [ERROR] ./src/app/hero-carousel.tsx:67:7
Expression expected
  65 |     <ul className="hero-joy-strip" aria-label="Made with care">
  66 |       {["Made from scratch", "A little extra love", "Never just a cak...
> 67 |     </>
     |       ^
  68 |   );
  69 | }
  70 |

Parsing ecmascript source code failed

Import trace:
  Server Component:
    ./src/app/hero-carousel.tsx
    ./src/app/page.tsx @ http://localhost:3000/_next/static/chunks/node_modules_next_dist_1gdrd03._.js:1945
[   86177ms] [ERROR] ./src/app/hero-carousel.tsx:67:7
Expression expected
  65 |     <ul className="hero-joy-strip" aria-label="Made with care">
  66 |       {["Made from scratch", "A little extra love", "Never just a cak...
> 67 |     </>
     |       ^
  68 |   );
  69 | }
  70 |

Parsing ecmascript source code failed

Import trace:
  Server Component:
    ./src/app/hero-carousel.tsx
    ./src/app/page.tsx @ http://localhost:3000/_next/static/chunks/node_modules_next_dist_1gdrd03._.js:1945
[   86230ms] [ERROR] ./src/app/hero-carousel.tsx:67:7
Expression expected
  65 |     <ul className="hero-joy-strip" aria-label="Made with care">
  66 |       {["Made from scratch", "A little extra love", "Never just a cak...
> 67 |     </>
     |       ^
  68 |   );
  69 | }
  70 |

Parsing ecmascript source code failed

Import trace:
  Server Component:
    ./src/app/hero-carousel.tsx
    ./src/app/page.tsx @ http://localhost:3000/_next/static/chunks/node_modules_next_dist_1gdrd03._.js:1945
[   86293ms] [ERROR] ./src/app/hero-carousel.tsx:67:7
Expression expected
  65 |     <ul className="hero-joy-strip" aria-label="Made with care">
  66 |       {["Made from scratch", "A little extra love", "Never just a cak...
> 67 |     </>
     |       ^
  68 |   );
  69 | }
  70 |

Parsing ecmascript source code failed

Import trace:
  Server Component:
    ./src/app/hero-carousel.tsx
    ./src/app/page.tsx @ http://localhost:3000/_next/static/chunks/node_modules_next_dist_1gdrd03._.js:1945
[   86360ms] [ERROR] ./src/app/hero-carousel.tsx:67:7
Expression expected
  65 |     <ul className="hero-joy-strip" aria-label="Made with care">
  66 |       {["Made from scratch", "A little extra love", "Never just a cak...
> 67 |     </>
     |       ^
  68 |   );
  69 | }
  70 |

Parsing ecmascript source code failed

Import trace:
  Server Component:
    ./src/app/hero-carousel.tsx
    ./src/app/page.tsx @ http://localhost:3000/_next/static/chunks/node_modules_next_dist_1gdrd03._.js:1945
[   86411ms] [ERROR] ./src/app/hero-carousel.tsx:67:7
Expression expected
  65 |     <ul className="hero-joy-strip" aria-label="Made with care">
  66 |       {["Made from scratch", "A little extra love", "Never just a cak...
> 67 |     </>
     |       ^
  68 |   );
  69 | }
  70 |

Parsing ecmascript source code failed

Import trace:
  Server Component:
    ./src/app/hero-carousel.tsx
    ./src/app/page.tsx @ http://localhost:3000/_next/static/chunks/node_modules_next_dist_1gdrd03._.js:1945
[   86461ms] [ERROR] ./src/app/hero-carousel.tsx:67:7
Expression expected
  65 |     <ul className="hero-joy-strip" aria-label="Made with care">
  66 |       {["Made from scratch", "A little extra love", "Never just a cak...
> 67 |     </>
     |       ^
  68 |   );
  69 | }
  70 |

Parsing ecmascript source code failed

Import trace:
  Server Component:
    ./src/app/hero-carousel.tsx
    ./src/app/page.tsx @ http://localhost:3000/_next/static/chunks/node_modules_next_dist_1gdrd03._.js:1945
[   86523ms] [ERROR] ./src/app/hero-carousel.tsx:67:7
Expression expected
  65 |     <ul className="hero-joy-strip" aria-label="Made with care">
  66 |       {["Made from scratch", "A little extra love", "Never just a cak...
> 67 |     </>
     |       ^
  68 |   );
  69 | }
  70 |

Parsing ecmascript source code failed

Import trace:
  Server Component:
    ./src/app/hero-carousel.tsx
    ./src/app/page.tsx @ http://localhost:3000/_next/static/chunks/node_modules_next_dist_1gdrd03._.js:1945
[   86578ms] [ERROR] ./src/app/hero-carousel.tsx:67:7
Expression expected
  65 |     <ul className="hero-joy-strip" aria-label="Made with care">
  66 |       {["Made from scratch", "A little extra love", "Never just a cak...
> 67 |     </>
     |       ^
  68 |   );
  69 | }
  70 |

Parsing ecmascript source code failed

Import trace:
  Server Component:
    ./src/app/hero-carousel.tsx
    ./src/app/page.tsx @ http://localhost:3000/_next/static/chunks/node_modules_next_dist_1gdrd03._.js:1945
[   86626ms] [ERROR] ./src/app/hero-carousel.tsx:67:7
Expression expected
  65 |     <ul className="hero-joy-strip" aria-label="Made with care">
  66 |       {["Made from scratch", "A little extra love", "Never just a cak...
> 67 |     </>
     |       ^
  68 |   );
  69 | }
  70 |

Parsing ecmascript source code failed

Import trace:
  Server Component:
    ./src/app/hero-carousel.tsx
    ./src/app/page.tsx @ http://localhost:3000/_next/static/chunks/node_modules_next_dist_1gdrd03._.js:1945
[   86676ms] [ERROR] ./src/app/hero-carousel.tsx:67:7
Expression expected
  65 |     <ul className="hero-joy-strip" aria-label="Made with care">
  66 |       {["Made from scratch", "A little extra love", "Never just a cak...
> 67 |     </>
     |       ^
  68 |   );
  69 | }
  70 |

Parsing ecmascript source code failed

Import trace:
  Server Component:
    ./src/app/hero-carousel.tsx
    ./src/app/page.tsx @ http://localhost:3000/_next/static/chunks/node_modules_next_dist_1gdrd03._.js:1945
[   86726ms] [ERROR] ./src/app/hero-carousel.tsx:67:7
Expression expected
  65 |     <ul className="hero-joy-strip" aria-label="Made with care">
  66 |       {["Made from scratch", "A little extra love", "Never just a cak...
> 67 |     </>
     |       ^
  68 |   );
  69 | }
  70 |

Parsing ecmascript source code failed

Import trace:
  Server Component:
    ./src/app/hero-carousel.tsx
    ./src/app/page.tsx @ http://localhost:3000/_next/static/chunks/node_modules_next_dist_1gdrd03._.js:1945
[   86789ms] [ERROR] ./src/app/hero-carousel.tsx:67:7
Expression expected
  65 |     <ul className="hero-joy-strip" aria-label="Made with care">
  66 |       {["Made from scratch", "A little extra love", "Never just a cak...
> 67 |     </>
     |       ^
  68 |   );
  69 | }
  70 |

Parsing ecmascript source code failed

Import trace:
  Server Component:
    ./src/app/hero-carousel.tsx
    ./src/app/page.tsx @ http://localhost:3000/_next/static/chunks/node_modules_next_dist_1gdrd03._.js:1945
[   86844ms] [ERROR] ./src/app/hero-carousel.tsx:67:7
Expression expected
  65 |     <ul className="hero-joy-strip" aria-label="Made with care">
  66 |       {["Made from scratch", "A little extra love", "Never just a cak...
> 67 |     </>
     |       ^
  68 |   );
  69 | }
  70 |

Parsing ecmascript source code failed

Import trace:
  Server Component:
    ./src/app/hero-carousel.tsx
    ./src/app/page.tsx @ http://localhost:3000/_next/static/chunks/node_modules_next_dist_1gdrd03._.js:1945
[   86899ms] [ERROR] ./src/app/hero-carousel.tsx:67:7
Expression expected
  65 |     <ul className="hero-joy-strip" aria-label="Made with care">
  66 |       {["Made from scratch", "A little extra love", "Never just a cak...
> 67 |     </>
     |       ^
  68 |   );
  69 | }
  70 |

Parsing ecmascript source code failed

Import trace:
  Server Component:
    ./src/app/hero-carousel.tsx
    ./src/app/page.tsx @ http://localhost:3000/_next/static/chunks/node_modules_next_dist_1gdrd03._.js:1945
[   86959ms] [ERROR] ./src/app/hero-carousel.tsx:67:7
Expression expected
  65 |     <ul className="hero-joy-strip" aria-label="Made with care">
  66 |       {["Made from scratch", "A little extra love", "Never just a cak...
> 67 |     </>
     |       ^
  68 |   );
  69 | }
  70 |

Parsing ecmascript source code failed

Import trace:
  Server Component:
    ./src/app/hero-carousel.tsx
    ./src/app/page.tsx @ http://localhost:3000/_next/static/chunks/node_modules_next_dist_1gdrd03._.js:1945
[   87010ms] [ERROR] ./src/app/hero-carousel.tsx:67:7
Expression expected
  65 |     <ul className="hero-joy-strip" aria-label="Made with care">
  66 |       {["Made from scratch", "A little extra love", "Never just a cak...
> 67 |     </>
     |       ^
  68 |   );
  69 | }
  70 |

Parsing ecmascript source code failed

Import trace:
  Server Component:
    ./src/app/hero-carousel.tsx
    ./src/app/page.tsx @ http://localhost:3000/_next/static/chunks/node_modules_next_dist_1gdrd03._.js:1945
[   87077ms] [ERROR] ./src/app/hero-carousel.tsx:67:7
Expression expected
  65 |     <ul className="hero-joy-strip" aria-label="Made with care">
  66 |       {["Made from scratch", "A little extra love", "Never just a cak...
> 67 |     </>
     |       ^
  68 |   );
  69 | }
  70 |

Parsing ecmascript source code failed

Import trace:
  Server Component:
    ./src/app/hero-carousel.tsx
    ./src/app/page.tsx @ http://localhost:3000/_next/static/chunks/node_modules_next_dist_1gdrd03._.js:1945
[   87126ms] [ERROR] ./src/app/hero-carousel.tsx:67:7
Expression expected
  65 |     <ul className="hero-joy-strip" aria-label="Made with care">
  66 |       {["Made from scratch", "A little extra love", "Never just a cak...
> 67 |     </>
     |       ^
  68 |   );
  69 | }
  70 |

Parsing ecmascript source code failed

Import trace:
  Server Component:
    ./src/app/hero-carousel.tsx
    ./src/app/page.tsx @ http://localhost:3000/_next/static/chunks/node_modules_next_dist_1gdrd03._.js:1945
[   87192ms] [ERROR] ./src/app/hero-carousel.tsx:67:7
Expression expected
  65 |     <ul className="hero-joy-strip" aria-label="Made with care">
  66 |       {["Made from scratch", "A little extra love", "Never just a cak...
> 67 |     </>
     |       ^
  68 |   );
  69 | }
  70 |

Parsing ecmascript source code failed

Import trace:
  Server Component:
    ./src/app/hero-carousel.tsx
    ./src/app/page.tsx @ http://localhost:3000/_next/static/chunks/node_modules_next_dist_1gdrd03._.js:1945
[   87244ms] [ERROR] ./src/app/hero-carousel.tsx:67:7
Expression expected
  65 |     <ul className="hero-joy-strip" aria-label="Made with care">
  66 |       {["Made from scratch", "A little extra love", "Never just a cak...
> 67 |     </>
     |       ^
  68 |   );
  69 | }
  70 |

Parsing ecmascript source code failed

Import trace:
  Server Component:
    ./src/app/hero-carousel.tsx
    ./src/app/page.tsx @ http://localhost:3000/_next/static/chunks/node_modules_next_dist_1gdrd03._.js:1945
[   87310ms] [ERROR] ./src/app/hero-carousel.tsx:67:7
Expression expected
  65 |     <ul className="hero-joy-strip" aria-label="Made with care">
  66 |       {["Made from scratch", "A little extra love", "Never just a cak...
> 67 |     </>
     |       ^
  68 |   );
  69 | }
  70 |

Parsing ecmascript source code failed

Import trace:
  Server Component:
    ./src/app/hero-carousel.tsx
    ./src/app/page.tsx @ http://localhost:3000/_next/static/chunks/node_modules_next_dist_1gdrd03._.js:1945
[   87360ms] [ERROR] ./src/app/hero-carousel.tsx:67:7
Expression expected
  65 |     <ul className="hero-joy-strip" aria-label="Made with care">
  66 |       {["Made from scratch", "A little extra love", "Never just a cak...
> 67 |     </>
     |       ^
  68 |   );
  69 | }
  70 |

Parsing ecmascript source code failed

Import trace:
  Server Component:
    ./src/app/hero-carousel.tsx
    ./src/app/page.tsx @ http://localhost:3000/_next/static/chunks/node_modules_next_dist_1gdrd03._.js:1945
[   87410ms] [ERROR] ./src/app/hero-carousel.tsx:67:7
Expression expected
  65 |     <ul className="hero-joy-strip" aria-label="Made with care">
  66 |       {["Made from scratch", "A little extra love", "Never just a cak...
> 67 |     </>
     |       ^
  68 |   );
  69 | }
  70 |

Parsing ecmascript source code failed

Import trace:
  Server Component:
    ./src/app/hero-carousel.tsx
    ./src/app/page.tsx @ http://localhost:3000/_next/static/chunks/node_modules_next_dist_1gdrd03._.js:1945
[   87462ms] [ERROR] ./src/app/hero-carousel.tsx:67:7
Expression expected
  65 |     <ul className="hero-joy-strip" aria-label="Made with care">
  66 |       {["Made from scratch", "A little extra love", "Never just a cak...
> 67 |     </>
     |       ^
  68 |   );
  69 | }
  70 |

Parsing ecmascript source code failed

Import trace:
  Server Component:
    ./src/app/hero-carousel.tsx
    ./src/app/page.tsx @ http://localhost:3000/_next/static/chunks/node_modules_next_dist_1gdrd03._.js:1945
[   87522ms] [ERROR] ./src/app/hero-carousel.tsx:67:7
Expression expected
  65 |     <ul className="hero-joy-strip" aria-label="Made with care">
  66 |       {["Made from scratch", "A little extra love", "Never just a cak...
> 67 |     </>
     |       ^
  68 |   );
  69 | }
  70 |

Parsing ecmascript source code failed

Import trace:
  Server Component:
    ./src/app/hero-carousel.tsx
    ./src/app/page.tsx @ http://localhost:3000/_next/static/chunks/node_modules_next_dist_1gdrd03._.js:1945
[   87577ms] [ERROR] ./src/app/hero-carousel.tsx:67:7
Expression expected
  65 |     <ul className="hero-joy-strip" aria-label="Made with care">
  66 |       {["Made from scratch", "A little extra love", "Never just a cak...
> 67 |     </>
     |       ^
  68 |   );
  69 | }
  70 |

Parsing ecmascript source code failed

Import trace:
  Server Component:
    ./src/app/hero-carousel.tsx
    ./src/app/page.tsx @ http://localhost:3000/_next/static/chunks/node_modules_next_dist_1gdrd03._.js:1945
[   87641ms] [ERROR] ./src/app/hero-carousel.tsx:67:7
Expression expected
  65 |     <ul className="hero-joy-strip" aria-label="Made with care">
  66 |       {["Made from scratch", "A little extra love", "Never just a cak...
> 67 |     </>
     |       ^
  68 |   );
  69 | }
  70 |

Parsing ecmascript source code failed

Import trace:
  Server Component:
    ./src/app/hero-carousel.tsx
    ./src/app/page.tsx @ http://localhost:3000/_next/static/chunks/node_modules_next_dist_1gdrd03._.js:1945
[   87709ms] [ERROR] ./src/app/hero-carousel.tsx:67:7
Expression expected
  65 |     <ul className="hero-joy-strip" aria-label="Made with care">
  66 |       {["Made from scratch", "A little extra love", "Never just a cak...
> 67 |     </>
     |       ^
  68 |   );
  69 | }
  70 |

Parsing ecmascript source code failed

Import trace:
  Server Component:
    ./src/app/hero-carousel.tsx
    ./src/app/page.tsx @ http://localhost:3000/_next/static/chunks/node_modules_next_dist_1gdrd03._.js:1945
[   87760ms] [ERROR] ./src/app/hero-carousel.tsx:67:7
Expression expected
  65 |     <ul className="hero-joy-strip" aria-label="Made with care">
  66 |       {["Made from scratch", "A little extra love", "Never just a cak...
> 67 |     </>
     |       ^
  68 |   );
  69 | }
  70 |

Parsing ecmascript source code failed

Import trace:
  Server Component:
    ./src/app/hero-carousel.tsx
    ./src/app/page.tsx @ http://localhost:3000/_next/static/chunks/node_modules_next_dist_1gdrd03._.js:1945
[   87810ms] [ERROR] ./src/app/hero-carousel.tsx:67:7
Expression expected
  65 |     <ul className="hero-joy-strip" aria-label="Made with care">
  66 |       {["Made from scratch", "A little extra love", "Never just a cak...
> 67 |     </>
     |       ^
  68 |   );
  69 | }
  70 |

Parsing ecmascript source code failed

Import trace:
  Server Component:
    ./src/app/hero-carousel.tsx
    ./src/app/page.tsx @ http://localhost:3000/_next/static/chunks/node_modules_next_dist_1gdrd03._.js:1945
[   87861ms] [ERROR] ./src/app/hero-carousel.tsx:67:7
Expression expected
  65 |     <ul className="hero-joy-strip" aria-label="Made with care">
  66 |       {["Made from scratch", "A little extra love", "Never just a cak...
> 67 |     </>
     |       ^
  68 |   );
  69 | }
  70 |

Parsing ecmascript source code failed

Import trace:
  Server Component:
    ./src/app/hero-carousel.tsx
    ./src/app/page.tsx @ http://localhost:3000/_next/static/chunks/node_modules_next_dist_1gdrd03._.js:1945
[   87925ms] [ERROR] ./src/app/hero-carousel.tsx:67:7
Expression expected
  65 |     <ul className="hero-joy-strip" aria-label="Made with care">
  66 |       {["Made from scratch", "A little extra love", "Never just a cak...
> 67 |     </>
     |       ^
  68 |   );
  69 | }
  70 |

Parsing ecmascript source code failed

Import trace:
  Server Component:
    ./src/app/hero-carousel.tsx
    ./src/app/page.tsx @ http://localhost:3000/_next/static/chunks/node_modules_next_dist_1gdrd03._.js:1945
[   88036ms] [LOG] [Fast Refresh] rebuilding @ http://localhost:3000/_next/static/chunks/node_modules_next_dist_1gdrd03._.js:1226
[   89190ms] [LOG] [Fast Refresh] done in 332ms @ http://localhost:3000/_next/static/chunks/node_modules_next_dist_1gdrd03._.js:1226
[   89371ms] [INFO] %cDownload the React DevTools for a better development experience: https://react.dev/link/react-devtools font-weight:bold @ http://localhost:3000/_next/static/chunks/node_modules_next_dist_1ybzpk2._.js:2489
[   89405ms] [LOG] [HMR] connected @ http://localhost:3000/_next/static/chunks/node_modules_next_dist_1ybzpk2._.js:2489
[   93338ms] [INFO] %cDownload the React DevTools for a better development experience: https://react.dev/link/react-devtools font-weight:bold @ http://localhost:3000/_next/static/chunks/node_modules_next_dist_1ybzpk2._.js:2489
[   93359ms] [LOG] [HMR] connected @ http://localhost:3000/_next/static/chunks/node_modules_next_dist_1ybzpk2._.js:2489
[   93555ms] [LOG] [Fast Refresh] rebuilding @ http://localhost:3000/_next/static/chunks/node_modules_next_dist_1ybzpk2._.js:2489
[   93618ms] [LOG] [Fast Refresh] done in 163ms @ http://localhost:3000/_next/static/chunks/node_modules_next_dist_1ybzpk2._.js:2489
[   95391ms] [LOG] [Fast Refresh] rebuilding @ http://localhost:3000/_next/static/chunks/node_modules_next_dist_1ybzpk2._.js:2489
[   95391ms] [LOG] [Fast Refresh] done in 112ms @ http://localhost:3000/_next/static/chunks/node_modules_next_dist_1ybzpk2._.js:2489
[  103424ms] [LOG] [Fast Refresh] rebuilding @ http://localhost:3000/_next/static/chunks/node_modules_next_dist_1ybzpk2._.js:2489
[  103424ms] [LOG] [Fast Refresh] done in 117ms @ http://localhost:3000/_next/static/chunks/node_modules_next_dist_1ybzpk2._.js:2489
[  159696ms] [LOG] [Fast Refresh] rebuilding @ http://localhost:3000/_next/static/chunks/node_modules_next_dist_1ybzpk2._.js:2489
[  159946ms] [LOG] [Fast Refresh] done in 307ms @ http://localhost:3000/_next/static/chunks/node_modules_next_dist_1ybzpk2._.js:2489
[  483341ms] [LOG] [Fast Refresh] rebuilding @ http://localhost:3000/_next/static/chunks/node_modules_next_dist_1ybzpk2._.js:2489
[  483647ms] [LOG] [Fast Refresh] done in 151ms @ http://localhost:3000/_next/static/chunks/node_modules_next_dist_1ybzpk2._.js:2489
[  527898ms] [LOG] [Fast Refresh] rebuilding @ http://localhost:3000/_next/static/chunks/node_modules_next_dist_1ybzpk2._.js:2489
[  528010ms] [LOG] [Fast Refresh] done in 224ms @ http://localhost:3000/_next/static/chunks/node_modules_next_dist_1ybzpk2._.js:2489
[ 1164548ms] [LOG] [Fast Refresh] rebuilding @ http://localhost:3000/_next/static/chunks/node_modules_next_dist_1ybzpk2._.js:2489
[ 1164590ms] [LOG] [Fast Refresh] done in 143ms @ http://localhost:3000/_next/static/chunks/node_modules_next_dist_1ybzpk2._.js:2489
[ 2642045ms] [ERROR] WebSocket connection to 'ws://localhost:3000/_next/webpack-hmr?id=xp8XvFnGF0_F-JMwFWeBs' failed: Error in connection establishment: net::ERR_CONNECTION_REFUSED @ http://localhost:3000/_next/static/chunks/node_modules_next_dist_client_0r5nbpw._.js:13422
[ 2647111ms] [ERROR] WebSocket connection to 'ws://localhost:3000/_next/webpack-hmr?id=xp8XvFnGF0_F-JMwFWeBs' failed: Error in connection establishment: net::ERR_CONNECTION_REFUSED @ http://localhost:3000/_next/static/chunks/node_modules_next_dist_client_0r5nbpw._.js:13422
[ 2652162ms] [ERROR] WebSocket connection to 'ws://localhost:3000/_next/webpack-hmr?id=xp8XvFnGF0_F-JMwFWeBs' failed: Error in connection establishment: net::ERR_CONNECTION_REFUSED @ http://localhost:3000/_next/static/chunks/node_modules_next_dist_client_0r5nbpw._.js:13422
[ 2657297ms] [ERROR] WebSocket connection to 'ws://localhost:3000/_next/webpack-hmr?id=xp8XvFnGF0_F-JMwFWeBs' failed: Error in connection establishment: net::ERR_CONNECTION_REFUSED @ http://localhost:3000/_next/static/chunks/node_modules_next_dist_client_0r5nbpw._.js:13422
[ 2704748ms] [INFO] %cDownload the React DevTools for a better development experience: https://react.dev/link/react-devtools font-weight:bold @ http://localhost:3000/_next/static/chunks/node_modules_next_dist_1ybzpk2._.js:2489
[ 2704875ms] [LOG] [HMR] connected @ http://localhost:3000/_next/static/chunks/node_modules_next_dist_1ybzpk2._.js:2489
[ 2705025ms] [LOG] [Fast Refresh] rebuilding @ http://localhost:3000/_next/static/chunks/node_modules_next_dist_1ybzpk2._.js:2489
[ 2705045ms] [LOG] [Fast Refresh] done in 127ms @ http://localhost:3000/_next/static/chunks/node_modules_next_dist_1ybzpk2._.js:2489
[ 2745991ms] [LOG] [Fast Refresh] rebuilding @ http://localhost:3000/_next/static/chunks/node_modules_next_dist_1ybzpk2._.js:2489
[ 2750632ms] [LOG] [Fast Refresh] done in 4740ms @ http://localhost:3000/_next/static/chunks/node_modules_next_dist_1ybzpk2._.js:2489
[ 2750741ms] [LOG] [Fast Refresh] rebuilding @ http://localhost:3000/_next/static/chunks/node_modules_next_dist_1ybzpk2._.js:2489
[ 2750890ms] [LOG] [Fast Refresh] done in 257ms @ http://localhost:3000/_next/static/chunks/node_modules_next_dist_1ybzpk2._.js:2489
[ 2751107ms] [LOG] [Fast Refresh] rebuilding @ http://localhost:3000/_next/static/chunks/node_modules_next_dist_1ybzpk2._.js:2489
[ 2751234ms] [LOG] [Fast Refresh] done in 231ms @ http://localhost:3000/_next/static/chunks/node_modules_next_dist_1ybzpk2._.js:2489
[ 2852137ms] [LOG] [Fast Refresh] rebuilding @ http://localhost:3000/_next/static/chunks/node_modules_next_dist_1ybzpk2._.js:2489
[ 2852514ms] [LOG] [Fast Refresh] done in 219ms @ http://localhost:3000/_next/static/chunks/node_modules_next_dist_1ybzpk2._.js:2489
[ 3585468ms] [LOG] [Fast Refresh] rebuilding @ http://localhost:3000/_next/static/chunks/node_modules_next_dist_1ybzpk2._.js:2489
[ 3587307ms] [LOG] [Fast Refresh] done in 1940ms @ http://localhost:3000/_next/static/chunks/node_modules_next_dist_1ybzpk2._.js:2489
[ 3588638ms] [LOG] [Fast Refresh] rebuilding @ http://localhost:3000/_next/static/chunks/node_modules_next_dist_1ybzpk2._.js:2489
[ 3589082ms] [LOG] [Fast Refresh] done in 557ms @ http://localhost:3000/_next/static/chunks/node_modules_next_dist_1ybzpk2._.js:2489
[ 3589359ms] [INFO] %cDownload the React DevTools for a better development experience: https://react.dev/link/react-devtools font-weight:bold @ http://localhost:3000/_next/static/chunks/node_modules_next_dist_1ybzpk2._.js:2489
[ 3589423ms] [LOG] [HMR] connected @ http://localhost:3000/_next/static/chunks/node_modules_next_dist_1ybzpk2._.js:2489
[ 3590183ms] [LOG] [Fast Refresh] rebuilding @ http://localhost:3000/_next/static/chunks/node_modules_next_dist_1ybzpk2._.js:2489
[ 3590246ms] [LOG] [Fast Refresh] done in 168ms @ http://localhost:3000/_next/static/chunks/node_modules_next_dist_1ybzpk2._.js:2489
[ 3695372ms] [LOG] [Fast Refresh] rebuilding @ http://localhost:3000/_next/static/chunks/node_modules_next_dist_1ybzpk2._.js:2489
[ 3695564ms] [LOG] [Fast Refresh] done in 242ms @ http://localhost:3000/_next/static/chunks/node_modules_next_dist_1ybzpk2._.js:2489
[ 3709062ms] [LOG] [Fast Refresh] rebuilding @ http://localhost:3000/_next/static/chunks/node_modules_next_dist_1ybzpk2._.js:2489
[ 3709281ms] [LOG] [Fast Refresh] done in 325ms @ http://localhost:3000/_next/static/chunks/node_modules_next_dist_1ybzpk2._.js:2489
[ 3713456ms] [LOG] [Fast Refresh] rebuilding @ http://localhost:3000/_next/static/chunks/node_modules_next_dist_1ybzpk2._.js:2489
[ 3713561ms] [LOG] [Fast Refresh] done in 215ms @ http://localhost:3000/_next/static/chunks/node_modules_next_dist_1ybzpk2._.js:2489
[ 3713864ms] [LOG] [Fast Refresh] rebuilding @ http://localhost:3000/_next/static/chunks/node_modules_next_dist_1ybzpk2._.js:2489
[ 3713866ms] [LOG] [Fast Refresh] done in 114ms @ http://localhost:3000/_next/static/chunks/node_modules_next_dist_1ybzpk2._.js:2489
[ 3716967ms] [LOG] [Fast Refresh] rebuilding @ http://localhost:3000/_next/static/chunks/node_modules_next_dist_1ybzpk2._.js:2489
[ 3717138ms] [LOG] [Fast Refresh] done in 281ms @ http://localhost:3000/_next/static/chunks/node_modules_next_dist_1ybzpk2._.js:2489
[ 3717510ms] [LOG] [Fast Refresh] rebuilding @ http://localhost:3000/_next/static/chunks/node_modules_next_dist_1ybzpk2._.js:2489
[ 3717568ms] [LOG] [Fast Refresh] done in 165ms @ http://localhost:3000/_next/static/chunks/node_modules_next_dist_1ybzpk2._.js:2489
[ 3872355ms] [LOG] [Fast Refresh] rebuilding @ http://localhost:3000/_next/static/chunks/node_modules_next_dist_1ybzpk2._.js:2489
[ 3880436ms] [LOG] [Fast Refresh] done in 8181ms @ http://localhost:3000/_next/static/chunks/node_modules_next_dist_1ybzpk2._.js:2489
[ 3880945ms] [INFO] %cDownload the React DevTools for a better development experience: https://react.dev/link/react-devtools font-weight:bold @ http://localhost:3000/_next/static/chunks/node_modules_next_dist_1ybzpk2._.js:2489
[ 3881080ms] [LOG] [HMR] connected @ http://localhost:3000/_next/static/chunks/node_modules_next_dist_1ybzpk2._.js:2489
[ 3886598ms] [INFO] %cDownload the React DevTools for a better development experience: https://react.dev/link/react-devtools font-weight:bold @ http://localhost:3000/_next/static/chunks/node_modules_next_dist_1ybzpk2._.js:2489
[ 3886654ms] [LOG] [HMR] connected @ http://localhost:3000/_next/static/chunks/node_modules_next_dist_1ybzpk2._.js:2489
[ 4025788ms] [LOG] [Fast Refresh] rebuilding @ http://localhost:3000/_next/static/chunks/node_modules_next_dist_1ybzpk2._.js:2489
[ 4027922ms] [LOG] [Fast Refresh] done in 2237ms @ http://localhost:3000/_next/static/chunks/node_modules_next_dist_1ybzpk2._.js:2489
[ 4028055ms] [LOG] [Fast Refresh] rebuilding @ http://localhost:3000/_next/static/chunks/node_modules_next_dist_1ybzpk2._.js:2489
[ 4028061ms] [LOG] [Fast Refresh] done in 108ms @ http://localhost:3000/_next/static/chunks/node_modules_next_dist_1ybzpk2._.js:2489
[ 4028176ms] [LOG] [Fast Refresh] rebuilding @ http://localhost:3000/_next/static/chunks/node_modules_next_dist_1ybzpk2._.js:2489
[ 4028210ms] [LOG] [Fast Refresh] done in 149ms @ http://localhost:3000/_next/static/chunks/node_modules_next_dist_1ybzpk2._.js:2489
[ 4028318ms] [LOG] [Fast Refresh] rebuilding @ http://localhost:3000/_next/static/chunks/node_modules_next_dist_1ybzpk2._.js:2489
[ 4028495ms] [INFO] %cDownload the React DevTools for a better development experience: https://react.dev/link/react-devtools font-weight:bold @ http://localhost:3000/_next/static/chunks/node_modules_next_dist_1ybzpk2._.js:2489
[ 4028600ms] [LOG] [HMR] connected @ http://localhost:3000/_next/static/chunks/node_modules_next_dist_1ybzpk2._.js:2489
[ 4035750ms] [INFO] %cDownload the React DevTools for a better development experience: https://react.dev/link/react-devtools font-weight:bold @ http://localhost:3000/_next/static/chunks/node_modules_next_dist_1ybzpk2._.js:2489
[ 4035767ms] [LOG] [HMR] connected @ http://localhost:3000/_next/static/chunks/node_modules_next_dist_1ybzpk2._.js:2489
[ 4108392ms] [LOG] [Fast Refresh] rebuilding @ http://localhost:3000/_next/static/chunks/node_modules_next_dist_1ybzpk2._.js:2489
[ 4108861ms] [LOG] [Fast Refresh] done in 314ms @ http://localhost:3000/_next/static/chunks/node_modules_next_dist_1ybzpk2._.js:2489
[ 4108970ms] [LOG] [Fast Refresh] rebuilding @ http://localhost:3000/_next/static/chunks/node_modules_next_dist_1ybzpk2._.js:2489
[ 4109111ms] [LOG] [Fast Refresh] done in 208ms @ http://localhost:3000/_next/static/chunks/node_modules_next_dist_1ybzpk2._.js:2489
[ 4183635ms] [LOG] [Fast Refresh] rebuilding @ http://localhost:3000/_next/static/chunks/node_modules_next_dist_1ybzpk2._.js:2489
[ 4183893ms] [LOG] [Fast Refresh] done in 361ms @ http://localhost:3000/_next/static/chunks/node_modules_next_dist_1ybzpk2._.js:2489
[ 4184229ms] [LOG] [Fast Refresh] rebuilding @ http://localhost:3000/_next/static/chunks/node_modules_next_dist_1ybzpk2._.js:2489
[ 4184231ms] [LOG] [Fast Refresh] done in 106ms @ http://localhost:3000/_next/static/chunks/node_modules_next_dist_1ybzpk2._.js:2489
[ 4200668ms] [LOG] [Fast Refresh] rebuilding @ http://localhost:3000/_next/static/chunks/node_modules_next_dist_1ybzpk2._.js:2489
[ 4200840ms] [LOG] [Fast Refresh] done in 283ms @ http://localhost:3000/_next/static/chunks/node_modules_next_dist_1ybzpk2._.js:2489
[ 4216054ms] [LOG] [Fast Refresh] rebuilding @ http://localhost:3000/_next/static/chunks/node_modules_next_dist_1ybzpk2._.js:2489
[ 4216209ms] [LOG] [Fast Refresh] done in 261ms @ http://localhost:3000/_next/static/chunks/node_modules_next_dist_1ybzpk2._.js:2489
[ 4226916ms] [LOG] [Fast Refresh] rebuilding @ http://localhost:3000/_next/static/chunks/node_modules_next_dist_1ybzpk2._.js:2489
[ 4227251ms] [LOG] [Fast Refresh] done in 443ms @ http://localhost:3000/_next/static/chunks/node_modules_next_dist_1ybzpk2._.js:2489
[ 4250155ms] [LOG] [Fast Refresh] rebuilding @ http://localhost:3000/_next/static/chunks/node_modules_next_dist_1ybzpk2._.js:2489
[ 4250252ms] [LOG] [Fast Refresh] done in 209ms @ http://localhost:3000/_next/static/chunks/node_modules_next_dist_1ybzpk2._.js:2489
[ 4257342ms] [LOG] [Fast Refresh] rebuilding @ http://localhost:3000/_next/static/chunks/node_modules_next_dist_1ybzpk2._.js:2489
[ 4257355ms] [LOG] [Fast Refresh] done in 116ms @ http://localhost:3000/_next/static/chunks/node_modules_next_dist_1ybzpk2._.js:2489
[ 4303263ms] [LOG] [Fast Refresh] rebuilding @ http://localhost:3000/_next/static/chunks/node_modules_next_dist_1ybzpk2._.js:2489
[ 4303628ms] [LOG] [Fast Refresh] done in 289ms @ http://localhost:3000/_next/static/chunks/node_modules_next_dist_1ybzpk2._.js:2489
[ 4423973ms] [LOG] [Fast Refresh] rebuilding @ http://localhost:3000/_next/static/chunks/node_modules_next_dist_1ybzpk2._.js:2489
[ 4424114ms] [LOG] [Fast Refresh] done in 196ms @ http://localhost:3000/_next/static/chunks/node_modules_next_dist_1ybzpk2._.js:2489
[ 4425611ms] [LOG] [Fast Refresh] rebuilding @ http://localhost:3000/_next/static/chunks/node_modules_next_dist_1ybzpk2._.js:2489
[ 4425694ms] [LOG] [Fast Refresh] done in 191ms @ http://localhost:3000/_next/static/chunks/node_modules_next_dist_1ybzpk2._.js:2489
[ 4425771ms] [INFO] %cDownload the React DevTools for a better development experience: https://react.dev/link/react-devtools font-weight:bold @ http://localhost:3000/_next/static/chunks/node_modules_next_dist_1ybzpk2._.js:2489
[ 4425803ms] [LOG] [HMR] connected @ http://localhost:3000/_next/static/chunks/node_modules_next_dist_1ybzpk2._.js:2489
[ 4426139ms] [LOG] [Fast Refresh] rebuilding @ http://localhost:3000/_next/static/chunks/node_modules_next_dist_1ybzpk2._.js:2489
[ 4426204ms] [LOG] [Fast Refresh] done in 165ms @ http://localhost:3000/_next/static/chunks/node_modules_next_dist_1ybzpk2._.js:2489
[ 4442783ms] [LOG] [Fast Refresh] rebuilding @ http://localhost:3000/_next/static/chunks/node_modules_next_dist_1ybzpk2._.js:2489
[ 4442877ms] [LOG] [Fast Refresh] done in 149ms @ http://localhost:3000/_next/static/chunks/node_modules_next_dist_1ybzpk2._.js:2489
[ 4482514ms] [LOG] [Fast Refresh] rebuilding @ http://localhost:3000/_next/static/chunks/node_modules_next_dist_1ybzpk2._.js:2489
[ 4482716ms] [LOG] [Fast Refresh] done in 258ms @ http://localhost:3000/_next/static/chunks/node_modules_next_dist_1ybzpk2._.js:2489
[ 4515578ms] [LOG] [Fast Refresh] rebuilding @ http://localhost:3000/_next/static/chunks/node_modules_next_dist_1ybzpk2._.js:2489
[ 4515740ms] [LOG] [Fast Refresh] done in 227ms @ http://localhost:3000/_next/static/chunks/node_modules_next_dist_1ybzpk2._.js:2489
[ 4522662ms] [LOG] [Fast Refresh] rebuilding @ http://localhost:3000/_next/static/chunks/node_modules_next_dist_1ybzpk2._.js:2489
[ 4522764ms] [LOG] [Fast Refresh] done in 214ms @ http://localhost:3000/_next/static/chunks/node_modules_next_dist_1ybzpk2._.js:2489
[ 4541129ms] [LOG] [Fast Refresh] rebuilding @ http://localhost:3000/_next/static/chunks/node_modules_next_dist_1ybzpk2._.js:2489
[ 4541266ms] [LOG] [Fast Refresh] done in 180ms @ http://localhost:3000/_next/static/chunks/node_modules_next_dist_1ybzpk2._.js:2489
[ 4628633ms] [LOG] [Fast Refresh] rebuilding @ http://localhost:3000/_next/static/chunks/node_modules_next_dist_1ybzpk2._.js:2489
[ 4628697ms] [LOG] [Fast Refresh] done in 136ms @ http://localhost:3000/_next/static/chunks/node_modules_next_dist_1ybzpk2._.js:2489
[ 4772832ms] [LOG] [Fast Refresh] rebuilding @ http://localhost:3000/_next/static/chunks/node_modules_next_dist_1ybzpk2._.js:2489
[ 4773002ms] [LOG] [Fast Refresh] done in 234ms @ http://localhost:3000/_next/static/chunks/node_modules_next_dist_1ybzpk2._.js:2489
[ 5083243ms] [LOG] [Fast Refresh] rebuilding @ http://localhost:3000/_next/static/chunks/node_modules_next_dist_1ybzpk2._.js:2489
[ 5083591ms] [LOG] [Fast Refresh] done in 461ms @ http://localhost:3000/_next/static/chunks/node_modules_next_dist_1ybzpk2._.js:2489
[ 5084036ms] [LOG] [Fast Refresh] rebuilding @ http://localhost:3000/_next/static/chunks/node_modules_next_dist_1ybzpk2._.js:2489
[ 5084442ms] [LOG] [Fast Refresh] done in 512ms @ http://localhost:3000/_next/static/chunks/node_modules_next_dist_1ybzpk2._.js:2489
[ 5092269ms] [LOG] [Fast Refresh] rebuilding @ http://localhost:3000/_next/static/chunks/node_modules_next_dist_1ybzpk2._.js:2489
[ 5092273ms] [LOG] [Fast Refresh] done in 111ms @ http://localhost:3000/_next/static/chunks/node_modules_next_dist_1ybzpk2._.js:2489
[ 5095773ms] [LOG] [Fast Refresh] rebuilding @ http://localhost:3000/_next/static/chunks/node_modules_next_dist_1ybzpk2._.js:2489
[ 5095788ms] [LOG] [Fast Refresh] done in 119ms @ http://localhost:3000/_next/static/chunks/node_modules_next_dist_1ybzpk2._.js:2489
[ 5114331ms] [LOG] [Fast Refresh] rebuilding @ http://localhost:3000/_next/static/chunks/node_modules_next_dist_1ybzpk2._.js:2489
[ 5114332ms] [LOG] [Fast Refresh] done in 115ms @ http://localhost:3000/_next/static/chunks/node_modules_next_dist_1ybzpk2._.js:2489
[ 5114498ms] [LOG] [Fast Refresh] rebuilding @ http://localhost:3000/_next/static/chunks/node_modules_next_dist_1ybzpk2._.js:2489
[ 5115303ms] [LOG] [Fast Refresh] done in 875ms @ http://localhost:3000/_next/static/chunks/node_modules_next_dist_1ybzpk2._.js:2489
[ 5140197ms] [LOG] [Fast Refresh] rebuilding @ http://localhost:3000/_next/static/chunks/node_modules_next_dist_1ybzpk2._.js:2489
[ 5140213ms] [LOG] [Fast Refresh] done in 127ms @ http://localhost:3000/_next/static/chunks/node_modules_next_dist_1ybzpk2._.js:2489
[ 5148487ms] [LOG] [Fast Refresh] rebuilding @ http://localhost:3000/_next/static/chunks/node_modules_next_dist_1ybzpk2._.js:2489
[ 5148576ms] [LOG] [Fast Refresh] done in 193ms @ http://localhost:3000/_next/static/chunks/node_modules_next_dist_1ybzpk2._.js:2489
[ 5151780ms] [LOG] [Fast Refresh] rebuilding @ http://localhost:3000/_next/static/chunks/node_modules_next_dist_1ybzpk2._.js:2489
[ 5151824ms] [LOG] [Fast Refresh] done in 145ms @ http://localhost:3000/_next/static/chunks/node_modules_next_dist_1ybzpk2._.js:2489
[ 5152263ms] [LOG] [Fast Refresh] rebuilding @ http://localhost:3000/_next/static/chunks/node_modules_next_dist_1ybzpk2._.js:2489
[ 5157330ms] [LOG] [Fast Refresh] done in 5177ms @ http://localhost:3000/_next/static/chunks/node_modules_next_dist_1ybzpk2._.js:2489
[ 5159710ms] [LOG] [Fast Refresh] rebuilding @ http://localhost:3000/_next/static/chunks/node_modules_next_dist_1ybzpk2._.js:2489
[ 5159710ms] [LOG] [Fast Refresh] done in 105ms @ http://localhost:3000/_next/static/chunks/node_modules_next_dist_1ybzpk2._.js:2489
[ 5168430ms] [LOG] [Fast Refresh] rebuilding @ http://localhost:3000/_next/static/chunks/node_modules_next_dist_1ybzpk2._.js:2489
[ 5168570ms] [LOG] [Fast Refresh] done in 209ms @ http://localhost:3000/_next/static/chunks/node_modules_next_dist_1ybzpk2._.js:2489
[ 5195289ms] [LOG] [Fast Refresh] rebuilding @ http://localhost:3000/_next/static/chunks/node_modules_next_dist_1ybzpk2._.js:2489
[ 5195305ms] [LOG] [Fast Refresh] done in 121ms @ http://localhost:3000/_next/static/chunks/node_modules_next_dist_1ybzpk2._.js:2489
[ 5204117ms] [LOG] [Fast Refresh] rebuilding @ http://localhost:3000/_next/static/chunks/node_modules_next_dist_1ybzpk2._.js:2489
[ 5204139ms] [LOG] [Fast Refresh] done in 133ms @ http://localhost:3000/_next/static/chunks/node_modules_next_dist_1ybzpk2._.js:2489
[ 5210477ms] [LOG] [Fast Refresh] rebuilding @ http://localhost:3000/_next/static/chunks/node_modules_next_dist_1ybzpk2._.js:2489
[ 5210500ms] [LOG] [Fast Refresh] done in 130ms @ http://localhost:3000/_next/static/chunks/node_modules_next_dist_1ybzpk2._.js:2489
[ 5211161ms] [LOG] [Fast Refresh] rebuilding @ http://localhost:3000/_next/static/chunks/node_modules_next_dist_1ybzpk2._.js:2489
[ 5211168ms] [LOG] [Fast Refresh] done in 111ms @ http://localhost:3000/_next/static/chunks/node_modules_next_dist_1ybzpk2._.js:2489
[ 5227694ms] [LOG] [Fast Refresh] rebuilding @ http://localhost:3000/_next/static/chunks/node_modules_next_dist_1ybzpk2._.js:2489
[ 5227760ms] [LOG] [Fast Refresh] done in 173ms @ http://localhost:3000/_next/static/chunks/node_modules_next_dist_1ybzpk2._.js:2489
[ 5230466ms] [LOG] [Fast Refresh] rebuilding @ http://localhost:3000/_next/static/chunks/node_modules_next_dist_1ybzpk2._.js:2489
[ 5230483ms] [LOG] [Fast Refresh] done in 118ms @ http://localhost:3000/_next/static/chunks/node_modules_next_dist_1ybzpk2._.js:2489
[ 5231593ms] [LOG] [Fast Refresh] rebuilding @ http://localhost:3000/_next/static/chunks/node_modules_next_dist_1ybzpk2._.js:2489
[ 5231650ms] [LOG] [Fast Refresh] done in 163ms @ http://localhost:3000/_next/static/chunks/node_modules_next_dist_1ybzpk2._.js:2489
[ 5240512ms] [LOG] [Fast Refresh] rebuilding @ http://localhost:3000/_next/static/chunks/node_modules_next_dist_1ybzpk2._.js:2489
[ 5240644ms] [LOG] [Fast Refresh] done in 197ms @ http://localhost:3000/_next/static/chunks/node_modules_next_dist_1ybzpk2._.js:2489
